
--WORKS
INSERT INTO TipoPermanencia(designacaoTipoPermanencia) VALUES ('Permanente');
INSERT INTO TipoPermanencia(designacaoTipoPermanencia) VALUES ('Temporária');

--WORKS
INSERT INTO TipoUnidade(designacaoUnidade) VALUES ('ha');
INSERT INTO TipoUnidade(designacaoUnidade) VALUES ('m2');
INSERT INTO TipoUnidade(designacaoUnidade) VALUES ('m3');
INSERT INTO TipoUnidade(designacaoUnidade) VALUES ('un');
INSERT INTO TipoUnidade(designacaoUnidade) VALUES ('kg');
INSERT INTO TipoUnidade(designacaoUnidade) VALUES ('%');
INSERT INTO TipoUnidade(designacaoUnidade) VALUES ('l/h');
INSERT INTO TipoUnidade(designacaoUnidade) VALUES ('min');
INSERT INTO TipoUnidade(designacaoUnidade) VALUES ('kg/ha');
INSERT INTO TipoUnidade(designacaoUnidade) VALUES ('l/ha');

--WORKS
INSERT INTO TipoEdificio(designacaoTipoEdificio) VALUES ('Armazém');
INSERT INTO TipoEdificio(designacaoTipoEdificio) VALUES ('Garagem');
INSERT INTO TipoEdificio(designacaoTipoEdificio) VALUES ('Rega');
INSERT INTO TipoEdificio(designacaoTipoEdificio) VALUES ('Moinho');

--WORKS
INSERT INTO Edificio(nomeEdificio, designacaoTipoEdificio, designacaoUnidade, dimensao) VALUES ('Espigueiro', 'Armazém', 'm2', 600);
INSERT INTO Edificio(nomeEdificio, designacaoTipoEdificio, designacaoUnidade, dimensao) VALUES ('Armazém novo', 'Armazém', 'm2', 800);
INSERT INTO Edificio(nomeEdificio, designacaoTipoEdificio, designacaoUnidade, dimensao) VALUES ('Armazém grande', 'Garagem', 'm2', 900);
INSERT INTO Edificio(nomeEdificio, designacaoTipoEdificio, designacaoUnidade, dimensao) VALUES ('Moinho', 'Moinho', NULL, 0);
INSERT INTO Edificio(nomeEdificio, designacaoTipoEdificio, designacaoUnidade, dimensao) VALUES ('Tanque do campo grande', 'Rega', 'm3', 18);
INSERT INTO Edificio(nomeEdificio, designacaoTipoEdificio, designacaoUnidade, dimensao) VALUES ('Poço da bouça', 'Rega', 'm3', 35);

--WORKS
INSERT INTO Parcela(nomeParcela, designacaoUnidade, area) VALUES('Campo da bouça', 'ha', 1.2);
INSERT INTO Parcela(nomeParcela, designacaoUnidade, area) VALUES('Campo Grande', 'ha', 3.0);
INSERT INTO Parcela(nomeParcela, designacaoUnidade, area) VALUES('Campo do poço', 'ha', 1.5);
INSERT INTO Parcela(nomeParcela, designacaoUnidade, area) VALUES('Lameiro da ponte', 'ha', 0.8);
INSERT INTO Parcela(nomeParcela, designacaoUnidade, area) VALUES('Lameiro do moinho', 'ha', 1.1);
INSERT INTO Parcela(nomeParcela, designacaoUnidade, area) VALUES('Horta nova', 'ha', 0.3);
INSERT INTO Parcela(nomeParcela, designacaoUnidade, area) VALUES('Vinha', 'ha', 2.0);
INSERT INTO Parcela(nomeParcela, designacaoUnidade, area) VALUES('Campo Novo', 'ha', 1.1);

--WORKS
INSERT INTO PlantaPermanencia(nomeComum, designacaoTipoPermanencia) VALUES ('Ameixoeira','Permanente');
INSERT INTO PlantaPermanencia(nomeComum, designacaoTipoPermanencia) VALUES ('Damasqueiro','Permanente');
INSERT INTO PlantaPermanencia(nomeComum, designacaoTipoPermanencia) VALUES ('Macieira','Permanente');
INSERT INTO PlantaPermanencia(nomeComum, designacaoTipoPermanencia) VALUES ('Pera Nashi','Permanente');
INSERT INTO PlantaPermanencia(nomeComum, designacaoTipoPermanencia) VALUES ('Cenoura','Temporária');
INSERT INTO PlantaPermanencia(nomeComum, designacaoTipoPermanencia) VALUES ('Tremoço','Temporária');
INSERT INTO PlantaPermanencia(nomeComum, designacaoTipoPermanencia) VALUES ('Milho','Temporária');
INSERT INTO PlantaPermanencia(nomeComum, designacaoTipoPermanencia) VALUES ('Oliveira','Permanente');
INSERT INTO PlantaPermanencia(nomeComum, designacaoTipoPermanencia) VALUES ('Nabo','Temporária');
INSERT INTO PlantaPermanencia(nomeComum, designacaoTipoPermanencia) VALUES ('Nabo greleiro','Temporária');
INSERT INTO PlantaPermanencia(nomeComum, designacaoTipoPermanencia) VALUES ('Videira','Permanente');
INSERT INTO PlantaPermanencia(nomeComum, designacaoTipoPermanencia) VALUES ('Abóbora Manteiga','Temporária');

--WORKS
INSERT INTO EstadoOperacao(idEstadoOperacao, designacaoEstadoOperacao) VALUES (1, 'Aprovado');
INSERT INTO EstadoOperacao(idEstadoOperacao, designacaoEstadoOperacao) VALUES (0, 'Pendente');
INSERT INTO EstadoOperacao(idEstadoOperacao, designacaoEstadoOperacao) VALUES (-1, 'Rejeitado');

--WORKS
INSERT INTO Planta(variedade, nomeComum, especie) VALUES ('RAINHA CLAUDIA CARANGUEJEIRA', 'Ameixoeira', 'Prunus domestica');
INSERT INTO Planta(variedade, nomeComum, especie) VALUES ('PRESIDENT', 'Ameixoeira', 'Prunus domestica');
INSERT INTO Planta(variedade, nomeComum, especie) VALUES ('STANLEY', 'Ameixoeira', 'Prunus domestica');
INSERT INTO Planta(variedade, nomeComum, especie) VALUES ('ANGELENO', 'Ameixoeira', 'Prunus domestica');
INSERT INTO Planta(variedade, nomeComum, especie) VALUES ('BLACK BEAUTY', 'Ameixoeira', 'Prunus domestica');
INSERT INTO Planta(variedade, nomeComum, especie) VALUES ('BLACK STAR', 'Ameixoeira','Prunus domestica');
INSERT INTO Planta(variedade, nomeComum, especie) VALUES ('BLACK GOLD', 'Ameixoeira','Prunus domestica');
INSERT INTO Planta(variedade, nomeComum, especie) VALUES ('BLACK DIAMOND', 'Ameixoeira','Prunus domestica');
INSERT INTO Planta(variedade, nomeComum, especie) VALUES ('BLACK AMBER', 'Ameixoeira','Prunus domestica');
INSERT INTO Planta(variedade, nomeComum, especie) VALUES ('BLACK SPLENDOR', 'Ameixoeira','Prunus domestica');
INSERT INTO Planta(variedade, nomeComum, especie) VALUES ('FORTUNA', 'Ameixoeira','Prunus domestica');
INSERT INTO Planta(variedade, nomeComum, especie) VALUES ('FRIAR', 'Ameixoeira','Prunus domestica');
INSERT INTO Planta(variedade, nomeComum, especie) VALUES ('EL DORADO', 'Ameixoeira','Prunus domestica');
INSERT INTO Planta(variedade, nomeComum, especie) VALUES ('ELEPHANT HEART', 'Ameixoeira', 'Prunus domestica');
INSERT INTO Planta(variedade, nomeComum, especie) VALUES ('GOLDEN JAPAN', 'Ameixoeira','Prunus domestica');
INSERT INTO Planta(variedade, nomeComum, especie) VALUES ('HARRY PITCHON', 'Ameixoeira','Prunus domestica');
INSERT INTO Planta(variedade, nomeComum, especie) VALUES ('LAETITIA', 'Ameixoeira','Prunus domestica');
INSERT INTO Planta(variedade, nomeComum, especie) VALUES ('METLEY', 'Ameixoeira','Prunus domestica');
INSERT INTO Planta(variedade, nomeComum, especie) VALUES ('MIRABELLE DE NANCY', 'Ameixoeira','Prunus domestica');
INSERT INTO Planta(variedade, nomeComum, especie) VALUES ('QUEEN ROSE', 'Ameixoeira', 'Prunus domestica');
INSERT INTO Planta(variedade, nomeComum, especie) VALUES ('RED BEAUT', 'Ameixoeira','Prunus domestica');
INSERT INTO Planta(variedade, nomeComum, especie) VALUES ('SANTA ROSA', 'Ameixoeira', 'Prunus domestica');
INSERT INTO Planta(variedade, nomeComum, especie) VALUES ('SHIRO', 'Ameixoeira','Prunus domestica');
INSERT INTO Planta(variedade, nomeComum, especie) VALUES ('SUNGOLD', 'Ameixoeira','Prunus domestica');
INSERT INTO Planta(variedade, nomeComum, especie) VALUES ('WILSON PERFECTION', 'Ameixoeira','Prunus domestica');
INSERT INTO Planta(variedade, nomeComum, especie) VALUES ('AUTUMN GIANT', 'Ameixoeira','Prunus domestica');
INSERT INTO Planta(variedade, nomeComum, especie) VALUES ('BULIDA', 'Damasqueiro','Prunus armeniaca');
INSERT INTO Planta(variedade, nomeComum, especie) VALUES ('CANINO', 'Damasqueiro','Prunus armeniaca');
INSERT INTO Planta(variedade, nomeComum, especie) VALUES ('LIABAUD', 'Damasqueiro','Prunus armeniaca');
INSERT INTO Planta(variedade, nomeComum, especie) VALUES ('MAILLOT JAUNE', 'Damasqueiro','Prunus armeniaca');
INSERT INTO Planta(variedade, nomeComum, especie) VALUES ('POLONAIS', 'Damasqueiro','Prunus armeniaca');
INSERT INTO Planta(variedade, nomeComum, especie) VALUES ('AKANE', 'Macieira','Malus domestica');
INSERT INTO Planta(variedade, nomeComum, especie) VALUES ('BELGOLDEN', 'Macieira','Malus domestica');
INSERT INTO Planta(variedade, nomeComum, especie) VALUES ('BRAVO DE ESMOLFE', 'Macieira','Malus domestica');
INSERT INTO Planta(variedade, nomeComum, especie) VALUES ('CASA NOVA DE ALCOBAÇA', 'Macieira','Malus domestica');
INSERT INTO Planta(variedade, nomeComum, especie) VALUES ('EROVAN', 'Macieira', 'Malus domestica');
INSERT INTO Planta(variedade, nomeComum, especie) VALUES ('FUJI', 'Macieira', 'Malus domestica');
INSERT INTO Planta(variedade, nomeComum, especie) VALUES ('GRANNY SMITH', 'Macieira', 'Malus domestica');
INSERT INTO Planta(variedade, nomeComum, especie) VALUES ('GOLDEN DELICIOUS', 'Macieira', 'Malus domestica');
INSERT INTO Planta(variedade, nomeComum, especie) VALUES ('HI-EARLY', 'Macieira', 'Malus domestica');
INSERT INTO Planta(variedade, nomeComum, especie) VALUES ('JONAGORED', 'Macieira', 'Malus domestica');
INSERT INTO Planta(variedade, nomeComum, especie) VALUES ('LYSGOLDEN', 'Macieira', 'Malus domestica');
INSERT INTO Planta(variedade, nomeComum, especie) VALUES ('MUTSU', 'Macieira','Malus domestica');
INSERT INTO Planta(variedade, nomeComum, especie) VALUES ('PORTA DA LOJA', 'Macieira','Malus domestica');
INSERT INTO Planta(variedade, nomeComum, especie) VALUES ('CANADA', 'Macieira','Malus domestica');
INSERT INTO Planta(variedade, nomeComum, especie) VALUES ('GRAND FAY', 'Macieira','Malus domestica');
INSERT INTO Planta(variedade, nomeComum, especie) VALUES ('RISCADINHA DE PALMELA', 'Macieira','Malus domestica');
INSERT INTO Planta(variedade, nomeComum, especie) VALUES ('ROYAL GALA', 'Macieira', 'Malus domestica');
INSERT INTO Planta(variedade, nomeComum, especie) VALUES ('REDCHIEF', 'Macieira','Malus domestica');
INSERT INTO Planta(variedade, nomeComum, especie) VALUES ('STARKING', 'Macieira','Malus domestica');
INSERT INTO Planta(variedade, nomeComum, especie) VALUES ('SUMMER RED', 'Macieira','Malus domestica');
INSERT INTO Planta(variedade, nomeComum, especie) VALUES ('WELLSPUR DELICIOUS', 'Macieira', 'Malus domestica');
INSERT INTO Planta(variedade, nomeComum, especie) VALUES ('NOIVA', 'Macieira', 'Malus domestica');
INSERT INTO Planta(variedade, nomeComum, especie) VALUES ('OLHO ABERTO', 'Macieira', 'Malus domestica');
INSERT INTO Planta(variedade, nomeComum, especie) VALUES ('CAMOESA ROSA', 'Macieira', 'Malus domestica');
INSERT INTO Planta(variedade, nomeComum, especie) VALUES ('MALÁPIO', 'Macieira','Malus domestica');
INSERT INTO Planta(variedade, nomeComum, especie) VALUES ('GRONHO DOCE', 'Macieira', 'Malus domestica');
INSERT INTO Planta(variedade, nomeComum, especie) VALUES ('PÉ DE BOI ', 'Macieira', 'Malus domestica');
INSERT INTO Planta(variedade, nomeComum, especie) VALUES ('PINOVA', 'Macieira','Malus domestica');
INSERT INTO Planta(variedade, nomeComum, especie) VALUES ('PARDO LINDO', 'Macieira', 'Malus domestica');
INSERT INTO Planta(variedade, nomeComum, especie) VALUES ('PIPO DE BASTO', 'Macieira', 'Malus domestica');
INSERT INTO Planta(variedade, nomeComum, especie) VALUES ('PRIMA', 'Macieira', 'Malus domestica');
INSERT INTO Planta(variedade, nomeComum, especie) VALUES ('QUERINA', 'Macieira','Malus domestica');
INSERT INTO Planta(variedade, nomeComum, especie) VALUES ('VISTA BELLA', 'Macieira', 'Malus domestica');
INSERT INTO Planta(variedade, nomeComum, especie) VALUES ('GOLDEN SMOOTHEE', 'Macieira', 'Malus domestica');
INSERT INTO Planta(variedade, nomeComum, especie) VALUES ('GOLDEN SUPREMA', 'Macieira', 'Malus domestica');
INSERT INTO Planta(variedade, nomeComum, especie) VALUES ('GLOSTER 69', 'Macieira','Malus domestica');
INSERT INTO Planta(variedade, nomeComum, especie) VALUES ('FREEDOM', 'Macieira', 'Malus domestica');
INSERT INTO Planta(variedade, nomeComum, especie) VALUES ('SNINSEIKI', 'Pera Nashi', 'Pyrus pyrifolia');
INSERT INTO Planta(variedade, nomeComum, especie) VALUES ('KUMOI', 'Pera Nashi','Pyrus pyrifolia');
INSERT INTO Planta(variedade, nomeComum, especie) VALUES ('HOSUI', 'Pera Nashi','Pyrus pyrifolia');
INSERT INTO Planta(variedade, nomeComum, especie) VALUES ('NIJISSEIKI', 'Pera Nashi', 'Pyrus pyrifolia');
INSERT INTO Planta(variedade, nomeComum, especie) VALUES ('CARSON HYBRID', 'Cenoura','Daucus carota subsp. Sativus');
INSERT INTO Planta(variedade, nomeComum, especie) VALUES ('RED CORED CHANTENAY', 'Cenoura', 'Daucus carota subsp. Sativus');
INSERT INTO Planta(variedade, nomeComum, especie) VALUES ('DANVERS HALF LONG', 'Cenoura', 'Daucus carota subsp. Sativus');
INSERT INTO Planta(variedade, nomeComum, especie) VALUES ('IMPERATOR 58', 'Cenoura', 'Daucus carota subsp. Sativus');
INSERT INTO Planta(variedade, nomeComum, especie) VALUES ('SUGARSNAX HYBRID', 'Cenoura', 'Daucus carota subsp. Sativus');
INSERT INTO Planta(variedade, nomeComum, especie) VALUES ('NELSON HYBRID', 'Cenoura', 'Daucus carota subsp. Sativus');
INSERT INTO Planta(variedade, nomeComum, especie) VALUES ('SCARLET NANTES', 'Cenoura', 'Daucus carota subsp. Sativus');
INSERT INTO Planta(variedade, nomeComum, especie) VALUES ('AMARELO', 'Tremoço', 'Lupinus luteus');
INSERT INTO Planta(variedade, nomeComum, especie) VALUES ('BRANCO', 'Tremoço','Lupinus albus');
INSERT INTO Planta(variedade, nomeComum, especie) VALUES ('MAS 24.C', 'Milho', 'Zea mays');
INSERT INTO Planta(variedade, nomeComum, especie) VALUES ('DOCE GOLDEN BANTAM', 'Milho', 'Zea mays');
INSERT INTO Planta(variedade, nomeComum, especie) VALUES ('SENHORA CONCEIÇÃO', 'Nabo greleiro', 'Brassica rapa');
INSERT INTO Planta(variedade, nomeComum, especie) VALUES ('COBRANÇOSA', 'Oliveira', 'Olea europaea');
INSERT INTO Planta(variedade, nomeComum, especie) VALUES ('ARBEQUINA', 'Oliveira', 'Olea europaea');
INSERT INTO Planta(variedade, nomeComum, especie) VALUES ('HOJIBLANCA', 'Oliveira', 'Olea europaea');
INSERT INTO Planta(variedade, nomeComum, especie) VALUES ('NEGRINHA DO FREIXO', 'Oliveira', 'Olea europaea');
INSERT INTO Planta(variedade, nomeComum, especie) VALUES ('PICUAL', 'Oliveira','Olea europaea');
INSERT INTO Planta(variedade, nomeComum, especie) VALUES ('MAÇANILHA', 'Oliveira', 'Olea europaea');
INSERT INTO Planta(variedade, nomeComum, especie) VALUES ('CONSERVA DE ELVAS', 'Oliveira', 'Olea europaea');
INSERT INTO Planta(variedade, nomeComum, especie) VALUES ('GALEGA', 'Oliveira', 'Olea europaea');
INSERT INTO Planta(variedade, nomeComum, especie) VALUES ('S. COSME', 'Nabo', 'Brassica rapa');
INSERT INTO Planta(variedade, nomeComum, especie) VALUES ('DONA MARIA', 'Videira','Vitis vinifera');
INSERT INTO Planta(variedade, nomeComum, especie) VALUES ('CARDINAL', 'Videira','Vitis vinifera');
INSERT INTO Planta(variedade, nomeComum, especie) VALUES ('BUTTERNUT', 'Abóbora Manteiga','Cucurbita Moschata');


--WORKS
INSERT INTO TipoAcaoAgricola(designacaoTipoAcaoAgricola) VALUES ('Sementeira/Plantação');
INSERT INTO TipoAcaoAgricola(designacaoTipoAcaoAgricola) VALUES ('Sementeira');
INSERT INTO TipoAcaoAgricola(designacaoTipoAcaoAgricola) VALUES ('Plantação');
INSERT INTO TipoAcaoAgricola(designacaoTipoAcaoAgricola) VALUES ('Poda');
INSERT INTO TipoAcaoAgricola(designacaoTipoAcaoAgricola) VALUES ('Floração');
INSERT INTO TipoAcaoAgricola(designacaoTipoAcaoAgricola) VALUES ('Colheita');

--WORKS
INSERT INTO Classificacao(classificacao) VALUES ('Fitofármaco');
INSERT INTO Classificacao(classificacao) VALUES ('Adubo');
INSERT INTO Classificacao(classificacao) VALUES ('Corretor');
INSERT INTO Classificacao(classificacao) VALUES ('Matéria orgânica');

--WORKS
INSERT INTO Formulacao(estadoMateria) VALUES ('Líquido');
INSERT INTO Formulacao(estadoMateria) VALUES ('Granulado');
INSERT INTO Formulacao(estadoMateria) VALUES ('Pó');
INSERT INTO Formulacao(estadoMateria) VALUES ('Emulsão de óleo em água');
INSERT INTO Formulacao(estadoMateria) VALUES ('Pó molhável');

--WORKS
INSERT INTO MetodoAplicacao(metodoAplicacao) VALUES ('Fungicida');
INSERT INTO MetodoAplicacao(metodoAplicacao) VALUES ('Adubo solo');
INSERT INTO MetodoAplicacao(metodoAplicacao) VALUES ('Adubo foliar+Fertirrega');
INSERT INTO MetodoAplicacao(metodoAplicacao) VALUES ('Adubo foliar');
INSERT INTO MetodoAplicacao(metodoAplicacao) VALUES ('Correção solo');
INSERT INTO MetodoAplicacao(metodoAplicacao) VALUES ('Insecticida');
INSERT INTO MetodoAplicacao(metodoAplicacao) VALUES ('Adubo solo+Adubo foliar');
INSERT INTO MetodoAplicacao(metodoAplicacao) VALUES ('Fertirrega');

--WORKS
INSERT INTO ComponenteQuimico(formulaQuimica) VALUES ('CU');
INSERT INTO ComponenteQuimico(formulaQuimica) VALUES ('S');
INSERT INTO ComponenteQuimico(formulaQuimica) VALUES ('K');
INSERT INTO ComponenteQuimico(formulaQuimica) VALUES ('Mg');
INSERT INTO ComponenteQuimico(formulaQuimica) VALUES ('B');
INSERT INTO ComponenteQuimico(formulaQuimica) VALUES ('Mn');
INSERT INTO ComponenteQuimico(formulaQuimica) VALUES ('CaCO3');
INSERT INTO ComponenteQuimico(formulaQuimica) VALUES ('MgCO3');
INSERT INTO ComponenteQuimico(formulaQuimica) VALUES ('MgO');
INSERT INTO ComponenteQuimico(formulaQuimica) VALUES ('Bacillus pumilus');
INSERT INTO ComponenteQuimico(formulaQuimica) VALUES ('Ácidos gordos (na forma de sais de potássio)');
INSERT INTO ComponenteQuimico(formulaQuimica) VALUES ('Terpenóides');
INSERT INTO ComponenteQuimico(formulaQuimica) VALUES ('Matéria orgânica');
INSERT INTO ComponenteQuimico(formulaQuimica) VALUES ('N');
INSERT INTO ComponenteQuimico(formulaQuimica) VALUES ('P2O5');
INSERT INTO ComponenteQuimico(formulaQuimica) VALUES ('K2O');
INSERT INTO ComponenteQuimico(formulaQuimica) VALUES ('Ca');
INSERT INTO ComponenteQuimico(formulaQuimica) VALUES ('SO3');
INSERT INTO ComponenteQuimico(formulaQuimica) VALUES ('CaO');
INSERT INTO ComponenteQuimico(formulaQuimica) VALUES ('Azoto orgânico');
INSERT INTO ComponenteQuimico(formulaQuimica) VALUES ('Carbono orgânico total');
INSERT INTO ComponenteQuimico(formulaQuimica) VALUES ('Ácidos fúlvicos');

--WORKS
INSERT INTO Stock(idStock,nomeEdificio,designacaoUnidade,quantidade) VALUES (1, 'Armazém novo', 'kg',1880);
INSERT INTO Stock(idStock,nomeEdificio,designacaoUnidade,quantidade) VALUES (2, 'Armazém novo', 'kg',26309);
INSERT INTO Stock(idStock,nomeEdificio,designacaoUnidade,quantidade) VALUES (3, 'Armazém novo', 'kg',0);
INSERT INTO Stock(idStock,nomeEdificio,designacaoUnidade,quantidade) VALUES (4, 'Armazém novo', 'kg',16700);
INSERT INTO Stock(idStock,nomeEdificio,designacaoUnidade,quantidade) VALUES (5, 'Armazém novo', 'kg',25700);
INSERT INTO Stock(idStock,nomeEdificio,designacaoUnidade,quantidade) VALUES (6, 'Armazém novo', 'kg',12500);
INSERT INTO Stock(idStock,nomeEdificio,designacaoUnidade,quantidade) VALUES (7, 'Armazém novo', 'kg',3600);
INSERT INTO Stock(idStock,nomeEdificio,designacaoUnidade,quantidade) VALUES (8, 'Armazém novo', 'kg',0);
INSERT INTO Stock(idStock,nomeEdificio,designacaoUnidade,quantidade) VALUES (9, 'Armazém novo', 'kg',0);
INSERT INTO Stock(idStock,nomeEdificio,designacaoUnidade,quantidade) VALUES (10, 'Armazém novo', 'kg',0);
INSERT INTO Stock(idStock,nomeEdificio,designacaoUnidade,quantidade) VALUES (11, 'Armazém novo', 'kg',0);
INSERT INTO Stock(idStock,nomeEdificio,designacaoUnidade,quantidade) VALUES (12, 'Armazém novo', 'kg',0);
INSERT INTO Stock(idStock,nomeEdificio,designacaoUnidade,quantidade) VALUES (13, 'Armazém novo', 'kg',0);
INSERT INTO Stock(idStock,nomeEdificio,designacaoUnidade,quantidade) VALUES (14, 'Armazém novo', 'kg',0);
INSERT INTO Stock(idStock,nomeEdificio,designacaoUnidade,quantidade) VALUES (15, 'Armazém novo', 'kg',0);
INSERT INTO Stock(idStock,nomeEdificio,designacaoUnidade,quantidade) VALUES (16, 'Armazém novo', 'kg',0);
INSERT INTO Stock(idStock,nomeEdificio,designacaoUnidade,quantidade) VALUES (17, 'Armazém novo', 'kg',0);
INSERT INTO Stock(idStock,nomeEdificio,designacaoUnidade,quantidade) VALUES (18, 'Armazém novo', 'kg',0);
INSERT INTO Stock(idStock,nomeEdificio,designacaoUnidade,quantidade) VALUES (19, 'Armazém novo', 'kg',0);
INSERT INTO Stock(idStock,nomeEdificio,designacaoUnidade,quantidade) VALUES (20, 'Armazém novo', 'kg',0);
INSERT INTO Stock(idStock,nomeEdificio,designacaoUnidade,quantidade) VALUES (21, 'Armazém novo', 'kg',0);
INSERT INTO Stock(idStock,nomeEdificio,designacaoUnidade,quantidade) VALUES (22, 'Armazém novo', 'kg',0);
INSERT INTO Stock(idStock,nomeEdificio,designacaoUnidade,quantidade) VALUES (23, 'Armazém novo', 'kg',0);
INSERT INTO Stock(idStock,nomeEdificio,designacaoUnidade,quantidade) VALUES (24, 'Armazém novo', 'kg',0);
INSERT INTO Stock(idStock,nomeEdificio,designacaoUnidade,quantidade) VALUES (25, 'Armazém novo', 'kg',0);
INSERT INTO Stock(idStock,nomeEdificio,designacaoUnidade,quantidade) VALUES (26, 'Armazém novo', 'kg',13000);

--WORKS
INSERT INTO FatorProducao(nomeComercial, idStock, classificacao, estadoMateria, metodoAplicacao, fabricante, pH) VALUES ('Fertimax Extrume de Cavalo', 19, 'Adubo', 'Granulado', 'Adubo solo', 'Nutrofertil', 6.7);
INSERT INTO FatorProducao(nomeComercial, idStock, classificacao, estadoMateria, metodoAplicacao, fabricante, pH) VALUES ('BIOFERTIL N6', 20, 'Adubo', 'Granulado', 'Adubo solo', 'Nutrofertil', 6.5);
INSERT INTO FatorProducao(nomeComercial, idStock, classificacao, estadoMateria, metodoAplicacao, fabricante, pH) VALUES ('Calda Bordalesa ASCENZA', 8, 'Fitofármaco', 'Pó molhável', 'Fungicida', 'ASCENZA', NULL);
INSERT INTO FatorProducao(nomeComercial, idStock, classificacao, estadoMateria, metodoAplicacao, fabricante, pH) VALUES ('Enxofre Bayer 80 WG', 9, 'Fitofármaco', 'Pó molhável', 'Fungicida', 'Bayer', NULL);
INSERT INTO FatorProducao(nomeComercial, idStock, classificacao, estadoMateria, metodoAplicacao, fabricante, pH) VALUES ('Patentkali', 10, 'Adubo', 'Granulado', 'Adubo solo', 'K+S', NULL);
INSERT INTO FatorProducao(nomeComercial, idStock, classificacao, estadoMateria, metodoAplicacao, fabricante, pH) VALUES ('ESTA Kieserit', 11, 'Adubo', 'Granulado', 'Adubo solo', 'K+S', NULL);
INSERT INTO FatorProducao(nomeComercial, idStock, classificacao, estadoMateria, metodoAplicacao, fabricante, pH) VALUES ('EPSO Microtop', 12, 'Adubo', 'Granulado', 'Adubo foliar+Fertirrega', 'K+S', NULL);
INSERT INTO FatorProducao(nomeComercial, idStock, classificacao, estadoMateria, metodoAplicacao, fabricante, pH) VALUES ('EPSO Top', 13, 'Adubo', 'Granulado', 'Adubo foliar', 'K+S', NULL);
INSERT INTO FatorProducao(nomeComercial, idStock, classificacao, estadoMateria, metodoAplicacao, fabricante, pH) VALUES ('Biocal CaCo3', 14, 'Corretor', 'Granulado', 'Correção solo', 'Biocal', NULL);
INSERT INTO FatorProducao(nomeComercial, idStock, classificacao, estadoMateria, metodoAplicacao, fabricante, pH) VALUES ('Biocal Composto', 15, 'Corretor', 'Pó', 'Correção solo', 'Biocal', NULL);
INSERT INTO FatorProducao(nomeComercial, idStock, classificacao, estadoMateria, metodoAplicacao, fabricante, pH) VALUES ('Sonata', 16, 'Fitofármaco', 'Líquido', 'Fungicida', 'Bayer', NULL);
INSERT INTO FatorProducao(nomeComercial, idStock, classificacao, estadoMateria, metodoAplicacao, fabricante, pH) VALUES ('FLiPPER ', 17, 'Fitofármaco', 'Emulsão de óleo em água', 'Insecticida', 'Bayer', NULL);
INSERT INTO FatorProducao(nomeComercial, idStock, classificacao, estadoMateria, metodoAplicacao, fabricante, pH) VALUES ('Requiem Prime', 18, 'Fitofármaco', 'Líquido', 'Insecticida', 'Bayer', NULL);
INSERT INTO FatorProducao(nomeComercial, idStock, classificacao, estadoMateria, metodoAplicacao, fabricante, pH) VALUES ('Tecniferti MOL', 21, 'Matéria orgânica', 'Líquido', 'Adubo solo+Adubo foliar', 'Tecniferti', NULL);
INSERT INTO FatorProducao(nomeComercial, idStock, classificacao, estadoMateria, metodoAplicacao, fabricante, pH) VALUES ('soluSOP 52', 22, 'Adubo', 'Pó molhável', 'Adubo foliar+Fertirrega', 'K+S', 7);
INSERT INTO FatorProducao(nomeComercial, idStock, classificacao, estadoMateria, metodoAplicacao, fabricante, pH) VALUES ('Floracal Flow SL', 23, 'Adubo', 'Líquido', 'Adubo foliar', 'Plymag', 7.8);
INSERT INTO FatorProducao(nomeComercial, idStock, classificacao, estadoMateria, metodoAplicacao, fabricante, pH) VALUES ('Kiplant AllGrip', 24, 'Adubo', 'Líquido', 'Fertirrega', 'Asfertglobal', NULL);
INSERT INTO FatorProducao(nomeComercial, idStock, classificacao, estadoMateria, metodoAplicacao, fabricante, pH) VALUES ('Cuperdem', 25, 'Adubo', 'Líquido', 'Adubo foliar+Fertirrega', 'Asfertglobal', NULL);

--TO BE TESTED
INSERT INTO ReceitaFertirrega(idReceitaFertirrega) VALUES (10);
INSERT INTO ReceitaFertirrega(idReceitaFertirrega) VALUES (11);

--TO BE TESTED
INSERT INTO CatalogoReceitaFertirrega(idReceitaFertirrega, nomeComercial, designacaoUnidade, quantidade) VALUES (10, 'EPSO Top', 'kg/ha', 1.5);
INSERT INTO CatalogoReceitaFertirrega(idReceitaFertirrega, nomeComercial, designacaoUnidade, quantidade) VALUES (10, 'soluSOP 52', 'kg/ha', 2.5);
INSERT INTO CatalogoReceitaFertirrega(idReceitaFertirrega, nomeComercial, designacaoUnidade, quantidade) VALUES (10, 'Floracal Flow SL', 'l/ha', 1.7);
INSERT INTO CatalogoReceitaFertirrega(idReceitaFertirrega, nomeComercial, designacaoUnidade, quantidade) VALUES (11, 'Tecniferti MOL', 'l/ha', 60);
INSERT INTO CatalogoReceitaFertirrega(idReceitaFertirrega, nomeComercial, designacaoUnidade, quantidade) VALUES (11, 'Kiplant AllGrip', 'l/ha', 2);


--WORKS
INSERT INTO ConstituicaoQuimica(formulaQuimica, nomeComercial, designacaoUnidade, quantidade) VALUES ('CU', 'Calda Bordalesa ASCENZA', '%', 20.0);
INSERT INTO ConstituicaoQuimica(formulaQuimica, nomeComercial, designacaoUnidade, quantidade) VALUES ('S', 'Enxofre Bayer 80 WG', '%', 80.0);
INSERT INTO ConstituicaoQuimica(formulaQuimica, nomeComercial, designacaoUnidade, quantidade) VALUES ('K', 'Patentkali', '%', 24.9);
INSERT INTO ConstituicaoQuimica(formulaQuimica, nomeComercial, designacaoUnidade, quantidade) VALUES ('Mg', 'Patentkali', '%', 6.0);
INSERT INTO ConstituicaoQuimica(formulaQuimica, nomeComercial, designacaoUnidade, quantidade) VALUES ('S', 'Patentkali', '%', 17.6);
INSERT INTO ConstituicaoQuimica(formulaQuimica, nomeComercial, designacaoUnidade, quantidade) VALUES ('Mg', 'ESTA Kieserit', '%', 15.1);
INSERT INTO ConstituicaoQuimica(formulaQuimica, nomeComercial, designacaoUnidade, quantidade) VALUES ('S', 'ESTA Kieserit', '%', 20.8);
INSERT INTO ConstituicaoQuimica(formulaQuimica, nomeComercial, designacaoUnidade, quantidade) VALUES ('Mg', 'EPSO Microtop', '%', 9.0);
INSERT INTO ConstituicaoQuimica(formulaQuimica, nomeComercial, designacaoUnidade, quantidade) VALUES ('S', 'EPSO Microtop', '%', 12.4);
INSERT INTO ConstituicaoQuimica(formulaQuimica, nomeComercial, designacaoUnidade, quantidade) VALUES ('B', 'EPSO Microtop', '%', 0.9);
INSERT INTO ConstituicaoQuimica(formulaQuimica, nomeComercial, designacaoUnidade, quantidade) VALUES ('Mn', 'EPSO Microtop', '%', 1.0);
INSERT INTO ConstituicaoQuimica(formulaQuimica, nomeComercial, designacaoUnidade, quantidade) VALUES ('Mg', 'EPSO Top', '%', 9.6);
INSERT INTO ConstituicaoQuimica(formulaQuimica, nomeComercial, designacaoUnidade, quantidade) VALUES ('S', 'EPSO Top', '%', 13.0);
INSERT INTO ConstituicaoQuimica(formulaQuimica, nomeComercial, designacaoUnidade, quantidade) VALUES ('CaCO3', 'Biocal CaCo3', '%', 88.2);
INSERT INTO ConstituicaoQuimica(formulaQuimica, nomeComercial, designacaoUnidade, quantidade) VALUES ('MgCO3', 'Biocal CaCo3', '%', 1.9);
INSERT INTO ConstituicaoQuimica(formulaQuimica, nomeComercial, designacaoUnidade, quantidade) VALUES ('CaCO3', 'Biocal Composto', '%', 71.7);
INSERT INTO ConstituicaoQuimica(formulaQuimica, nomeComercial, designacaoUnidade, quantidade) VALUES ('MgCO3', 'Biocal Composto', '%', 14.8);
INSERT INTO ConstituicaoQuimica(formulaQuimica, nomeComercial, designacaoUnidade, quantidade) VALUES ('MgO', 'Biocal Composto', '%', 7.9);
INSERT INTO ConstituicaoQuimica(formulaQuimica, nomeComercial, designacaoUnidade, quantidade) VALUES ('Bacillus pumilus', 'Sonata', '%', 97.7);
INSERT INTO ConstituicaoQuimica(formulaQuimica, nomeComercial, designacaoUnidade, quantidade) VALUES ('Ácidos gordos (na forma de sais de potássio)', 'FLiPPER ', '%', 47.8);
INSERT INTO ConstituicaoQuimica(formulaQuimica, nomeComercial, designacaoUnidade, quantidade) VALUES ('Terpenóides', 'Requiem Prime', '%', 14.4);
INSERT INTO ConstituicaoQuimica(formulaQuimica, nomeComercial, designacaoUnidade, quantidade) VALUES ('Matéria orgânica', 'Fertimax Extrume de Cavalo', '%', 50.0);
INSERT INTO ConstituicaoQuimica(formulaQuimica, nomeComercial, designacaoUnidade, quantidade) VALUES ('N', 'Fertimax Extrume de Cavalo', '%', 3.0);
INSERT INTO ConstituicaoQuimica(formulaQuimica, nomeComercial, designacaoUnidade, quantidade) VALUES ('P2O5', 'Fertimax Extrume de Cavalo', '%', 0.8);
INSERT INTO ConstituicaoQuimica(formulaQuimica, nomeComercial, designacaoUnidade, quantidade) VALUES ('K2O', 'Fertimax Extrume de Cavalo', '%', 0.4);
INSERT INTO ConstituicaoQuimica(formulaQuimica, nomeComercial, designacaoUnidade, quantidade) VALUES ('Ca', 'Fertimax Extrume de Cavalo', '%', 1.6);
INSERT INTO ConstituicaoQuimica(formulaQuimica, nomeComercial, designacaoUnidade, quantidade) VALUES ('MgO', 'Fertimax Extrume de Cavalo', '%', 0.3);
INSERT INTO ConstituicaoQuimica(formulaQuimica, nomeComercial, designacaoUnidade, quantidade) VALUES ('B', 'Fertimax Extrume de Cavalo', '%', 0.00004);
INSERT INTO ConstituicaoQuimica(formulaQuimica, nomeComercial, designacaoUnidade, quantidade) VALUES ('Matéria orgânica', 'BIOFERTIL N6', '%', 53.0);
INSERT INTO ConstituicaoQuimica(formulaQuimica, nomeComercial, designacaoUnidade, quantidade) VALUES ('N', 'BIOFERTIL N6', '%', 6.4);
INSERT INTO ConstituicaoQuimica(formulaQuimica, nomeComercial, designacaoUnidade, quantidade) VALUES ('P2O5', 'BIOFERTIL N6', '%', 2.5);
INSERT INTO ConstituicaoQuimica(formulaQuimica, nomeComercial, designacaoUnidade, quantidade) VALUES ('K2O', 'BIOFERTIL N6', '%', 2.4);
INSERT INTO ConstituicaoQuimica(formulaQuimica, nomeComercial, designacaoUnidade, quantidade) VALUES ('Ca', 'BIOFERTIL N6', '%', 0.6);
INSERT INTO ConstituicaoQuimica(formulaQuimica, nomeComercial, designacaoUnidade, quantidade) VALUES ('MgO', 'BIOFERTIL N6', '%', 0.3);
INSERT INTO ConstituicaoQuimica(formulaQuimica, nomeComercial, designacaoUnidade, quantidade) VALUES ('B', 'BIOFERTIL N6', '%', 0.00002);
INSERT INTO ConstituicaoQuimica(formulaQuimica, nomeComercial, designacaoUnidade, quantidade) VALUES ('Matéria orgânica', 'Tecniferti MOL', '%', 27.0);
INSERT INTO ConstituicaoQuimica(formulaQuimica, nomeComercial, designacaoUnidade, quantidade) VALUES ('N', 'Tecniferti MOL', '%', 3.6);
INSERT INTO ConstituicaoQuimica(formulaQuimica, nomeComercial, designacaoUnidade, quantidade) VALUES ('Azoto orgânico', 'Tecniferti MOL', '%', 2.0);
INSERT INTO ConstituicaoQuimica(formulaQuimica, nomeComercial, designacaoUnidade, quantidade) VALUES ('P2O5', 'Tecniferti MOL', '%', 1.0);
INSERT INTO ConstituicaoQuimica(formulaQuimica, nomeComercial, designacaoUnidade, quantidade) VALUES ('K2O', 'Tecniferti MOL', '%', 3.0);
INSERT INTO ConstituicaoQuimica(formulaQuimica, nomeComercial, designacaoUnidade, quantidade) VALUES ('Carbono orgânico total', 'Tecniferti MOL', '%', 15.0);
INSERT INTO ConstituicaoQuimica(formulaQuimica, nomeComercial, designacaoUnidade, quantidade) VALUES ('Ácidos fúlvicos', 'Tecniferti MOL', '%', 10.0);
INSERT INTO ConstituicaoQuimica(formulaQuimica, nomeComercial, designacaoUnidade, quantidade) VALUES ('SO3', 'soluSOP 52', '%', 45.0);
INSERT INTO ConstituicaoQuimica(formulaQuimica, nomeComercial, designacaoUnidade, quantidade) VALUES ('K2O', 'soluSOP 52', '%', 52.5);
INSERT INTO ConstituicaoQuimica(formulaQuimica, nomeComercial, designacaoUnidade, quantidade) VALUES ('CaO', 'Floracal Flow SL', '%', 35.0);
INSERT INTO ConstituicaoQuimica(formulaQuimica, nomeComercial, designacaoUnidade, quantidade) VALUES ('CU', 'Cuperdem', '%', 6.0);


--WORKS
INSERT INTO Setor(idSetor, nomeEdificio, designacaoUnidade, dataInicio, dataFim, caudalMaximo) VALUES (10, 'Tanque do campo grande', 'l/h', TO_DATE('01/02/2017', 'DD/MM/YYYY'), NULL, 2500);
INSERT INTO Setor(idSetor, nomeEdificio, designacaoUnidade, dataInicio, dataFim, caudalMaximo) VALUES (11, 'Tanque do campo grande', 'l/h', TO_DATE('01/05/2017', 'DD/MM/YYYY'), NULL, 1500);
INSERT INTO Setor(idSetor, nomeEdificio, designacaoUnidade, dataInicio, dataFim, caudalMaximo) VALUES (21, 'Tanque do campo grande', 'l/h', TO_DATE('01/05/2017', 'DD/MM/YYYY'), NULL, 3500);
INSERT INTO Setor(idSetor, nomeEdificio, designacaoUnidade, dataInicio, dataFim, caudalMaximo) VALUES (22, 'Tanque do campo grande', 'l/h', TO_DATE('01/05/2019', 'DD/MM/YYYY'), NULL, 3500);
INSERT INTO Setor(idSetor, nomeEdificio, designacaoUnidade, dataInicio, dataFim, caudalMaximo) VALUES (41, 'Tanque do campo grande', 'l/h', TO_DATE('01/04/2023', 'DD/MM/YYYY'), TO_DATE('10/10/2023', 'DD/MM/YYYY'), 2500);
INSERT INTO Setor(idSetor, nomeEdificio, designacaoUnidade, dataInicio, dataFim, caudalMaximo) VALUES (42, 'Tanque do campo grande', 'l/h', TO_DATE('01/04/2023', 'DD/MM/YYYY'), TO_DATE('10/10/2023', 'DD/MM/YYYY'), 3500);

--WORKS
INSERT INTO TipoOperacaoAgricola(designacaoOperacaoAgricola) VALUES ('Aplicação de fator de produção'); --done
INSERT INTO TipoOperacaoAgricola(designacaoOperacaoAgricola) VALUES ('Monda');--not necessary
INSERT INTO TipoOperacaoAgricola(designacaoOperacaoAgricola) VALUES ('Mobilização do solo');--not necessary
INSERT INTO TipoOperacaoAgricola(designacaoOperacaoAgricola) VALUES ('Semeadura');--not necessary
INSERT INTO TipoOperacaoAgricola(designacaoOperacaoAgricola) VALUES ('Plantação'); --necessary
INSERT INTO TipoOperacaoAgricola(designacaoOperacaoAgricola) VALUES ('Rega'); --done
INSERT INTO TipoOperacaoAgricola(designacaoOperacaoAgricola) VALUES ('Poda');--not necessary
INSERT INTO TipoOperacaoAgricola(designacaoOperacaoAgricola) VALUES ('Fertilização'); --done
INSERT INTO TipoOperacaoAgricola(designacaoOperacaoAgricola) VALUES ('Aplicação fitofármaco');
INSERT INTO TipoOperacaoAgricola(designacaoOperacaoAgricola) VALUES ('Sementeira'); --not necessary
INSERT INTO TipoOperacaoAgricola(designacaoOperacaoAgricola) VALUES ('Colheita'); --necessary
INSERT INTO TipoOperacaoAgricola(designacaoOperacaoAgricola) VALUES ('Incorporação no solo'); --not necessary
INSERT INTO TipoOperacaoAgricola(designacaoOperacaoAgricola) VALUES ('Fertirrega'); --not necessary


--WORKS
INSERT INTO CulturaInstalada (dataInicial, nomeParcela, variedade, nomeComum, designacaoUnidade, quantidade,  dataFinal) VALUES (TO_DATE('05/04/2023', 'DD/MM/YYYY') , 'Campo Novo' ,UPPER('Sugarsnax Hybrid'), 'Cenoura', 'ha', 0.50, TO_DATE('28/06/2023', 'DD/MM/YYYY'));
INSERT INTO CulturaInstalada (dataInicial, nomeParcela, variedade, nomeComum, designacaoUnidade, quantidade,  dataFinal) VALUES (TO_DATE('06/04/2023', 'DD/MM/YYYY') , 'Campo Novo' , UPPER('Butternut'), 'Abóbora Manteiga', 'ha', 0.60, TO_DATE('25/09/2023', 'DD/MM/YYYY'));
INSERT INTO CulturaInstalada (dataInicial, nomeParcela, variedade, nomeComum, designacaoUnidade, quantidade,  dataFinal) VALUES (TO_DATE('05/07/2023', 'DD/MM/YYYY') , 'Campo Novo' , UPPER('Danvers Half Long'), 'Cenoura', 'ha', 0.50, TO_DATE('05/10/2023', 'DD/MM/YYYY'));
INSERT INTO CulturaInstalada (dataInicial, nomeParcela, variedade, nomeComum, designacaoUnidade, quantidade,  dataFinal) VALUES (TO_DATE('12/10/2023', 'DD/MM/YYYY') , 'Campo Novo' , UPPER('Amarelo'), 'Tremoço', 'ha', 1.10, NULL);
INSERT INTO CulturaInstalada (dataInicial, nomeParcela, variedade, nomeComum, designacaoUnidade, quantidade,  dataFinal) VALUES (TO_DATE('09/01/2019', 'DD/MM/YYYY') , 'Lameiro do moinho' ,  UPPER('Porta da Loja'), 'Macieira', 'un', 50.00, NULL);
INSERT INTO CulturaInstalada (dataInicial, nomeParcela, variedade, nomeComum, designacaoUnidade, quantidade,  dataFinal) VALUES (TO_DATE('09/01/2019', 'DD/MM/YYYY') , 'Lameiro do moinho' ,  UPPER('Malápio'), 'Macieira', 'un', 20.00, NULL);
INSERT INTO CulturaInstalada (dataInicial, nomeParcela, variedade, nomeComum, designacaoUnidade, quantidade,  dataFinal) VALUES (TO_DATE('10/01/2019', 'DD/MM/YYYY') , 'Lameiro do moinho' , UPPER('Pipo de Basto'), 'Macieira', 'un', 40.00, NULL);
INSERT INTO CulturaInstalada (dataInicial, nomeParcela, variedade, nomeComum, designacaoUnidade, quantidade,  dataFinal) VALUES (TO_DATE('10/01/2019', 'DD/MM/YYYY') , 'Lameiro do moinho' , UPPER('Canada'), 'Macieira', 'un', 30.00, NULL);
INSERT INTO CulturaInstalada (dataInicial, nomeParcela, variedade, nomeComum, designacaoUnidade, quantidade,  dataFinal) VALUES (TO_DATE('11/01/2019', 'DD/MM/YYYY') , 'Lameiro do moinho' , UPPER('Grand Fay'), 'Macieira', 'un', 40.00, NULL);
INSERT INTO CulturaInstalada (dataInicial, nomeParcela, variedade, nomeComum, designacaoUnidade, quantidade,  dataFinal) VALUES (TO_DATE('11/01/2019', 'DD/MM/YYYY') , 'Lameiro do moinho' ,  UPPER('Gronho Doce'), 'Macieira', 'un', 50.00, NULL);
INSERT INTO CulturaInstalada (dataInicial, nomeParcela, variedade, nomeComum, designacaoUnidade, quantidade,  dataFinal) VALUES (TO_DATE('02/10/2016', 'DD/MM/YYYY') , 'Campo Grande' , UPPER('Arbequina'), 'Oliveira', 'un', 40.00, NULL);
INSERT INTO CulturaInstalada (dataInicial, nomeParcela, variedade, nomeComum, designacaoUnidade, quantidade, dataFinal) VALUES (TO_DATE('10/10/2020', 'DD/MM/YYYY') , 'Campo da bouça' ,  UPPER('Amarelo'), 'Tremoço', 'ha', 1.10, TO_DATE('30/03/2021', 'DD/MM/YYYY'));
INSERT INTO CulturaInstalada (dataInicial, nomeParcela, variedade, nomeComum, designacaoUnidade, quantidade, dataFinal) VALUES (TO_DATE('10/04/2021', 'DD/MM/YYYY') , 'Campo da bouça' ,  UPPER('Doce Golden Bantam'), 'Milho', 'ha', 0.90, TO_DATE('12/08/2021', 'DD/MM/YYYY'));
INSERT INTO CulturaInstalada (dataInicial, nomeParcela, variedade, nomeComum, designacaoUnidade, quantidade, dataFinal) VALUES (TO_DATE('03/10/2021', 'DD/MM/YYYY') , 'Campo da bouça' ,  UPPER('Amarelo'), 'Tremoço', 'ha', 1.10, TO_DATE('05/04/2022', 'DD/MM/YYYY'));
INSERT INTO CulturaInstalada (dataInicial, nomeParcela, variedade, nomeComum, designacaoUnidade, quantidade, dataFinal) VALUES (TO_DATE('15/04/2022', 'DD/MM/YYYY') , 'Campo da bouça' ,  UPPER('Doce Golden Bantam'), 'Milho', 'ha', 0.90, TO_DATE('21/08/2022', 'DD/MM/YYYY'));
INSERT INTO CulturaInstalada (dataInicial, nomeParcela, variedade, nomeComum, designacaoUnidade, quantidade, dataFinal) VALUES (TO_DATE('05/04/2020', 'DD/MM/YYYY') , 'Campo do poço' ,  UPPER('MAS 24.C'), 'Milho', 'ha', 1.20, TO_DATE('20/08/2020', 'DD/MM/YYYY'));
INSERT INTO CulturaInstalada (dataInicial, nomeParcela, variedade, nomeComum, designacaoUnidade, quantidade, dataFinal) VALUES (TO_DATE('12/10/2020', 'DD/MM/YYYY') , 'Campo do poço' , UPPER('Amarelo'), 'Tremoço', 'ha', 1.30, TO_DATE('15/03/2021', 'DD/MM/YYYY'));
INSERT INTO CulturaInstalada (dataInicial, nomeParcela, variedade, nomeComum, designacaoUnidade, quantidade, dataFinal) VALUES (TO_DATE('03/04/2021', 'DD/MM/YYYY') , 'Campo do poço' ,  UPPER('MAS 24.C'), 'Milho', 'ha', 1.20, TO_DATE('25/08/2021', 'DD/MM/YYYY'));
INSERT INTO CulturaInstalada (dataInicial, nomeParcela, variedade, nomeComum, designacaoUnidade, quantidade, dataFinal) VALUES (TO_DATE('06/10/2021', 'DD/MM/YYYY') , 'Campo do poço' ,  UPPER('Amarelo'), 'Tremoço', 'ha', 1.30, TO_DATE('19/03/2022', 'DD/MM/YYYY'));
INSERT INTO CulturaInstalada (dataInicial, nomeParcela, variedade, nomeComum, designacaoUnidade, quantidade, dataFinal) VALUES (TO_DATE('08/04/2022', 'DD/MM/YYYY') , 'Campo do poço' ,  UPPER('MAS 24.C'), 'Milho', 'ha', 1.20, TO_DATE('18/08/2022', 'DD/MM/YYYY'));
INSERT INTO CulturaInstalada (dataInicial, nomeParcela, variedade, nomeComum, designacaoUnidade, quantidade, dataFinal) VALUES (TO_DATE('12/10/2022', 'DD/MM/YYYY') , 'Campo do poço' ,  UPPER('Amarelo'), 'Tremoço', 'ha', 1.30, TO_DATE('20/03/2023', 'DD/MM/YYYY'));
INSERT INTO CulturaInstalada (dataInicial, nomeParcela, variedade, nomeComum, designacaoUnidade, quantidade, dataFinal) VALUES (TO_DATE('06/10/2016', 'DD/MM/YYYY') , 'Campo Grande' , UPPER('Galega'), 'Oliveira', 'un', 30.00, NULL);
INSERT INTO CulturaInstalada (dataInicial, nomeParcela, variedade, nomeComum, designacaoUnidade, quantidade, dataFinal) VALUES (TO_DATE('10/10/2016', 'DD/MM/YYYY') , 'Campo Grande' ,  UPPER('Picual'), 'Oliveira', 'un', 20.00, NULL);
INSERT INTO CulturaInstalada (dataInicial, nomeParcela, variedade, nomeComum, designacaoUnidade, quantidade, dataFinal) VALUES (TO_DATE('10/03/2020', 'DD/MM/YYYY') , 'Horta nova' ,  UPPER('Scarlet Nantes'), 'Cenoura', 'ha', 0.15, TO_DATE('15/05/2020', 'DD/MM/YYYY'));
INSERT INTO CulturaInstalada (dataInicial, nomeParcela, variedade, nomeComum, designacaoUnidade, quantidade, dataFinal) VALUES (TO_DATE('02/06/2020', 'DD/MM/YYYY') , 'Horta nova' ,  UPPER('Nelson Hybrid'), 'Cenoura', 'ha', 0.10, TO_DATE('08/09/2020', 'DD/MM/YYYY'));
INSERT INTO CulturaInstalada (dataInicial, nomeParcela, variedade, nomeComum, designacaoUnidade, quantidade, dataFinal) VALUES (TO_DATE('20/09/2020', 'DD/MM/YYYY') , 'Horta nova' ,  UPPER('S. Cosme'), 'Nabo', 'ha', 0.20, TO_DATE('10/01/2021', 'DD/MM/YYYY'));
INSERT INTO CulturaInstalada (dataInicial, nomeParcela, variedade, nomeComum, designacaoUnidade, quantidade, dataFinal) VALUES (TO_DATE('10/03/2021', 'DD/MM/YYYY') , 'Horta nova' ,  UPPER('Sugarsnax Hybrid'), 'Cenoura', 'ha', 0.15, TO_DATE('15/05/2021', 'DD/MM/YYYY'));
INSERT INTO CulturaInstalada (dataInicial, nomeParcela, variedade, nomeComum, designacaoUnidade, quantidade, dataFinal) VALUES (TO_DATE('02/06/2021', 'DD/MM/YYYY') , 'Horta nova' ,  UPPER('Danvers Half Long'), 'Cenoura', 'ha', 0.10, TO_DATE('08/09/2021', 'DD/MM/YYYY'));
INSERT INTO CulturaInstalada (dataInicial, nomeParcela, variedade, nomeComum, designacaoUnidade, quantidade, dataFinal) VALUES (TO_DATE('20/09/2021', 'DD/MM/YYYY') , 'Horta nova' ,  UPPER('S. Cosme'), 'Nabo', 'ha', 0.20, TO_DATE('10/01/2022', 'DD/MM/YYYY'));
INSERT INTO CulturaInstalada (dataInicial, nomeParcela, variedade, nomeComum, designacaoUnidade, quantidade, dataFinal) VALUES (TO_DATE('06/03/2022', 'DD/MM/YYYY') , 'Horta nova' ,  UPPER('Sugarsnax Hybrid'), 'Cenoura', 'ha', 0.15, TO_DATE('16/05/2022', 'DD/MM/YYYY'));
INSERT INTO CulturaInstalada (dataInicial, nomeParcela, variedade, nomeComum, designacaoUnidade, quantidade, dataFinal) VALUES (TO_DATE('30/05/2022', 'DD/MM/YYYY') , 'Horta nova' ,  UPPER('Nelson Hybrid'), 'Cenoura', 'ha', 0.15, TO_DATE('05/09/2022', 'DD/MM/YYYY'));
INSERT INTO CulturaInstalada (dataInicial, nomeParcela, variedade, nomeComum, designacaoUnidade, quantidade, dataFinal) VALUES (TO_DATE('20/09/2022', 'DD/MM/YYYY') , 'Horta nova' ,  UPPER('Senhora Conceição'), 'Nabo greleiro', 'ha', 0.25, TO_DATE('14/01/2023', 'DD/MM/YYYY'));
INSERT INTO CulturaInstalada (dataInicial, nomeParcela, variedade, nomeComum, designacaoUnidade, quantidade, dataFinal) VALUES (TO_DATE('07/01/2017', 'DD/MM/YYYY') , 'Lameiro da ponte' ,  UPPER('Jonagored'), 'Macieira', 'un', 90.00, NULL);
INSERT INTO CulturaInstalada (dataInicial, nomeParcela, variedade, nomeComum, designacaoUnidade, quantidade, dataFinal) VALUES (TO_DATE('08/01/2017', 'DD/MM/YYYY') , 'Lameiro da ponte' ,  UPPER('Fuji'), 'Macieira', 'un', 60.00, NULL);
INSERT INTO CulturaInstalada (dataInicial, nomeParcela, variedade, nomeComum, designacaoUnidade, quantidade, dataFinal) VALUES (TO_DATE('08/01/2017', 'DD/MM/YYYY') , 'Lameiro da ponte' ,  UPPER('Royal Gala'), 'Macieira', 'un', 40.00, NULL);
INSERT INTO CulturaInstalada (dataInicial, nomeParcela, variedade, nomeComum, designacaoUnidade, quantidade, dataFinal) VALUES (TO_DATE('10/12/2018', 'DD/MM/YYYY') , 'Lameiro da ponte' ,  UPPER('Royal Gala'), 'Macieira', 'un', 30.00, NULL);
INSERT INTO CulturaInstalada (dataInicial, nomeParcela, variedade, nomeComum, designacaoUnidade, quantidade, dataFinal) VALUES (TO_DATE('10/01/2018', 'DD/MM/YYYY') , 'Vinha' ,  UPPER('Dona Maria'), 'Videira', 'un', 500.00, NULL);
INSERT INTO CulturaInstalada (dataInicial, nomeParcela, variedade, nomeComum, designacaoUnidade, quantidade, dataFinal) VALUES (TO_DATE('11/01/2018', 'DD/MM/YYYY') , 'Vinha' ,  UPPER('Cardinal'), 'Videira', 'un', 700.00, NULL);
INSERT INTO CulturaInstalada (dataInicial, nomeParcela, variedade, nomeComum, designacaoUnidade, quantidade, dataFinal) VALUES (TO_DATE('12/10/2016', 'DD/MM/YYYY'),'Campo Grande',  UPPER('Arbequina'), 'Oliveira','un',40, NULL);


--WORKS
INSERT INTO Produto(nomeProduto, idStock) VALUES ('Azeitona', 1);
INSERT INTO Produto(nomeProduto, idStock) VALUES ('Maçã', 2);
INSERT INTO Produto(nomeProduto, idStock) VALUES ('Tremoço', 3);
INSERT INTO Produto(nomeProduto, idStock) VALUES ('Milho', 4);
INSERT INTO Produto(nomeProduto, idStock) VALUES ('Cenoura', 5);
INSERT INTO Produto(nomeProduto, idStock) VALUES ('Nabo', 6);
INSERT INTO Produto(nomeProduto, idStock) VALUES ('Uvas', 7);
INSERT INTO Produto(nomeProduto, idStock) VALUES ('Abóbora',  26);

--WORKS
INSERT INTO Producao (nomeProduto, variedade, nomeComum) VALUES ('Tremoço', 'AMARELO', 'Tremoço');
INSERT INTO Producao (nomeProduto, variedade, nomeComum) VALUES ('Milho', 'DOCE GOLDEN BANTAM', 'Milho');
INSERT INTO Producao (nomeProduto, variedade, nomeComum) VALUES ('Milho', 'MAS 24.C', 'Milho');
INSERT INTO Producao (nomeProduto, variedade, nomeComum) VALUES ('Azeitona', 'GALEGA', 'Oliveira');
INSERT INTO Producao (nomeProduto, variedade, nomeComum) VALUES ('Azeitona', 'PICUAL', 'Oliveira');
INSERT INTO Producao (nomeProduto, variedade, nomeComum) VALUES ('Cenoura', 'SCARLET NANTES', 'Cenoura');
INSERT INTO Producao (nomeProduto, variedade, nomeComum) VALUES ('Cenoura', 'NELSON HYBRID', 'Cenoura');
INSERT INTO Producao (nomeProduto, variedade, nomeComum) VALUES ('Nabo', 'S. COSME', 'Nabo');
INSERT INTO Producao (nomeProduto, variedade, nomeComum) VALUES ('Cenoura', 'SUGARSNAX HYBRID', 'Cenoura');
INSERT INTO Producao (nomeProduto, variedade, nomeComum) VALUES ('Cenoura', 'DANVERS HALF LONG', 'Cenoura');
INSERT INTO Producao (nomeProduto, variedade, nomeComum) VALUES ('Nabo', 'SENHORA CONCEIÇÃO', 'Nabo greleiro');
INSERT INTO Producao (nomeProduto, variedade, nomeComum) VALUES ('Maçã', 'JONAGORED', 'Macieira');
INSERT INTO Producao (nomeProduto, variedade, nomeComum) VALUES ('Maçã', 'FUJI', 'Macieira');
INSERT INTO Producao (nomeProduto, variedade, nomeComum) VALUES ('Maçã', 'ROYAL GALA', 'Macieira');
INSERT INTO Producao (nomeProduto, variedade, nomeComum) VALUES ('Uvas', 'DONA MARIA', 'Videira');
INSERT INTO Producao (nomeProduto, variedade, nomeComum) VALUES ('Uvas', 'CARDINAL', 'Videira');
INSERT INTO Producao (nomeProduto, variedade, nomeComum) VALUES ('Abóbora', 'BUTTERNUT', 'Abóbora Manteiga');

--WORKS
INSERT INTO Operacao (idOperacao, designacaoOperacaoAgricola, designacaoUnidade, idEstadoOperacao, quantidade, dataOperacao, instanteRegistoOperacao) VALUES (1, 'Plantação', 'un', 1 ,   30.0,  TO_DATE('06/10/2016', 'DD/MM/YYYY'),CURRENT_TIMESTAMP);
INSERT INTO Operacao (idOperacao, designacaoOperacaoAgricola, designacaoUnidade, idEstadoOperacao, quantidade, dataOperacao, instanteRegistoOperacao) VALUES (2, 'Plantação', 'un', 1 ,   20.0,  TO_DATE('10/10/2016', 'DD/MM/YYYY'),CURRENT_TIMESTAMP);
INSERT INTO Operacao (idOperacao, designacaoOperacaoAgricola, designacaoUnidade, idEstadoOperacao, quantidade, dataOperacao, instanteRegistoOperacao) VALUES (3, 'Plantação', 'un', 1 ,   90.0,  TO_DATE('07/01/2017', 'DD/MM/YYYY'),CURRENT_TIMESTAMP);
INSERT INTO Operacao (idOperacao, designacaoOperacaoAgricola, designacaoUnidade, idEstadoOperacao, quantidade, dataOperacao, instanteRegistoOperacao) VALUES (4, 'Plantação', 'un', 1 ,   60.0,  TO_DATE('08/01/2017', 'DD/MM/YYYY'),CURRENT_TIMESTAMP);
INSERT INTO Operacao (idOperacao, designacaoOperacaoAgricola, designacaoUnidade, idEstadoOperacao, quantidade, dataOperacao, instanteRegistoOperacao) VALUES (5, 'Plantação', 'un', 1 ,   40.0,  TO_DATE('08/01/2017', 'DD/MM/YYYY'),CURRENT_TIMESTAMP);
INSERT INTO Operacao (idOperacao, designacaoOperacaoAgricola, designacaoUnidade, idEstadoOperacao, quantidade, dataOperacao, instanteRegistoOperacao) VALUES (6, 'Rega', 'm3', 1 ,   0.4,  TO_DATE('03/07/2017', 'DD/MM/YYYY'),CURRENT_TIMESTAMP);
INSERT INTO Operacao (idOperacao, designacaoOperacaoAgricola, designacaoUnidade, idEstadoOperacao, quantidade, dataOperacao, instanteRegistoOperacao) VALUES (7, 'Rega', 'm3', 1 ,   0.9,  TO_DATE('03/07/2017', 'DD/MM/YYYY'),CURRENT_TIMESTAMP);
INSERT INTO Operacao (idOperacao, designacaoOperacaoAgricola, designacaoUnidade, idEstadoOperacao, quantidade, dataOperacao, instanteRegistoOperacao) VALUES (8, 'Rega', 'm3', 1 ,   3.0,  TO_DATE('10/07/2017', 'DD/MM/YYYY'),CURRENT_TIMESTAMP);
INSERT INTO Operacao (idOperacao, designacaoOperacaoAgricola, designacaoUnidade, idEstadoOperacao, quantidade, dataOperacao, instanteRegistoOperacao) VALUES (9, 'Rega', 'm3',  1 ,  3.0,  TO_DATE('10/07/2017', 'DD/MM/YYYY'),CURRENT_TIMESTAMP);
INSERT INTO Operacao (idOperacao, designacaoOperacaoAgricola, designacaoUnidade, idEstadoOperacao, quantidade, dataOperacao, instanteRegistoOperacao) VALUES (10, 'Rega', 'm3', 1 ,   3.0,  TO_DATE('10/07/2017', 'DD/MM/YYYY'),CURRENT_TIMESTAMP);
INSERT INTO Operacao (idOperacao, designacaoOperacaoAgricola, designacaoUnidade, idEstadoOperacao, quantidade, dataOperacao, instanteRegistoOperacao) VALUES (11, 'Rega', 'm3', 1 ,   0.4,  TO_DATE('10/08/2017', 'DD/MM/YYYY'),CURRENT_TIMESTAMP);
INSERT INTO Operacao (idOperacao, designacaoOperacaoAgricola, designacaoUnidade, idEstadoOperacao, quantidade, dataOperacao, instanteRegistoOperacao) VALUES (12, 'Rega', 'm3', 1 ,   0.9,  TO_DATE('10/08/2017', 'DD/MM/YYYY'),CURRENT_TIMESTAMP);
INSERT INTO Operacao (idOperacao, designacaoOperacaoAgricola, designacaoUnidade, idEstadoOperacao, quantidade, dataOperacao, instanteRegistoOperacao) VALUES (13, 'Rega', 'm3', 1 ,   3.5,  TO_DATE('10/08/2017', 'DD/MM/YYYY'),CURRENT_TIMESTAMP);
INSERT INTO Operacao (idOperacao, designacaoOperacaoAgricola, designacaoUnidade, idEstadoOperacao, quantidade, dataOperacao, instanteRegistoOperacao) VALUES (14, 'Rega', 'm3', 1 ,   3.5,  TO_DATE('10/08/2017', 'DD/MM/YYYY'),CURRENT_TIMESTAMP);
INSERT INTO Operacao (idOperacao, designacaoOperacaoAgricola, designacaoUnidade, idEstadoOperacao, quantidade, dataOperacao, instanteRegistoOperacao) VALUES (15, 'Rega', 'm3', 1 ,   3.5,  TO_DATE('10/08/2017', 'DD/MM/YYYY'),CURRENT_TIMESTAMP);
INSERT INTO Operacao (idOperacao, designacaoOperacaoAgricola, designacaoUnidade, idEstadoOperacao, quantidade, dataOperacao, instanteRegistoOperacao) VALUES (16, 'Rega', 'm3', 1 ,   3.0,  TO_DATE('10/09/2017', 'DD/MM/YYYY'),CURRENT_TIMESTAMP);
INSERT INTO Operacao (idOperacao, designacaoOperacaoAgricola, designacaoUnidade, idEstadoOperacao, quantidade, dataOperacao, instanteRegistoOperacao) VALUES (17, 'Rega', 'm3', 1 ,   3.0,  TO_DATE('10/09/2017', 'DD/MM/YYYY'),CURRENT_TIMESTAMP);
INSERT INTO Operacao (idOperacao, designacaoOperacaoAgricola, designacaoUnidade, idEstadoOperacao, quantidade, dataOperacao, instanteRegistoOperacao) VALUES (18, 'Rega', 'm3', 1 ,   3.0,  TO_DATE('10/09/2017', 'DD/MM/YYYY'),CURRENT_TIMESTAMP);
INSERT INTO Operacao (idOperacao, designacaoOperacaoAgricola, designacaoUnidade, idEstadoOperacao, quantidade, dataOperacao, instanteRegistoOperacao) VALUES (19, 'Poda', 'un', 1 ,   30.0,  TO_DATE('04/11/2017', 'DD/MM/YYYY'),CURRENT_TIMESTAMP);
INSERT INTO Operacao (idOperacao, designacaoOperacaoAgricola, designacaoUnidade, idEstadoOperacao, quantidade, dataOperacao, instanteRegistoOperacao) VALUES (20, 'Poda', 'un', 1 ,   20.0,  TO_DATE('04/11/2017', 'DD/MM/YYYY'),CURRENT_TIMESTAMP);
INSERT INTO Operacao (idOperacao, designacaoOperacaoAgricola, designacaoUnidade, idEstadoOperacao, quantidade, dataOperacao, instanteRegistoOperacao) VALUES (21, 'Fertilização', 'kg', 1 ,   15.0,  TO_DATE('10/12/2017', 'DD/MM/YYYY'),CURRENT_TIMESTAMP);
INSERT INTO Operacao (idOperacao, designacaoOperacaoAgricola, designacaoUnidade, idEstadoOperacao, quantidade, dataOperacao, instanteRegistoOperacao) VALUES (22, 'Fertilização', 'kg', 1 ,   10.0,  TO_DATE('10/12/2017', 'DD/MM/YYYY'),CURRENT_TIMESTAMP);
INSERT INTO Operacao (idOperacao, designacaoOperacaoAgricola, designacaoUnidade, idEstadoOperacao, quantidade, dataOperacao, instanteRegistoOperacao) VALUES (23, 'Poda', 'un', 1 ,   90.0,  TO_DATE('07/01/2018', 'DD/MM/YYYY'),CURRENT_TIMESTAMP);
INSERT INTO Operacao (idOperacao, designacaoOperacaoAgricola, designacaoUnidade, idEstadoOperacao, quantidade, dataOperacao, instanteRegistoOperacao) VALUES (24, 'Poda', 'un', 1 ,   60.0,  TO_DATE('08/01/2018', 'DD/MM/YYYY'),CURRENT_TIMESTAMP);
INSERT INTO Operacao (idOperacao, designacaoOperacaoAgricola, designacaoUnidade, idEstadoOperacao, quantidade, dataOperacao, instanteRegistoOperacao) VALUES (25, 'Poda', 'un', 1 ,   40.0,  TO_DATE('08/01/2018', 'DD/MM/YYYY'),CURRENT_TIMESTAMP);
INSERT INTO Operacao (idOperacao, designacaoOperacaoAgricola, designacaoUnidade, idEstadoOperacao, quantidade, dataOperacao, instanteRegistoOperacao) VALUES (26, 'Plantação', 'un', 1 ,   500.0,  TO_DATE('10/01/2018', 'DD/MM/YYYY'),CURRENT_TIMESTAMP);
INSERT INTO Operacao (idOperacao, designacaoOperacaoAgricola, designacaoUnidade, idEstadoOperacao, quantidade, dataOperacao, instanteRegistoOperacao) VALUES (27, 'Plantação', 'un', 1 ,   700.0,  TO_DATE('11/01/2018', 'DD/MM/YYYY'),CURRENT_TIMESTAMP);
INSERT INTO Operacao (idOperacao, designacaoOperacaoAgricola, designacaoUnidade, idEstadoOperacao, quantidade, dataOperacao, instanteRegistoOperacao) VALUES (28, 'Fertilização', 'kg', 1 ,   10.0,  TO_DATE('06/02/2018', 'DD/MM/YYYY'),CURRENT_TIMESTAMP);
INSERT INTO Operacao (idOperacao, designacaoOperacaoAgricola, designacaoUnidade, idEstadoOperacao, quantidade, dataOperacao, instanteRegistoOperacao) VALUES (29, 'Fertilização', 'kg', 1 ,   6.0,  TO_DATE('06/02/2018', 'DD/MM/YYYY'),CURRENT_TIMESTAMP);
INSERT INTO Operacao (idOperacao, designacaoOperacaoAgricola, designacaoUnidade, idEstadoOperacao, quantidade, dataOperacao, instanteRegistoOperacao) VALUES (30, 'Fertilização', 'kg',  1 ,  5.0,  TO_DATE('06/02/2018', 'DD/MM/YYYY'),CURRENT_TIMESTAMP);
INSERT INTO Operacao (idOperacao, designacaoOperacaoAgricola, designacaoUnidade, idEstadoOperacao, quantidade, dataOperacao, instanteRegistoOperacao) VALUES (31, 'Rega', 'm3', 1 ,   1.0,  TO_DATE('03/07/2018', 'DD/MM/YYYY'),CURRENT_TIMESTAMP);
INSERT INTO Operacao (idOperacao, designacaoOperacaoAgricola, designacaoUnidade, idEstadoOperacao, quantidade, dataOperacao, instanteRegistoOperacao) VALUES (32, 'Rega', 'm3', 1 ,   1.5,  TO_DATE('03/07/2018', 'DD/MM/YYYY'),CURRENT_TIMESTAMP);
INSERT INTO Operacao (idOperacao, designacaoOperacaoAgricola, designacaoUnidade, idEstadoOperacao, quantidade, dataOperacao, instanteRegistoOperacao) VALUES (33, 'Rega', 'm3',  1 ,  3.5,  TO_DATE('10/07/2018', 'DD/MM/YYYY'),CURRENT_TIMESTAMP);
INSERT INTO Operacao (idOperacao, designacaoOperacaoAgricola, designacaoUnidade, idEstadoOperacao, quantidade, dataOperacao, instanteRegistoOperacao) VALUES (34, 'Rega', 'm3', 1 ,   3.5,  TO_DATE('10/07/2018', 'DD/MM/YYYY'),CURRENT_TIMESTAMP);
INSERT INTO Operacao (idOperacao, designacaoOperacaoAgricola, designacaoUnidade, idEstadoOperacao, quantidade, dataOperacao, instanteRegistoOperacao) VALUES (35, 'Rega', 'm3', 1 ,   3.5,  TO_DATE('10/07/2018', 'DD/MM/YYYY'),CURRENT_TIMESTAMP);
INSERT INTO Operacao (idOperacao, designacaoOperacaoAgricola, designacaoUnidade, idEstadoOperacao, quantidade, dataOperacao, instanteRegistoOperacao) VALUES (36, 'Rega', 'm3', 1 ,   6.0,  TO_DATE('10/07/2018', 'DD/MM/YYYY'),CURRENT_TIMESTAMP);
INSERT INTO Operacao (idOperacao, designacaoOperacaoAgricola, designacaoUnidade, idEstadoOperacao, quantidade, dataOperacao, instanteRegistoOperacao) VALUES (37, 'Rega', 'm3', 1 ,   6.0,  TO_DATE('10/07/2018', 'DD/MM/YYYY'),CURRENT_TIMESTAMP);
INSERT INTO Operacao (idOperacao, designacaoOperacaoAgricola, designacaoUnidade, idEstadoOperacao, quantidade, dataOperacao, instanteRegistoOperacao) VALUES (38, 'Rega', 'm3', 1 ,   1.0,  TO_DATE('10/08/2018', 'DD/MM/YYYY'),CURRENT_TIMESTAMP);
INSERT INTO Operacao (idOperacao, designacaoOperacaoAgricola, designacaoUnidade, idEstadoOperacao, quantidade, dataOperacao, instanteRegistoOperacao) VALUES (39, 'Rega', 'm3', 1 ,   1.5,  TO_DATE('10/08/2018', 'DD/MM/YYYY'),CURRENT_TIMESTAMP);
INSERT INTO Operacao (idOperacao, designacaoOperacaoAgricola, designacaoUnidade, idEstadoOperacao, quantidade, dataOperacao, instanteRegistoOperacao) VALUES (40, 'Rega', 'm3', 1 ,   4.0,  TO_DATE('10/08/2018', 'DD/MM/YYYY'),CURRENT_TIMESTAMP);
INSERT INTO Operacao (idOperacao, designacaoOperacaoAgricola, designacaoUnidade, idEstadoOperacao, quantidade, dataOperacao, instanteRegistoOperacao) VALUES (41, 'Rega', 'm3', 1 ,   4.0,  TO_DATE('10/08/2018', 'DD/MM/YYYY'),CURRENT_TIMESTAMP);
INSERT INTO Operacao (idOperacao, designacaoOperacaoAgricola, designacaoUnidade, idEstadoOperacao, quantidade, dataOperacao, instanteRegistoOperacao) VALUES (42, 'Rega', 'm3', 1 ,   4.0,  TO_DATE('10/08/2018', 'DD/MM/YYYY'),CURRENT_TIMESTAMP);
INSERT INTO Operacao (idOperacao, designacaoOperacaoAgricola, designacaoUnidade, idEstadoOperacao, quantidade, dataOperacao, instanteRegistoOperacao) VALUES (43, 'Rega', 'm3', 1 ,   7.0,  TO_DATE('11/08/2018', 'DD/MM/YYYY'),CURRENT_TIMESTAMP);
INSERT INTO Operacao (idOperacao, designacaoOperacaoAgricola, designacaoUnidade, idEstadoOperacao, quantidade, dataOperacao, instanteRegistoOperacao) VALUES (44, 'Rega', 'm3', 1 ,   7.0,  TO_DATE('11/08/2018', 'DD/MM/YYYY'),CURRENT_TIMESTAMP);
INSERT INTO Operacao (idOperacao, designacaoOperacaoAgricola, designacaoUnidade, idEstadoOperacao, quantidade, dataOperacao, instanteRegistoOperacao) VALUES (45, 'Rega', 'm3', 1 ,   4.0,  TO_DATE('02/09/2018', 'DD/MM/YYYY'),CURRENT_TIMESTAMP);
INSERT INTO Operacao (idOperacao, designacaoOperacaoAgricola, designacaoUnidade, idEstadoOperacao, quantidade, dataOperacao, instanteRegistoOperacao) VALUES (46, 'Rega', 'm3', 1 ,   4.0,  TO_DATE('02/09/2018', 'DD/MM/YYYY'),CURRENT_TIMESTAMP);
INSERT INTO Operacao (idOperacao, designacaoOperacaoAgricola, designacaoUnidade, idEstadoOperacao, quantidade, dataOperacao, instanteRegistoOperacao) VALUES (47, 'Rega', 'm3', 1 ,   4.0,  TO_DATE('02/09/2018', 'DD/MM/YYYY'),CURRENT_TIMESTAMP);
INSERT INTO Operacao (idOperacao, designacaoOperacaoAgricola, designacaoUnidade, idEstadoOperacao, quantidade, dataOperacao, instanteRegistoOperacao) VALUES (48, 'Rega', 'm3', 1 ,   4.0,  TO_DATE('10/09/2018', 'DD/MM/YYYY'),CURRENT_TIMESTAMP);
INSERT INTO Operacao (idOperacao, designacaoOperacaoAgricola, designacaoUnidade, idEstadoOperacao, quantidade, dataOperacao, instanteRegistoOperacao) VALUES (49, 'Rega', 'm3', 1 ,   4.0,  TO_DATE('10/09/2018', 'DD/MM/YYYY'),CURRENT_TIMESTAMP);
INSERT INTO Operacao (idOperacao, designacaoOperacaoAgricola, designacaoUnidade, idEstadoOperacao, quantidade, dataOperacao, instanteRegistoOperacao) VALUES (50, 'Rega', 'm3',  1 ,  4.0,  TO_DATE('10/09/2018', 'DD/MM/YYYY'),CURRENT_TIMESTAMP);
INSERT INTO Operacao (idOperacao, designacaoOperacaoAgricola, designacaoUnidade, idEstadoOperacao, quantidade, dataOperacao, instanteRegistoOperacao) VALUES (51, 'Poda', 'un', 1 ,   30.0,  TO_DATE('17/11/2018', 'DD/MM/YYYY'),CURRENT_TIMESTAMP);
INSERT INTO Operacao (idOperacao, designacaoOperacaoAgricola, designacaoUnidade, idEstadoOperacao, quantidade, dataOperacao, instanteRegistoOperacao) VALUES (52, 'Poda', 'un', 1 ,   20.0,  TO_DATE('17/11/2018', 'DD/MM/YYYY'),CURRENT_TIMESTAMP);
INSERT INTO Operacao (idOperacao, designacaoOperacaoAgricola, designacaoUnidade, idEstadoOperacao, quantidade, dataOperacao, instanteRegistoOperacao) VALUES (53, 'Plantação', 'un', 1,  30.0,  TO_DATE('10/12/2018', 'DD/MM/YYYY'),CURRENT_TIMESTAMP);
INSERT INTO Operacao (idOperacao, designacaoOperacaoAgricola, designacaoUnidade, idEstadoOperacao, quantidade, dataOperacao, instanteRegistoOperacao) VALUES (54, 'Poda', 'un', 1 ,   500.0,  TO_DATE('16/12/2018', 'DD/MM/YYYY'),CURRENT_TIMESTAMP);
INSERT INTO Operacao (idOperacao, designacaoOperacaoAgricola, designacaoUnidade, idEstadoOperacao, quantidade, dataOperacao, instanteRegistoOperacao) VALUES (55, 'Poda', 'un', 1 ,   700.0,  TO_DATE('18/12/2018', 'DD/MM/YYYY'),CURRENT_TIMESTAMP);
INSERT INTO Operacao (idOperacao, designacaoOperacaoAgricola, designacaoUnidade, idEstadoOperacao, quantidade, dataOperacao, instanteRegistoOperacao) VALUES (56, 'Poda', 'un', 1 ,   90.0,  TO_DATE('07/01/2019', 'DD/MM/YYYY'),CURRENT_TIMESTAMP);
INSERT INTO Operacao (idOperacao, designacaoOperacaoAgricola, designacaoUnidade, idEstadoOperacao, quantidade, dataOperacao, instanteRegistoOperacao) VALUES (57, 'Poda', 'un', 1 ,   60.0,  TO_DATE('08/01/2019', 'DD/MM/YYYY'),CURRENT_TIMESTAMP);
INSERT INTO Operacao (idOperacao, designacaoOperacaoAgricola, designacaoUnidade, idEstadoOperacao, quantidade, dataOperacao, instanteRegistoOperacao) VALUES (58, 'Poda', 'un', 1 ,   40.0,  TO_DATE('08/01/2019', 'DD/MM/YYYY'),CURRENT_TIMESTAMP);
INSERT INTO Operacao (idOperacao, designacaoOperacaoAgricola, designacaoUnidade, idEstadoOperacao, quantidade, dataOperacao, instanteRegistoOperacao) VALUES (59, 'Poda', 'un', 1 ,   40.0,  TO_DATE('08/01/2019', 'DD/MM/YYYY'),CURRENT_TIMESTAMP);
INSERT INTO Operacao (idOperacao, designacaoOperacaoAgricola, designacaoUnidade, idEstadoOperacao, quantidade, dataOperacao, instanteRegistoOperacao) VALUES (60, 'Aplicação fitofármaco', 'kg', 1 ,   2.0,  TO_DATE('20/01/2019', 'DD/MM/YYYY'),CURRENT_TIMESTAMP);
INSERT INTO Operacao (idOperacao, designacaoOperacaoAgricola, designacaoUnidade, idEstadoOperacao, quantidade, dataOperacao, instanteRegistoOperacao) VALUES (61, 'Aplicação fitofármaco', 'kg', 1 ,   2.5,  TO_DATE('20/01/2019', 'DD/MM/YYYY'),CURRENT_TIMESTAMP);
INSERT INTO Operacao (idOperacao, designacaoOperacaoAgricola, designacaoUnidade, idEstadoOperacao, quantidade, dataOperacao, instanteRegistoOperacao) VALUES (62, 'Fertilização', 'kg', 1 ,   10.0,  TO_DATE('06/02/2019', 'DD/MM/YYYY'),CURRENT_TIMESTAMP);
INSERT INTO Operacao (idOperacao, designacaoOperacaoAgricola, designacaoUnidade, idEstadoOperacao, quantidade, dataOperacao, instanteRegistoOperacao) VALUES (63, 'Fertilização', 'kg', 1 ,   5.0,  TO_DATE('06/02/2019', 'DD/MM/YYYY'),CURRENT_TIMESTAMP);
INSERT INTO Operacao (idOperacao, designacaoOperacaoAgricola, designacaoUnidade, idEstadoOperacao, quantidade, dataOperacao, instanteRegistoOperacao) VALUES (64, 'Fertilização', 'kg', 1 ,   7.0,  TO_DATE('06/02/2019', 'DD/MM/YYYY'),CURRENT_TIMESTAMP);
INSERT INTO Operacao (idOperacao, designacaoOperacaoAgricola, designacaoUnidade, idEstadoOperacao, quantidade, dataOperacao, instanteRegistoOperacao) VALUES (65, 'Fertilização', 'kg', 1 ,   7.0,  TO_DATE('06/02/2019', 'DD/MM/YYYY'),CURRENT_TIMESTAMP);
INSERT INTO Operacao (idOperacao, designacaoOperacaoAgricola, designacaoUnidade, idEstadoOperacao, quantidade, dataOperacao, instanteRegistoOperacao) VALUES (66, 'Rega', 'm3', 1 ,   1.0,  TO_DATE('03/07/2019', 'DD/MM/YYYY'),CURRENT_TIMESTAMP);
INSERT INTO Operacao (idOperacao, designacaoOperacaoAgricola, designacaoUnidade, idEstadoOperacao, quantidade, dataOperacao, instanteRegistoOperacao) VALUES (67, 'Rega', 'm3', 1 ,   1.5,  TO_DATE('03/07/2019', 'DD/MM/YYYY'),CURRENT_TIMESTAMP);
INSERT INTO Operacao (idOperacao, designacaoOperacaoAgricola, designacaoUnidade, idEstadoOperacao, quantidade, dataOperacao, instanteRegistoOperacao) VALUES (68, 'Rega', 'm3', 1 ,   4.0,  TO_DATE('03/07/2019', 'DD/MM/YYYY'),CURRENT_TIMESTAMP);
INSERT INTO Operacao (idOperacao, designacaoOperacaoAgricola, designacaoUnidade, idEstadoOperacao, quantidade, dataOperacao, instanteRegistoOperacao) VALUES (69, 'Rega', 'm3', 1 ,   4.0,  TO_DATE('03/07/2019', 'DD/MM/YYYY'),CURRENT_TIMESTAMP);
INSERT INTO Operacao (idOperacao, designacaoOperacaoAgricola, designacaoUnidade, idEstadoOperacao, quantidade, dataOperacao, instanteRegistoOperacao) VALUES (70, 'Rega', 'm3', 1 ,   4.0,  TO_DATE('03/07/2019', 'DD/MM/YYYY'),CURRENT_TIMESTAMP);
INSERT INTO Operacao (idOperacao, designacaoOperacaoAgricola, designacaoUnidade, idEstadoOperacao, quantidade, dataOperacao, instanteRegistoOperacao) VALUES (71, 'Rega', 'm3', 1 ,   4.0,  TO_DATE('03/07/2019', 'DD/MM/YYYY'),CURRENT_TIMESTAMP);
INSERT INTO Operacao (idOperacao, designacaoOperacaoAgricola, designacaoUnidade, idEstadoOperacao, quantidade, dataOperacao, instanteRegistoOperacao) VALUES (72, 'Rega', 'm3', 1 ,   6.0,  TO_DATE('10/07/2019', 'DD/MM/YYYY'),CURRENT_TIMESTAMP);
INSERT INTO Operacao (idOperacao, designacaoOperacaoAgricola, designacaoUnidade, idEstadoOperacao, quantidade, dataOperacao, instanteRegistoOperacao) VALUES (73, 'Rega', 'm3', 1 ,   6.0,  TO_DATE('10/07/2019', 'DD/MM/YYYY'),CURRENT_TIMESTAMP);
INSERT INTO Operacao (idOperacao, designacaoOperacaoAgricola, designacaoUnidade, idEstadoOperacao, quantidade, dataOperacao, instanteRegistoOperacao) VALUES (74, 'Rega', 'm3', 1 ,   1.0,  TO_DATE('10/08/2019', 'DD/MM/YYYY'),CURRENT_TIMESTAMP);
INSERT INTO Operacao (idOperacao, designacaoOperacaoAgricola, designacaoUnidade, idEstadoOperacao, quantidade, dataOperacao, instanteRegistoOperacao) VALUES (75, 'Rega', 'm3', 1 ,   1.5,  TO_DATE('10/08/2019', 'DD/MM/YYYY'),CURRENT_TIMESTAMP);
INSERT INTO Operacao (idOperacao, designacaoOperacaoAgricola, designacaoUnidade, idEstadoOperacao, quantidade, dataOperacao, instanteRegistoOperacao) VALUES (76, 'Rega', 'm3', 1 ,   4.0,  TO_DATE('10/08/2019', 'DD/MM/YYYY'),CURRENT_TIMESTAMP);
INSERT INTO Operacao (idOperacao, designacaoOperacaoAgricola, designacaoUnidade, idEstadoOperacao, quantidade, dataOperacao, instanteRegistoOperacao) VALUES (77, 'Rega', 'm3', 1 ,   4.0,  TO_DATE('10/08/2019', 'DD/MM/YYYY'),CURRENT_TIMESTAMP);
INSERT INTO Operacao (idOperacao, designacaoOperacaoAgricola, designacaoUnidade, idEstadoOperacao, quantidade, dataOperacao, instanteRegistoOperacao) VALUES (78, 'Rega', 'm3', 1 ,   4.0,  TO_DATE('10/08/2019', 'DD/MM/YYYY'),CURRENT_TIMESTAMP);
INSERT INTO Operacao (idOperacao, designacaoOperacaoAgricola, designacaoUnidade, idEstadoOperacao, quantidade, dataOperacao, instanteRegistoOperacao) VALUES (79, 'Rega', 'm3', 1 ,   4.0,  TO_DATE('10/08/2019', 'DD/MM/YYYY'),CURRENT_TIMESTAMP);
INSERT INTO Operacao (idOperacao, designacaoOperacaoAgricola, designacaoUnidade, idEstadoOperacao, quantidade, dataOperacao, instanteRegistoOperacao) VALUES (80, 'Rega', 'm3', 1 ,   7.0,  TO_DATE('11/08/2019', 'DD/MM/YYYY'),CURRENT_TIMESTAMP);
INSERT INTO Operacao (idOperacao, designacaoOperacaoAgricola, designacaoUnidade, idEstadoOperacao, quantidade, dataOperacao, instanteRegistoOperacao) VALUES (81, 'Rega', 'm3', 1 ,   7.0,  TO_DATE('11/08/2019', 'DD/MM/YYYY'),CURRENT_TIMESTAMP);
INSERT INTO Operacao (idOperacao, designacaoOperacaoAgricola, designacaoUnidade, idEstadoOperacao, quantidade, dataOperacao, instanteRegistoOperacao) VALUES (82, 'Poda', 'un', 1 ,   30.0,  TO_DATE('15/11/2019', 'DD/MM/YYYY'),CURRENT_TIMESTAMP);
INSERT INTO Operacao (idOperacao, designacaoOperacaoAgricola, designacaoUnidade, idEstadoOperacao, quantidade, dataOperacao, instanteRegistoOperacao) VALUES (83, 'Poda', 'un', 1 ,   20.0,  TO_DATE('15/11/2019', 'DD/MM/YYYY'),CURRENT_TIMESTAMP);
INSERT INTO Operacao (idOperacao, designacaoOperacaoAgricola, designacaoUnidade, idEstadoOperacao, quantidade, dataOperacao, instanteRegistoOperacao) VALUES (84, 'Poda', 'un', 1 ,   500.0,  TO_DATE('16/12/2019', 'DD/MM/YYYY'),CURRENT_TIMESTAMP);
INSERT INTO Operacao (idOperacao, designacaoOperacaoAgricola, designacaoUnidade, idEstadoOperacao, quantidade, dataOperacao, instanteRegistoOperacao) VALUES (85, 'Poda', 'un', 1 ,   700.0,  TO_DATE('18/12/2019', 'DD/MM/YYYY'),CURRENT_TIMESTAMP);
INSERT INTO Operacao (idOperacao, designacaoOperacaoAgricola, designacaoUnidade, idEstadoOperacao, quantidade, dataOperacao, instanteRegistoOperacao) VALUES (86, 'Aplicação fitofármaco', 'kg', 1 ,   2.0,  TO_DATE('20/01/2020', 'DD/MM/YYYY'),CURRENT_TIMESTAMP);
INSERT INTO Operacao (idOperacao, designacaoOperacaoAgricola, designacaoUnidade, idEstadoOperacao, quantidade, dataOperacao, instanteRegistoOperacao) VALUES (87, 'Aplicação fitofármaco', 'kg', 1 ,   2.5,  TO_DATE('20/01/2020', 'DD/MM/YYYY'),CURRENT_TIMESTAMP);
INSERT INTO Operacao (idOperacao, designacaoOperacaoAgricola, designacaoUnidade, idEstadoOperacao, quantidade, dataOperacao, instanteRegistoOperacao) VALUES (88, 'Sementeira', 'kg', 1 ,   0.9,  TO_DATE('12/03/2020', 'DD/MM/YYYY'),CURRENT_TIMESTAMP);
INSERT INTO Operacao (idOperacao, designacaoOperacaoAgricola, designacaoUnidade, idEstadoOperacao, quantidade, dataOperacao, instanteRegistoOperacao) VALUES (89, 'Fertilização', 'kg', 1 ,   600.0,  TO_DATE('30/03/2020', 'DD/MM/YYYY'),CURRENT_TIMESTAMP);
INSERT INTO Operacao (idOperacao, designacaoOperacaoAgricola, designacaoUnidade, idEstadoOperacao, quantidade, dataOperacao, instanteRegistoOperacao) VALUES (90, 'Sementeira', 'ha', 1 ,   1.2,  TO_DATE('05/04/2020', 'DD/MM/YYYY'),CURRENT_TIMESTAMP);
INSERT INTO Operacao (idOperacao, designacaoOperacaoAgricola, designacaoUnidade, idEstadoOperacao, quantidade, dataOperacao, instanteRegistoOperacao) VALUES (91, 'Colheita', 'kg', 1 ,   2200.0,  TO_DATE('05/05/2020', 'DD/MM/YYYY'),CURRENT_TIMESTAMP);
INSERT INTO Operacao (idOperacao, designacaoOperacaoAgricola, designacaoUnidade, idEstadoOperacao, quantidade, dataOperacao, instanteRegistoOperacao) VALUES (92, 'Colheita', 'kg', 1 ,   1400.0,  TO_DATE('15/05/2020', 'DD/MM/YYYY'),CURRENT_TIMESTAMP);
INSERT INTO Operacao (idOperacao, designacaoOperacaoAgricola, designacaoUnidade, idEstadoOperacao, quantidade, dataOperacao, instanteRegistoOperacao) VALUES (93, 'Sementeira', 'kg', 1 ,   0.6,  TO_DATE('02/06/2020', 'DD/MM/YYYY'),CURRENT_TIMESTAMP);
INSERT INTO Operacao (idOperacao, designacaoOperacaoAgricola, designacaoUnidade, idEstadoOperacao, quantidade, dataOperacao, instanteRegistoOperacao) VALUES (94, 'Rega', 'm3', 1 ,   1.0,  TO_DATE('03/07/2020', 'DD/MM/YYYY'),CURRENT_TIMESTAMP);
INSERT INTO Operacao (idOperacao, designacaoOperacaoAgricola, designacaoUnidade, idEstadoOperacao, quantidade, dataOperacao, instanteRegistoOperacao) VALUES (95, 'Rega', 'm3', 1 ,   1.5,  TO_DATE('03/07/2020', 'DD/MM/YYYY'),CURRENT_TIMESTAMP);
INSERT INTO Operacao (idOperacao, designacaoOperacaoAgricola, designacaoUnidade, idEstadoOperacao, quantidade, dataOperacao, instanteRegistoOperacao) VALUES (96, 'Rega', 'm3', 1 ,   6.0,  TO_DATE('10/07/2020', 'DD/MM/YYYY'),CURRENT_TIMESTAMP);
INSERT INTO Operacao (idOperacao, designacaoOperacaoAgricola, designacaoUnidade, idEstadoOperacao, quantidade, dataOperacao, instanteRegistoOperacao) VALUES (97, 'Rega', 'm3', 1 ,   6.0,  TO_DATE('10/07/2020', 'DD/MM/YYYY'),CURRENT_TIMESTAMP);
INSERT INTO Operacao (idOperacao, designacaoOperacaoAgricola, designacaoUnidade, idEstadoOperacao, quantidade, dataOperacao, instanteRegistoOperacao) VALUES (98, 'Rega', 'm3', 1 ,   15.0,  TO_DATE('12/07/2020', 'DD/MM/YYYY'),CURRENT_TIMESTAMP);
INSERT INTO Operacao (idOperacao, designacaoOperacaoAgricola, designacaoUnidade, idEstadoOperacao, quantidade, dataOperacao, instanteRegistoOperacao) VALUES (99, 'Rega', 'm3', 1 ,   2.5,  TO_DATE('15/07/2020', 'DD/MM/YYYY'),CURRENT_TIMESTAMP);
INSERT INTO Operacao (idOperacao, designacaoOperacaoAgricola, designacaoUnidade, idEstadoOperacao, quantidade, dataOperacao, instanteRegistoOperacao) VALUES (100, 'Rega', 'm3', 1 ,   15.0,  TO_DATE('28/07/2020', 'DD/MM/YYYY'),CURRENT_TIMESTAMP);
INSERT INTO Operacao (idOperacao, designacaoOperacaoAgricola, designacaoUnidade, idEstadoOperacao, quantidade, dataOperacao, instanteRegistoOperacao) VALUES (101, 'Rega', 'm3', 1 ,  1.0,  TO_DATE('10/08/2020', 'DD/MM/YYYY'),CURRENT_TIMESTAMP);
INSERT INTO Operacao (idOperacao, designacaoOperacaoAgricola, designacaoUnidade, idEstadoOperacao, quantidade, dataOperacao, instanteRegistoOperacao) VALUES (102, 'Rega', 'm3', 1 ,   1.5,  TO_DATE('10/08/2020', 'DD/MM/YYYY'),CURRENT_TIMESTAMP);
INSERT INTO Operacao (idOperacao, designacaoOperacaoAgricola, designacaoUnidade, idEstadoOperacao, quantidade, dataOperacao, instanteRegistoOperacao) VALUES (103, 'Rega', 'm3', 1 ,   15.0,  TO_DATE('10/08/2020', 'DD/MM/YYYY'),CURRENT_TIMESTAMP);
INSERT INTO Operacao (idOperacao, designacaoOperacaoAgricola, designacaoUnidade, idEstadoOperacao, quantidade, dataOperacao, instanteRegistoOperacao) VALUES (104, 'Rega', 'm3', 1 ,   7.0,  TO_DATE('11/08/2020', 'DD/MM/YYYY'),CURRENT_TIMESTAMP);
INSERT INTO Operacao (idOperacao, designacaoOperacaoAgricola, designacaoUnidade, idEstadoOperacao, quantidade, dataOperacao, instanteRegistoOperacao) VALUES (105, 'Rega', 'm3', 1 ,   7.0,  TO_DATE('11/08/2020', 'DD/MM/YYYY'),CURRENT_TIMESTAMP);
INSERT INTO Operacao (idOperacao, designacaoOperacaoAgricola, designacaoUnidade, idEstadoOperacao, quantidade, dataOperacao, instanteRegistoOperacao) VALUES (106, 'Rega', 'm3', 1 ,   3.5,  TO_DATE('12/08/2020', 'DD/MM/YYYY'),CURRENT_TIMESTAMP);
INSERT INTO Operacao (idOperacao, designacaoOperacaoAgricola, designacaoUnidade, idEstadoOperacao, quantidade, dataOperacao, instanteRegistoOperacao) VALUES (107, 'Colheita', 'kg', 1 ,   3300.0,  TO_DATE('20/08/2020', 'DD/MM/YYYY'),CURRENT_TIMESTAMP);
INSERT INTO Operacao (idOperacao, designacaoOperacaoAgricola, designacaoUnidade, idEstadoOperacao, quantidade, dataOperacao, instanteRegistoOperacao) VALUES (108, 'Colheita', 'kg', 1 ,   600.0,  TO_DATE('28/08/2020', 'DD/MM/YYYY'),CURRENT_TIMESTAMP);
INSERT INTO Operacao (idOperacao, designacaoOperacaoAgricola, designacaoUnidade, idEstadoOperacao, quantidade, dataOperacao, instanteRegistoOperacao) VALUES (109, 'Colheita', 'kg', 1 ,   1800.0,  TO_DATE('07/09/2020', 'DD/MM/YYYY'),CURRENT_TIMESTAMP);
INSERT INTO Operacao (idOperacao, designacaoOperacaoAgricola, designacaoUnidade, idEstadoOperacao, quantidade, dataOperacao, instanteRegistoOperacao) VALUES (110, 'Sementeira', 'kg', 1 ,   0.6,  TO_DATE('20/09/2020', 'DD/MM/YYYY'),CURRENT_TIMESTAMP);
INSERT INTO Operacao (idOperacao, designacaoOperacaoAgricola, designacaoUnidade, idEstadoOperacao, quantidade, dataOperacao, instanteRegistoOperacao) VALUES (111, 'Sementeira', 'kg', 1 ,   36.0,  TO_DATE('10/10/2020', 'DD/MM/YYYY'),CURRENT_TIMESTAMP);
INSERT INTO Operacao (idOperacao, designacaoOperacaoAgricola, designacaoUnidade, idEstadoOperacao, quantidade, dataOperacao, instanteRegistoOperacao) VALUES (112, 'Sementeira', 'ha', 1 ,   1.3,  TO_DATE('12/10/2020', 'DD/MM/YYYY'),CURRENT_TIMESTAMP);
INSERT INTO Operacao (idOperacao, designacaoOperacaoAgricola, designacaoUnidade, idEstadoOperacao, quantidade, dataOperacao, instanteRegistoOperacao) VALUES (113, 'Poda', 'un', 1 ,   30.0,  TO_DATE('10/11/2020', 'DD/MM/YYYY'),CURRENT_TIMESTAMP);
INSERT INTO Operacao (idOperacao, designacaoOperacaoAgricola, designacaoUnidade, idEstadoOperacao, quantidade, dataOperacao, instanteRegistoOperacao) VALUES (114, 'Poda', 'un', 1 ,   20.0,  TO_DATE('10/11/2020', 'DD/MM/YYYY'),CURRENT_TIMESTAMP);
INSERT INTO Operacao (idOperacao, designacaoOperacaoAgricola, designacaoUnidade, idEstadoOperacao, quantidade, dataOperacao, instanteRegistoOperacao) VALUES (115, 'Colheita', 'kg', 1 ,   600.0,  TO_DATE('15/11/2020', 'DD/MM/YYYY'),CURRENT_TIMESTAMP);
INSERT INTO Operacao (idOperacao, designacaoOperacaoAgricola, designacaoUnidade, idEstadoOperacao, quantidade, dataOperacao, instanteRegistoOperacao) VALUES (116, 'Poda', 'un',  1 ,  70.0,  TO_DATE('05/12/2020', 'DD/MM/YYYY'),CURRENT_TIMESTAMP);
INSERT INTO Operacao (idOperacao, designacaoOperacaoAgricola, designacaoUnidade, idEstadoOperacao, quantidade, dataOperacao, instanteRegistoOperacao) VALUES (117, 'Poda', 'un', 1 ,   70.0,  TO_DATE('05/12/2020', 'DD/MM/YYYY'),CURRENT_TIMESTAMP);
INSERT INTO Operacao (idOperacao, designacaoOperacaoAgricola, designacaoUnidade, idEstadoOperacao, quantidade, dataOperacao, instanteRegistoOperacao) VALUES (118, 'Poda', 'un', 1 ,   50.0,  TO_DATE('05/12/2020', 'DD/MM/YYYY'),CURRENT_TIMESTAMP);
INSERT INTO Operacao (idOperacao, designacaoOperacaoAgricola, designacaoUnidade, idEstadoOperacao, quantidade, dataOperacao, instanteRegistoOperacao) VALUES (119, 'Fertilização', 'kg', 1 ,   10.0,  TO_DATE('10/12/2020', 'DD/MM/YYYY'),CURRENT_TIMESTAMP);
INSERT INTO Operacao (idOperacao, designacaoOperacaoAgricola, designacaoUnidade, idEstadoOperacao, quantidade, dataOperacao, instanteRegistoOperacao) VALUES (120, 'Fertilização', 'kg', 1 ,   7.0,  TO_DATE('10/12/2020', 'DD/MM/YYYY'),CURRENT_TIMESTAMP);
INSERT INTO Operacao (idOperacao, designacaoOperacaoAgricola, designacaoUnidade, idEstadoOperacao, quantidade, dataOperacao, instanteRegistoOperacao) VALUES (121, 'Poda', 'un', 1 ,   40.0,  TO_DATE('15/12/2020', 'DD/MM/YYYY'),CURRENT_TIMESTAMP);
INSERT INTO Operacao (idOperacao, designacaoOperacaoAgricola, designacaoUnidade, idEstadoOperacao, quantidade, dataOperacao, instanteRegistoOperacao) VALUES (122, 'Poda', 'un', 1,  60.0,  TO_DATE('15/12/2020', 'DD/MM/YYYY'),CURRENT_TIMESTAMP);
INSERT INTO Operacao (idOperacao, designacaoOperacaoAgricola, designacaoUnidade, idEstadoOperacao, quantidade, dataOperacao, instanteRegistoOperacao) VALUES (123, 'Poda', 'un', 1 ,   500.0,  TO_DATE('16/12/2020', 'DD/MM/YYYY'),CURRENT_TIMESTAMP);
INSERT INTO Operacao (idOperacao, designacaoOperacaoAgricola, designacaoUnidade, idEstadoOperacao, quantidade, dataOperacao, instanteRegistoOperacao) VALUES (124, 'Colheita', 'kg', 1 ,   2500.0,  TO_DATE('18/12/2020', 'DD/MM/YYYY'),CURRENT_TIMESTAMP);
INSERT INTO Operacao (idOperacao, designacaoOperacaoAgricola, designacaoUnidade, idEstadoOperacao, quantidade, dataOperacao, instanteRegistoOperacao) VALUES (125, 'Poda', 'un',  1 ,  700.0,  TO_DATE('18/12/2020', 'DD/MM/YYYY'),CURRENT_TIMESTAMP);
INSERT INTO Operacao (idOperacao, designacaoOperacaoAgricola, designacaoUnidade, idEstadoOperacao, quantidade, dataOperacao, instanteRegistoOperacao) VALUES (126, 'Colheita', 'kg',  1 ,  2900.0,  TO_DATE('04/01/2021', 'DD/MM/YYYY'),CURRENT_TIMESTAMP);
INSERT INTO Operacao (idOperacao, designacaoOperacaoAgricola, designacaoUnidade, idEstadoOperacao, quantidade, dataOperacao, instanteRegistoOperacao) VALUES (127, 'Aplicação fitofármaco', 'kg', 1 ,   2.0,  TO_DATE('20/01/2021', 'DD/MM/YYYY'),CURRENT_TIMESTAMP);
INSERT INTO Operacao (idOperacao, designacaoOperacaoAgricola, designacaoUnidade, idEstadoOperacao, quantidade, dataOperacao, instanteRegistoOperacao) VALUES (128, 'Aplicação fitofármaco', 'kg', 1 ,   2.5,  TO_DATE('20/01/2021', 'DD/MM/YYYY'),CURRENT_TIMESTAMP);
INSERT INTO Operacao (idOperacao, designacaoOperacaoAgricola, designacaoUnidade, idEstadoOperacao, quantidade, dataOperacao, instanteRegistoOperacao) VALUES (129, 'Sementeira', 'kg', 1 ,   0.9,  TO_DATE('10/03/2021', 'DD/MM/YYYY'),CURRENT_TIMESTAMP);
INSERT INTO Operacao (idOperacao, designacaoOperacaoAgricola, designacaoUnidade, idEstadoOperacao, quantidade, dataOperacao, instanteRegistoOperacao) VALUES (130, 'Incorporação no solo', 'ha', 1 ,   1.3,  TO_DATE('14/03/2021', 'DD/MM/YYYY'),CURRENT_TIMESTAMP);
INSERT INTO Operacao (idOperacao, designacaoOperacaoAgricola, designacaoUnidade, idEstadoOperacao, quantidade, dataOperacao, instanteRegistoOperacao) VALUES (131, 'Incorporação no solo', 'ha', 1 ,   1.3,  TO_DATE('30/03/2021', 'DD/MM/YYYY'),CURRENT_TIMESTAMP);
INSERT INTO Operacao (idOperacao, designacaoOperacaoAgricola, designacaoUnidade, idEstadoOperacao, quantidade, dataOperacao, instanteRegistoOperacao) VALUES (132, 'Sementeira', 'ha', 1 ,   1.2,  TO_DATE('03/04/2021', 'DD/MM/YYYY'),CURRENT_TIMESTAMP);
INSERT INTO Operacao (idOperacao, designacaoOperacaoAgricola, designacaoUnidade, idEstadoOperacao, quantidade, dataOperacao, instanteRegistoOperacao) VALUES (133, 'Sementeira', 'kg', 1 ,   30.0,  TO_DATE('10/04/2021', 'DD/MM/YYYY'),CURRENT_TIMESTAMP);
INSERT INTO Operacao (idOperacao, designacaoOperacaoAgricola, designacaoUnidade, idEstadoOperacao, quantidade, dataOperacao, instanteRegistoOperacao) VALUES (134, 'Fertilização', 'kg', 1 ,   10.0,  TO_DATE('02/05/2021', 'DD/MM/YYYY'),CURRENT_TIMESTAMP);
INSERT INTO Operacao (idOperacao, designacaoOperacaoAgricola, designacaoUnidade, idEstadoOperacao, quantidade, dataOperacao, instanteRegistoOperacao) VALUES (135, 'Fertilização', 'kg', 1 ,   10.0,  TO_DATE('02/05/2021', 'DD/MM/YYYY'),CURRENT_TIMESTAMP);
INSERT INTO Operacao (idOperacao, designacaoOperacaoAgricola, designacaoUnidade, idEstadoOperacao, quantidade, dataOperacao, instanteRegistoOperacao) VALUES (136, 'Fertilização', 'kg', 1 ,   10.0,  TO_DATE('02/05/2021', 'DD/MM/YYYY'),CURRENT_TIMESTAMP);
INSERT INTO Operacao (idOperacao, designacaoOperacaoAgricola, designacaoUnidade, idEstadoOperacao, quantidade, dataOperacao, instanteRegistoOperacao) VALUES (137, 'Fertilização', 'kg', 1 ,   10.0,  TO_DATE('02/05/2021', 'DD/MM/YYYY'),CURRENT_TIMESTAMP);
INSERT INTO Operacao (idOperacao, designacaoOperacaoAgricola, designacaoUnidade, idEstadoOperacao, quantidade, dataOperacao, instanteRegistoOperacao) VALUES (138, 'Colheita', 'kg', 1 ,   2200.0,  TO_DATE('05/05/2021', 'DD/MM/YYYY'),CURRENT_TIMESTAMP);
INSERT INTO Operacao (idOperacao, designacaoOperacaoAgricola, designacaoUnidade, idEstadoOperacao, quantidade, dataOperacao, instanteRegistoOperacao) VALUES (139, 'Colheita', 'kg', 1 ,   1400.0,  TO_DATE('15/05/2021', 'DD/MM/YYYY'),CURRENT_TIMESTAMP);
INSERT INTO Operacao (idOperacao, designacaoOperacaoAgricola, designacaoUnidade, idEstadoOperacao, quantidade, dataOperacao, instanteRegistoOperacao) VALUES (140, 'Sementeira', 'kg', 1 ,   0.6,  TO_DATE('02/06/2021', 'DD/MM/YYYY'),CURRENT_TIMESTAMP);
INSERT INTO Operacao (idOperacao, designacaoOperacaoAgricola, designacaoUnidade, idEstadoOperacao, quantidade, dataOperacao, instanteRegistoOperacao) VALUES (141, 'Rega', 'm3', 1 ,   3.0,  TO_DATE('20/06/2021', 'DD/MM/YYYY'),CURRENT_TIMESTAMP);
INSERT INTO Operacao (idOperacao, designacaoOperacaoAgricola, designacaoUnidade, idEstadoOperacao, quantidade, dataOperacao, instanteRegistoOperacao) VALUES (142, 'Rega', 'm3', 1 ,   0.8,  TO_DATE('03/07/2021', 'DD/MM/YYYY'),CURRENT_TIMESTAMP);
INSERT INTO Operacao (idOperacao, designacaoOperacaoAgricola, designacaoUnidade, idEstadoOperacao, quantidade, dataOperacao, instanteRegistoOperacao) VALUES (143, 'Rega', 'm3', 1 ,   1.5,  TO_DATE('03/07/2021', 'DD/MM/YYYY'),CURRENT_TIMESTAMP);
INSERT INTO Operacao (idOperacao, designacaoOperacaoAgricola, designacaoUnidade, idEstadoOperacao, quantidade, dataOperacao, instanteRegistoOperacao) VALUES (144, 'Rega', 'm3', 1 ,   5.0,  TO_DATE('05/07/2021', 'DD/MM/YYYY'),CURRENT_TIMESTAMP);
INSERT INTO Operacao (idOperacao, designacaoOperacaoAgricola, designacaoUnidade, idEstadoOperacao, quantidade, dataOperacao, instanteRegistoOperacao) VALUES (145, 'Rega', 'm3', 1 ,   5.0,  TO_DATE('05/07/2021', 'DD/MM/YYYY'),CURRENT_TIMESTAMP);
INSERT INTO Operacao (idOperacao, designacaoOperacaoAgricola, designacaoUnidade, idEstadoOperacao, quantidade, dataOperacao, instanteRegistoOperacao) VALUES (146, 'Rega', 'm3', 1 ,   5.0,  TO_DATE('05/07/2021', 'DD/MM/YYYY'),CURRENT_TIMESTAMP);
INSERT INTO Operacao (idOperacao, designacaoOperacaoAgricola, designacaoUnidade, idEstadoOperacao, quantidade, dataOperacao, instanteRegistoOperacao) VALUES (147, 'Rega', 'm3', 1 ,   5.0,  TO_DATE('05/07/2021', 'DD/MM/YYYY'),CURRENT_TIMESTAMP);
INSERT INTO Operacao (idOperacao, designacaoOperacaoAgricola, designacaoUnidade, idEstadoOperacao, quantidade, dataOperacao, instanteRegistoOperacao) VALUES (148, 'Rega', 'm3', 1 ,   3.0,  TO_DATE('07/07/2021', 'DD/MM/YYYY'),CURRENT_TIMESTAMP);
INSERT INTO Operacao (idOperacao, designacaoOperacaoAgricola, designacaoUnidade, idEstadoOperacao, quantidade, dataOperacao, instanteRegistoOperacao) VALUES (149, 'Rega', 'm3', 1 ,   7.0,  TO_DATE('10/07/2021', 'DD/MM/YYYY'),CURRENT_TIMESTAMP);
INSERT INTO Operacao (idOperacao, designacaoOperacaoAgricola, designacaoUnidade, idEstadoOperacao, quantidade, dataOperacao, instanteRegistoOperacao) VALUES (150, 'Rega', 'm3', 1 ,   7.0,  TO_DATE('10/07/2021', 'DD/MM/YYYY'),CURRENT_TIMESTAMP);
INSERT INTO Operacao (idOperacao, designacaoOperacaoAgricola, designacaoUnidade, idEstadoOperacao, quantidade, dataOperacao, instanteRegistoOperacao) VALUES (151, 'Rega', 'm3', 1 ,   15.0,  TO_DATE('12/07/2021', 'DD/MM/YYYY'),CURRENT_TIMESTAMP);
INSERT INTO Operacao (idOperacao, designacaoOperacaoAgricola, designacaoUnidade, idEstadoOperacao, quantidade, dataOperacao, instanteRegistoOperacao) VALUES (152, 'Colheita', 'kg', 1 ,   300.0,  TO_DATE('15/07/2021', 'DD/MM/YYYY'),CURRENT_TIMESTAMP);
INSERT INTO Operacao (idOperacao, designacaoOperacaoAgricola, designacaoUnidade, idEstadoOperacao, quantidade, dataOperacao, instanteRegistoOperacao) VALUES (153, 'Colheita', 'kg', 1 ,   400.0,  TO_DATE('20/07/2021', 'DD/MM/YYYY'),CURRENT_TIMESTAMP);
INSERT INTO Operacao (idOperacao, designacaoOperacaoAgricola, designacaoUnidade, idEstadoOperacao, quantidade, dataOperacao, instanteRegistoOperacao) VALUES (154, 'Rega', 'm3', 1 ,   15.0,  TO_DATE('24/07/2021', 'DD/MM/YYYY'),CURRENT_TIMESTAMP);
INSERT INTO Operacao (idOperacao, designacaoOperacaoAgricola, designacaoUnidade, idEstadoOperacao, quantidade, dataOperacao, instanteRegistoOperacao) VALUES (155, 'Rega', 'm3', 1 ,   5.5,  TO_DATE('30/07/2021', 'DD/MM/YYYY'),CURRENT_TIMESTAMP);
INSERT INTO Operacao (idOperacao, designacaoOperacaoAgricola, designacaoUnidade, idEstadoOperacao, quantidade, dataOperacao, instanteRegistoOperacao) VALUES (156, 'Rega', 'm3', 1 ,   5.5,  TO_DATE('30/07/2021', 'DD/MM/YYYY'),CURRENT_TIMESTAMP);
INSERT INTO Operacao (idOperacao, designacaoOperacaoAgricola, designacaoUnidade, idEstadoOperacao, quantidade, dataOperacao, instanteRegistoOperacao) VALUES (157, 'Rega', 'm3', 1 ,   5.5,  TO_DATE('30/07/2021', 'DD/MM/YYYY'),CURRENT_TIMESTAMP);
INSERT INTO Operacao (idOperacao, designacaoOperacaoAgricola, designacaoUnidade, idEstadoOperacao, quantidade, dataOperacao, instanteRegistoOperacao) VALUES (158, 'Rega', 'm3', 1 ,   5.5,  TO_DATE('30/07/2021', 'DD/MM/YYYY'),CURRENT_TIMESTAMP);
INSERT INTO Operacao (idOperacao, designacaoOperacaoAgricola, designacaoUnidade, idEstadoOperacao, quantidade, dataOperacao, instanteRegistoOperacao) VALUES (159, 'Rega', 'm3', 1 ,   3.5,  TO_DATE('30/07/2021', 'DD/MM/YYYY'),CURRENT_TIMESTAMP);
INSERT INTO Operacao (idOperacao, designacaoOperacaoAgricola, designacaoUnidade, idEstadoOperacao, quantidade, dataOperacao, instanteRegistoOperacao) VALUES (160, 'Rega', 'm3',  1 ,  15.0,  TO_DATE('07/08/2021', 'DD/MM/YYYY'),CURRENT_TIMESTAMP);
INSERT INTO Operacao (idOperacao, designacaoOperacaoAgricola, designacaoUnidade, idEstadoOperacao, quantidade, dataOperacao, instanteRegistoOperacao) VALUES (161, 'Rega', 'm3',  1 ,  0.8,  TO_DATE('10/08/2021', 'DD/MM/YYYY'),CURRENT_TIMESTAMP);
INSERT INTO Operacao (idOperacao, designacaoOperacaoAgricola, designacaoUnidade, idEstadoOperacao, quantidade, dataOperacao, instanteRegistoOperacao) VALUES (162, 'Rega', 'm3',  1 ,  1.5,  TO_DATE('10/08/2021', 'DD/MM/YYYY'),CURRENT_TIMESTAMP);
INSERT INTO Operacao (idOperacao, designacaoOperacaoAgricola, designacaoUnidade, idEstadoOperacao, quantidade, dataOperacao, instanteRegistoOperacao) VALUES (163, 'Colheita', 'kg', 1 ,   3300.0,  TO_DATE('12/08/2021', 'DD/MM/YYYY'),CURRENT_TIMESTAMP);
INSERT INTO Operacao (idOperacao, designacaoOperacaoAgricola, designacaoUnidade, idEstadoOperacao, quantidade, dataOperacao, instanteRegistoOperacao) VALUES (164, 'Rega', 'm3', 1 ,   3.0,  TO_DATE('17/08/2021', 'DD/MM/YYYY'),CURRENT_TIMESTAMP);
INSERT INTO Operacao (idOperacao, designacaoOperacaoAgricola, designacaoUnidade, idEstadoOperacao, quantidade, dataOperacao, instanteRegistoOperacao) VALUES (165, 'Colheita', 'kg', 1 ,   899.0,  TO_DATE('23/08/2021', 'DD/MM/YYYY'),CURRENT_TIMESTAMP);
INSERT INTO Operacao (idOperacao, designacaoOperacaoAgricola, designacaoUnidade, idEstadoOperacao, quantidade, dataOperacao, instanteRegistoOperacao) VALUES (166, 'Colheita', 'kg', 1 ,   900.0,  TO_DATE('23/08/2021', 'DD/MM/YYYY'),CURRENT_TIMESTAMP);
INSERT INTO Operacao (idOperacao, designacaoOperacaoAgricola, designacaoUnidade, idEstadoOperacao, quantidade, dataOperacao, instanteRegistoOperacao) VALUES (167, 'Colheita', 'kg', 1 ,   3300.0,  TO_DATE('25/08/2021', 'DD/MM/YYYY'),CURRENT_TIMESTAMP);
INSERT INTO Operacao (idOperacao, designacaoOperacaoAgricola, designacaoUnidade, idEstadoOperacao, quantidade, dataOperacao, instanteRegistoOperacao) VALUES (168, 'Colheita', 'kg', 1 ,   600.0,  TO_DATE('28/08/2021', 'DD/MM/YYYY'),CURRENT_TIMESTAMP);
INSERT INTO Operacao (idOperacao, designacaoOperacaoAgricola, designacaoUnidade, idEstadoOperacao, quantidade, dataOperacao, instanteRegistoOperacao) VALUES (169, 'Colheita', 'kg', 1 ,   800.0,  TO_DATE('05/09/2021', 'DD/MM/YYYY'),CURRENT_TIMESTAMP);
INSERT INTO Operacao (idOperacao, designacaoOperacaoAgricola, designacaoUnidade, idEstadoOperacao, quantidade, dataOperacao, instanteRegistoOperacao) VALUES (170, 'Colheita', 'kg', 1 ,   800.0,  TO_DATE('05/09/2021', 'DD/MM/YYYY'),CURRENT_TIMESTAMP);
INSERT INTO Operacao (idOperacao, designacaoOperacaoAgricola, designacaoUnidade, idEstadoOperacao, quantidade, dataOperacao, instanteRegistoOperacao) VALUES (171, 'Colheita', 'kg', 1 ,   1800.0,  TO_DATE('07/09/2021', 'DD/MM/YYYY'),CURRENT_TIMESTAMP);
INSERT INTO Operacao (idOperacao, designacaoOperacaoAgricola, designacaoUnidade, idEstadoOperacao, quantidade, dataOperacao, instanteRegistoOperacao) VALUES (172, 'Colheita', 'kg', 1 ,   800.0,  TO_DATE('12/09/2021', 'DD/MM/YYYY'),CURRENT_TIMESTAMP);
INSERT INTO Operacao (idOperacao, designacaoOperacaoAgricola, designacaoUnidade, idEstadoOperacao, quantidade, dataOperacao, instanteRegistoOperacao) VALUES (173, 'Sementeira', 'kg', 1 ,   0.6,  TO_DATE('20/09/2021', 'DD/MM/YYYY'),CURRENT_TIMESTAMP);
INSERT INTO Operacao (idOperacao, designacaoOperacaoAgricola, designacaoUnidade, idEstadoOperacao, quantidade, dataOperacao, instanteRegistoOperacao) VALUES (174, 'Colheita', 'kg',  1 ,  1200.0,  TO_DATE('23/09/2021', 'DD/MM/YYYY'),CURRENT_TIMESTAMP);
INSERT INTO Operacao (idOperacao, designacaoOperacaoAgricola, designacaoUnidade, idEstadoOperacao, quantidade, dataOperacao, instanteRegistoOperacao) VALUES (175, 'Sementeira', 'ha', 1 ,   36.0,  TO_DATE('03/10/2021', 'DD/MM/YYYY'),CURRENT_TIMESTAMP);
INSERT INTO Operacao (idOperacao, designacaoOperacaoAgricola, designacaoUnidade, idEstadoOperacao, quantidade, dataOperacao, instanteRegistoOperacao) VALUES (176, 'Sementeira', 'ha', 1 ,   1.3,  TO_DATE('06/10/2021', 'DD/MM/YYYY'),CURRENT_TIMESTAMP);
INSERT INTO Operacao (idOperacao, designacaoOperacaoAgricola, designacaoUnidade, idEstadoOperacao, quantidade, dataOperacao, instanteRegistoOperacao) VALUES (177, 'Colheita', 'kg', 1 ,   950.0,  TO_DATE('12/10/2021', 'DD/MM/YYYY'),CURRENT_TIMESTAMP);
INSERT INTO Operacao (idOperacao, designacaoOperacaoAgricola, designacaoUnidade, idEstadoOperacao, quantidade, dataOperacao, instanteRegistoOperacao) VALUES (178, 'Colheita', 'kg', 1 ,   750.0,  TO_DATE('03/11/2021', 'DD/MM/YYYY'),CURRENT_TIMESTAMP);
INSERT INTO Operacao (idOperacao, designacaoOperacaoAgricola, designacaoUnidade, idEstadoOperacao, quantidade, dataOperacao, instanteRegistoOperacao) VALUES (179, 'Colheita', 'kg', 1 ,   210.0,  TO_DATE('10/11/2021', 'DD/MM/YYYY'),CURRENT_TIMESTAMP);
INSERT INTO Operacao (idOperacao, designacaoOperacaoAgricola, designacaoUnidade, idEstadoOperacao, quantidade, dataOperacao, instanteRegistoOperacao) VALUES (180, 'Colheita', 'kg', 1 ,   120.0,  TO_DATE('10/11/2021', 'DD/MM/YYYY'),CURRENT_TIMESTAMP);
INSERT INTO Operacao (idOperacao, designacaoOperacaoAgricola, designacaoUnidade, idEstadoOperacao, quantidade, dataOperacao, instanteRegistoOperacao) VALUES (181, 'Colheita', 'kg', 1 ,   600.0,  TO_DATE('15/11/2021', 'DD/MM/YYYY'),CURRENT_TIMESTAMP);
INSERT INTO Operacao (idOperacao, designacaoOperacaoAgricola, designacaoUnidade, idEstadoOperacao, quantidade, dataOperacao, instanteRegistoOperacao) VALUES (182, 'Poda', 'un', 1 ,   30.0,  TO_DATE('17/11/2021', 'DD/MM/YYYY'),CURRENT_TIMESTAMP);
INSERT INTO Operacao (idOperacao, designacaoOperacaoAgricola, designacaoUnidade, idEstadoOperacao, quantidade, dataOperacao, instanteRegistoOperacao) VALUES (183, 'Poda', 'un', 1 ,   20.0,  TO_DATE('17/11/2021', 'DD/MM/YYYY'),CURRENT_TIMESTAMP);
INSERT INTO Operacao (idOperacao, designacaoOperacaoAgricola, designacaoUnidade, idEstadoOperacao, quantidade, dataOperacao, instanteRegistoOperacao) VALUES (184, 'Poda', 'un', 1 ,   70.0,  TO_DATE('28/11/2021', 'DD/MM/YYYY'),CURRENT_TIMESTAMP);
INSERT INTO Operacao (idOperacao, designacaoOperacaoAgricola, designacaoUnidade, idEstadoOperacao, quantidade, dataOperacao, instanteRegistoOperacao) VALUES (185, 'Poda', 'un',  1 ,  70.0,  TO_DATE('28/11/2021', 'DD/MM/YYYY'),CURRENT_TIMESTAMP);
INSERT INTO Operacao (idOperacao, designacaoOperacaoAgricola, designacaoUnidade, idEstadoOperacao, quantidade, dataOperacao, instanteRegistoOperacao) VALUES (186, 'Poda', 'un', 1 ,   90.0,  TO_DATE('03/12/2021', 'DD/MM/YYYY'),CURRENT_TIMESTAMP);
INSERT INTO Operacao (idOperacao, designacaoOperacaoAgricola, designacaoUnidade, idEstadoOperacao, quantidade, dataOperacao, instanteRegistoOperacao) VALUES (187, 'Poda', 'un', 1 ,   500.0,  TO_DATE('16/12/2021', 'DD/MM/YYYY'),CURRENT_TIMESTAMP);
INSERT INTO Operacao (idOperacao, designacaoOperacaoAgricola, designacaoUnidade, idEstadoOperacao, quantidade, dataOperacao, instanteRegistoOperacao) VALUES (188, 'Poda', 'un', 1 ,   60.0,  TO_DATE('18/12/2021', 'DD/MM/YYYY'),CURRENT_TIMESTAMP);
INSERT INTO Operacao (idOperacao, designacaoOperacaoAgricola, designacaoUnidade, idEstadoOperacao, quantidade, dataOperacao, instanteRegistoOperacao) VALUES (189, 'Colheita', 'kg', 1 ,   2500.0,  TO_DATE('18/12/2021', 'DD/MM/YYYY'),CURRENT_TIMESTAMP);
INSERT INTO Operacao (idOperacao, designacaoOperacaoAgricola, designacaoUnidade, idEstadoOperacao, quantidade, dataOperacao, instanteRegistoOperacao) VALUES (190, 'Poda', 'un', 1 ,   700.0,  TO_DATE('18/12/2021', 'DD/MM/YYYY'),CURRENT_TIMESTAMP);
INSERT INTO Operacao (idOperacao, designacaoOperacaoAgricola, designacaoUnidade, idEstadoOperacao, quantidade, dataOperacao, instanteRegistoOperacao) VALUES (191, 'Colheita', 'kg', 1 ,   2900.0,  TO_DATE('04/01/2022', 'DD/MM/YYYY'),CURRENT_TIMESTAMP);
INSERT INTO Operacao (idOperacao, designacaoOperacaoAgricola, designacaoUnidade, idEstadoOperacao, quantidade, dataOperacao, instanteRegistoOperacao) VALUES (192, 'Aplicação fitofármaco', 'kg', 1 ,   3.0,  TO_DATE('20/01/2022', 'DD/MM/YYYY'),CURRENT_TIMESTAMP);
INSERT INTO Operacao (idOperacao, designacaoOperacaoAgricola, designacaoUnidade, idEstadoOperacao, quantidade, dataOperacao, instanteRegistoOperacao) VALUES (193, 'Aplicação fitofármaco', 'kg', 1 ,   3.5,  TO_DATE('20/01/2022', 'DD/MM/YYYY'),CURRENT_TIMESTAMP);
INSERT INTO Operacao (idOperacao, designacaoOperacaoAgricola, designacaoUnidade, idEstadoOperacao, quantidade, dataOperacao, instanteRegistoOperacao) VALUES (194, 'Sementeira', 'kg', 1 ,   0.9,  TO_DATE('06/03/2022', 'DD/MM/YYYY'),CURRENT_TIMESTAMP);
INSERT INTO Operacao (idOperacao, designacaoOperacaoAgricola, designacaoUnidade, idEstadoOperacao, quantidade, dataOperacao, instanteRegistoOperacao) VALUES (195, 'Incorporação no solo', 'ha', 1 ,   1.3,  TO_DATE('19/03/2022', 'DD/MM/YYYY'),CURRENT_TIMESTAMP);
INSERT INTO Operacao (idOperacao, designacaoOperacaoAgricola, designacaoUnidade, idEstadoOperacao, quantidade, dataOperacao, instanteRegistoOperacao) VALUES (196, 'Incorporação no solo', 'ha', 1 ,   1.3,  TO_DATE('05/04/2022', 'DD/MM/YYYY'),CURRENT_TIMESTAMP);
INSERT INTO Operacao (idOperacao, designacaoOperacaoAgricola, designacaoUnidade, idEstadoOperacao, quantidade, dataOperacao, instanteRegistoOperacao) VALUES (197, 'Sementeira', 'ha',  1 ,  1.2,  TO_DATE('08/04/2022', 'DD/MM/YYYY'),CURRENT_TIMESTAMP);
INSERT INTO Operacao (idOperacao, designacaoOperacaoAgricola, designacaoUnidade, idEstadoOperacao, quantidade, dataOperacao, instanteRegistoOperacao) VALUES (198, 'Sementeira', 'kg', 1 ,   30.0,  TO_DATE('15/04/2022', 'DD/MM/YYYY'),CURRENT_TIMESTAMP);
INSERT INTO Operacao (idOperacao, designacaoOperacaoAgricola, designacaoUnidade, idEstadoOperacao, quantidade, dataOperacao, instanteRegistoOperacao) VALUES (199, 'Colheita', 'kg', 1 ,   2250.0,  TO_DATE('05/05/2022', 'DD/MM/YYYY'),CURRENT_TIMESTAMP);
INSERT INTO Operacao (idOperacao, designacaoOperacaoAgricola, designacaoUnidade, idEstadoOperacao, quantidade, dataOperacao, instanteRegistoOperacao) VALUES (200, 'Fertilização', 'kg', 1 ,   10.0,  TO_DATE('13/05/2022', 'DD/MM/YYYY'),CURRENT_TIMESTAMP);
INSERT INTO Operacao (idOperacao, designacaoOperacaoAgricola, designacaoUnidade, idEstadoOperacao, quantidade, dataOperacao, instanteRegistoOperacao) VALUES (201, 'Fertilização', 'kg', 1 ,   10.0,  TO_DATE('13/05/2022', 'DD/MM/YYYY'),CURRENT_TIMESTAMP);
INSERT INTO Operacao (idOperacao, designacaoOperacaoAgricola, designacaoUnidade, idEstadoOperacao, quantidade, dataOperacao, instanteRegistoOperacao) VALUES (202, 'Fertilização', 'kg', 1 ,   10.0,  TO_DATE('13/05/2022', 'DD/MM/YYYY'),CURRENT_TIMESTAMP);
INSERT INTO Operacao (idOperacao, designacaoOperacaoAgricola, designacaoUnidade, idEstadoOperacao, quantidade, dataOperacao, instanteRegistoOperacao) VALUES (203, 'Fertilização', 'kg', 1 ,   10.0,  TO_DATE('13/05/2022', 'DD/MM/YYYY'),CURRENT_TIMESTAMP);
INSERT INTO Operacao (idOperacao, designacaoOperacaoAgricola, designacaoUnidade, idEstadoOperacao, quantidade, dataOperacao, instanteRegistoOperacao) VALUES (204, 'Colheita', 'kg', 1 ,   1300.0,  TO_DATE('15/05/2022', 'DD/MM/YYYY'),CURRENT_TIMESTAMP);
INSERT INTO Operacao (idOperacao, designacaoOperacaoAgricola, designacaoUnidade, idEstadoOperacao, quantidade, dataOperacao, instanteRegistoOperacao) VALUES (205, 'Sementeira', 'kg', 1 ,   0.6,  TO_DATE('30/05/2022', 'DD/MM/YYYY'),CURRENT_TIMESTAMP);
INSERT INTO Operacao (idOperacao, designacaoOperacaoAgricola, designacaoUnidade, idEstadoOperacao, quantidade, dataOperacao, instanteRegistoOperacao) VALUES (206, 'Rega', 'm3', 1 ,   3.0,  TO_DATE('05/06/2022', 'DD/MM/YYYY'),CURRENT_TIMESTAMP);
INSERT INTO Operacao (idOperacao, designacaoOperacaoAgricola, designacaoUnidade, idEstadoOperacao, quantidade, dataOperacao, instanteRegistoOperacao) VALUES (207, 'Rega', 'm3', 1 ,   3.0,  TO_DATE('05/06/2022', 'DD/MM/YYYY'),CURRENT_TIMESTAMP);
INSERT INTO Operacao (idOperacao, designacaoOperacaoAgricola, designacaoUnidade, idEstadoOperacao, quantidade, dataOperacao, instanteRegistoOperacao) VALUES (208, 'Rega', 'm3', 1 ,   3.0,  TO_DATE('05/06/2022', 'DD/MM/YYYY'),CURRENT_TIMESTAMP);
INSERT INTO Operacao (idOperacao, designacaoOperacaoAgricola, designacaoUnidade, idEstadoOperacao, quantidade, dataOperacao, instanteRegistoOperacao) VALUES (209, 'Rega', 'm3', 1 ,   3.0,  TO_DATE('05/06/2022', 'DD/MM/YYYY'),CURRENT_TIMESTAMP);
INSERT INTO Operacao (idOperacao, designacaoOperacaoAgricola, designacaoUnidade, idEstadoOperacao, quantidade, dataOperacao, instanteRegistoOperacao) VALUES (210, 'Rega', 'm3', 1 ,   3.0,  TO_DATE('30/06/2022', 'DD/MM/YYYY'),CURRENT_TIMESTAMP);
INSERT INTO Operacao (idOperacao, designacaoOperacaoAgricola, designacaoUnidade, idEstadoOperacao, quantidade, dataOperacao, instanteRegistoOperacao) VALUES (211, 'Rega', 'm3', 1 ,   5.5,  TO_DATE('02/07/2022', 'DD/MM/YYYY'),CURRENT_TIMESTAMP);
INSERT INTO Operacao (idOperacao, designacaoOperacaoAgricola, designacaoUnidade, idEstadoOperacao, quantidade, dataOperacao, instanteRegistoOperacao) VALUES (212, 'Rega', 'm3', 1 ,   5.5,  TO_DATE('02/07/2022', 'DD/MM/YYYY'),CURRENT_TIMESTAMP);
INSERT INTO Operacao (idOperacao, designacaoOperacaoAgricola, designacaoUnidade, idEstadoOperacao, quantidade, dataOperacao, instanteRegistoOperacao) VALUES (213, 'Rega', 'm3', 1 ,   5.5,  TO_DATE('02/07/2022', 'DD/MM/YYYY'),CURRENT_TIMESTAMP);
INSERT INTO Operacao (idOperacao, designacaoOperacaoAgricola, designacaoUnidade, idEstadoOperacao, quantidade, dataOperacao, instanteRegistoOperacao) VALUES (214, 'Rega', 'm3', 1 ,   5.5,  TO_DATE('02/07/2022', 'DD/MM/YYYY'),CURRENT_TIMESTAMP);
INSERT INTO Operacao (idOperacao, designacaoOperacaoAgricola, designacaoUnidade, idEstadoOperacao, quantidade, dataOperacao, instanteRegistoOperacao) VALUES (215, 'Rega', 'm3', 1 ,   0.8,  TO_DATE('03/07/2022', 'DD/MM/YYYY'),CURRENT_TIMESTAMP);
INSERT INTO Operacao (idOperacao, designacaoOperacaoAgricola, designacaoUnidade, idEstadoOperacao, quantidade, dataOperacao, instanteRegistoOperacao) VALUES (216, 'Rega', 'm3', 1 ,   1.5,  TO_DATE('03/07/2022', 'DD/MM/YYYY'),CURRENT_TIMESTAMP);
INSERT INTO Operacao (idOperacao, designacaoOperacaoAgricola, designacaoUnidade, idEstadoOperacao, quantidade, dataOperacao, instanteRegistoOperacao) VALUES (217, 'Rega', 'm3', 1 ,   5.0,  TO_DATE('10/07/2022', 'DD/MM/YYYY'),CURRENT_TIMESTAMP);
INSERT INTO Operacao (idOperacao, designacaoOperacaoAgricola, designacaoUnidade, idEstadoOperacao, quantidade, dataOperacao, instanteRegistoOperacao) VALUES (218, 'Rega', 'm3', 1 ,   15.0,  TO_DATE('12/07/2022', 'DD/MM/YYYY'),CURRENT_TIMESTAMP);
INSERT INTO Operacao (idOperacao, designacaoOperacaoAgricola, designacaoUnidade, idEstadoOperacao, quantidade, dataOperacao, instanteRegistoOperacao) VALUES (219, 'Rega', 'm3',  1 ,  3.0,  TO_DATE('15/07/2022', 'DD/MM/YYYY'),CURRENT_TIMESTAMP);
INSERT INTO Operacao (idOperacao, designacaoOperacaoAgricola, designacaoUnidade, idEstadoOperacao, quantidade, dataOperacao, instanteRegistoOperacao) VALUES (220, 'Colheita', 'kg', 1 ,   600.0,  TO_DATE('15/07/2022', 'DD/MM/YYYY'),CURRENT_TIMESTAMP);
INSERT INTO Operacao (idOperacao, designacaoOperacaoAgricola, designacaoUnidade, idEstadoOperacao, quantidade, dataOperacao, instanteRegistoOperacao) VALUES (221, 'Colheita', 'kg', 1 ,   500.0,  TO_DATE('20/07/2022', 'DD/MM/YYYY'),CURRENT_TIMESTAMP);
INSERT INTO Operacao (idOperacao, designacaoOperacaoAgricola, designacaoUnidade, idEstadoOperacao, quantidade, dataOperacao, instanteRegistoOperacao) VALUES (222, 'Rega', 'm3', 1 ,   15.0,  TO_DATE('24/07/2022', 'DD/MM/YYYY'),CURRENT_TIMESTAMP);
INSERT INTO Operacao (idOperacao, designacaoOperacaoAgricola, designacaoUnidade, idEstadoOperacao, quantidade, dataOperacao, instanteRegistoOperacao) VALUES (223, 'Rega', 'm3', 1 ,   5.0,  TO_DATE('30/07/2022', 'DD/MM/YYYY'),CURRENT_TIMESTAMP);
INSERT INTO Operacao (idOperacao, designacaoOperacaoAgricola, designacaoUnidade, idEstadoOperacao, quantidade, dataOperacao, instanteRegistoOperacao) VALUES (224, 'Rega', 'm3', 1 ,   5.0,  TO_DATE('30/07/2022', 'DD/MM/YYYY'),CURRENT_TIMESTAMP);
INSERT INTO Operacao (idOperacao, designacaoOperacaoAgricola, designacaoUnidade, idEstadoOperacao, quantidade, dataOperacao, instanteRegistoOperacao) VALUES (225, 'Rega', 'm3', 1 ,   5.0,  TO_DATE('30/07/2022', 'DD/MM/YYYY'),CURRENT_TIMESTAMP);
INSERT INTO Operacao (idOperacao, designacaoOperacaoAgricola, designacaoUnidade, idEstadoOperacao, quantidade, dataOperacao, instanteRegistoOperacao) VALUES (226, 'Rega', 'm3', 1 ,   5.0,  TO_DATE('30/07/2022', 'DD/MM/YYYY'),CURRENT_TIMESTAMP);
INSERT INTO Operacao (idOperacao, designacaoOperacaoAgricola, designacaoUnidade, idEstadoOperacao, quantidade, dataOperacao, instanteRegistoOperacao) VALUES (227, 'Rega', 'm3', 1 ,   2.5,  TO_DATE('30/07/2022', 'DD/MM/YYYY'),CURRENT_TIMESTAMP);
INSERT INTO Operacao (idOperacao, designacaoOperacaoAgricola, designacaoUnidade, idEstadoOperacao, quantidade, dataOperacao, instanteRegistoOperacao) VALUES (228, 'Rega', 'm3',  1 ,  15.0,  TO_DATE('07/08/2022', 'DD/MM/YYYY'),CURRENT_TIMESTAMP);
INSERT INTO Operacao (idOperacao, designacaoOperacaoAgricola, designacaoUnidade, idEstadoOperacao, quantidade, dataOperacao, instanteRegistoOperacao) VALUES (229, 'Rega', 'm3', 1 ,   0.8,  TO_DATE('10/08/2022', 'DD/MM/YYYY'),CURRENT_TIMESTAMP);
INSERT INTO Operacao (idOperacao, designacaoOperacaoAgricola, designacaoUnidade, idEstadoOperacao, quantidade, dataOperacao, instanteRegistoOperacao) VALUES (230, 'Rega', 'm3', 1 ,   1.5,  TO_DATE('10/08/2022', 'DD/MM/YYYY'),CURRENT_TIMESTAMP);
INSERT INTO Operacao (idOperacao, designacaoOperacaoAgricola, designacaoUnidade, idEstadoOperacao, quantidade, dataOperacao, instanteRegistoOperacao) VALUES (231, 'Colheita', 'kg', 1 ,   1200.0,  TO_DATE('12/08/2022', 'DD/MM/YYYY'),CURRENT_TIMESTAMP);
INSERT INTO Operacao (idOperacao, designacaoOperacaoAgricola, designacaoUnidade, idEstadoOperacao, quantidade, dataOperacao, instanteRegistoOperacao) VALUES (232, 'Colheita', 'kg', 1 ,   600.0,  TO_DATE('12/08/2022', 'DD/MM/YYYY'),CURRENT_TIMESTAMP);
INSERT INTO Operacao (idOperacao, designacaoOperacaoAgricola, designacaoUnidade, idEstadoOperacao, quantidade, dataOperacao, instanteRegistoOperacao) VALUES (233, 'Colheita', 'kg', 1 ,   3500.0,  TO_DATE('17/08/2022', 'DD/MM/YYYY'),CURRENT_TIMESTAMP);
INSERT INTO Operacao (idOperacao, designacaoOperacaoAgricola, designacaoUnidade, idEstadoOperacao, quantidade, dataOperacao, instanteRegistoOperacao) VALUES (234, 'Rega', 'm3', 1 ,   3.0,  TO_DATE('17/08/2022', 'DD/MM/YYYY'),CURRENT_TIMESTAMP);
INSERT INTO Operacao (idOperacao, designacaoOperacaoAgricola, designacaoUnidade, idEstadoOperacao, quantidade, dataOperacao, instanteRegistoOperacao) VALUES (235, 'Colheita', 'kg', 1 ,   3300.0,  TO_DATE('18/08/2022', 'DD/MM/YYYY'),CURRENT_TIMESTAMP);
INSERT INTO Operacao (idOperacao, designacaoOperacaoAgricola, designacaoUnidade, idEstadoOperacao, quantidade, dataOperacao, instanteRegistoOperacao) VALUES (236, 'Colheita', 'kg', 1 ,   950.0,  TO_DATE('20/08/2022', 'DD/MM/YYYY'),CURRENT_TIMESTAMP);
INSERT INTO Operacao (idOperacao, designacaoOperacaoAgricola, designacaoUnidade, idEstadoOperacao, quantidade, dataOperacao, instanteRegistoOperacao) VALUES (237, 'Colheita', 'kg', 1 ,   950.0,  TO_DATE('20/08/2022', 'DD/MM/YYYY'),CURRENT_TIMESTAMP);
INSERT INTO Operacao (idOperacao, designacaoOperacaoAgricola, designacaoUnidade, idEstadoOperacao, quantidade, dataOperacao, instanteRegistoOperacao) VALUES (238, 'Colheita', 'kg', 1 ,   650.0,  TO_DATE('24/08/2022', 'DD/MM/YYYY'),CURRENT_TIMESTAMP);
INSERT INTO Operacao (idOperacao, designacaoOperacaoAgricola, designacaoUnidade, idEstadoOperacao, quantidade, dataOperacao, instanteRegistoOperacao) VALUES (239, 'Colheita', 'kg', 1 ,   1900.0,  TO_DATE('05/09/2022', 'DD/MM/YYYY'),CURRENT_TIMESTAMP);
INSERT INTO Operacao (idOperacao, designacaoOperacaoAgricola, designacaoUnidade, idEstadoOperacao, quantidade, dataOperacao, instanteRegistoOperacao) VALUES (240, 'Colheita', 'kg', 1 ,   830.0,  TO_DATE('07/09/2022', 'DD/MM/YYYY'),CURRENT_TIMESTAMP);
INSERT INTO Operacao (idOperacao, designacaoOperacaoAgricola, designacaoUnidade, idEstadoOperacao, quantidade, dataOperacao, instanteRegistoOperacao) VALUES (241, 'Colheita', 'kg', 1 ,   830.0,  TO_DATE('07/09/2022', 'DD/MM/YYYY'),CURRENT_TIMESTAMP);
INSERT INTO Operacao (idOperacao, designacaoOperacaoAgricola, designacaoUnidade, idEstadoOperacao, quantidade, dataOperacao, instanteRegistoOperacao) VALUES (242, 'Colheita', 'kg', 1 ,   750.0,  TO_DATE('11/09/2022', 'DD/MM/YYYY'),CURRENT_TIMESTAMP);
INSERT INTO Operacao (idOperacao, designacaoOperacaoAgricola, designacaoUnidade, idEstadoOperacao, quantidade, dataOperacao, instanteRegistoOperacao) VALUES (243, 'Colheita', 'kg', 1 ,   1150.0,  TO_DATE('20/09/2022', 'DD/MM/YYYY'),CURRENT_TIMESTAMP);
INSERT INTO Operacao (idOperacao, designacaoOperacaoAgricola, designacaoUnidade, idEstadoOperacao, quantidade, dataOperacao, instanteRegistoOperacao) VALUES (244, 'Sementeira', 'kg', 1 ,   0.6,  TO_DATE('20/09/2022', 'DD/MM/YYYY'),CURRENT_TIMESTAMP);
INSERT INTO Operacao (idOperacao, designacaoOperacaoAgricola, designacaoUnidade, idEstadoOperacao, quantidade, dataOperacao, instanteRegistoOperacao) VALUES (245, 'Sementeira', 'ha',  1 ,  1.3,  TO_DATE('12/10/2022', 'DD/MM/YYYY'),CURRENT_TIMESTAMP);
INSERT INTO Operacao (idOperacao, designacaoOperacaoAgricola, designacaoUnidade, idEstadoOperacao, quantidade, dataOperacao, instanteRegistoOperacao) VALUES (246, 'Colheita', 'kg', 1 ,   850.0,  TO_DATE('17/10/2022', 'DD/MM/YYYY'),CURRENT_TIMESTAMP);
INSERT INTO Operacao (idOperacao, designacaoOperacaoAgricola, designacaoUnidade, idEstadoOperacao, quantidade, dataOperacao, instanteRegistoOperacao) VALUES (247, 'Colheita', 'kg', 1 ,   900.0,  TO_DATE('06/11/2022', 'DD/MM/YYYY'),CURRENT_TIMESTAMP);
INSERT INTO Operacao (idOperacao, designacaoOperacaoAgricola, designacaoUnidade, idEstadoOperacao, quantidade, dataOperacao, instanteRegistoOperacao) VALUES (248, 'Poda', 'un', 1 ,   30.0,  TO_DATE('10/11/2022', 'DD/MM/YYYY'),CURRENT_TIMESTAMP);
INSERT INTO Operacao (idOperacao, designacaoOperacaoAgricola, designacaoUnidade, idEstadoOperacao, quantidade, dataOperacao, instanteRegistoOperacao) VALUES (249, 'Poda', 'un', 1 ,   20.0,  TO_DATE('10/11/2022', 'DD/MM/YYYY'),CURRENT_TIMESTAMP);
INSERT INTO Operacao (idOperacao, designacaoOperacaoAgricola, designacaoUnidade, idEstadoOperacao, quantidade, dataOperacao, instanteRegistoOperacao) VALUES (250, 'Colheita', 'kg', 1 ,   300.0,  TO_DATE('12/11/2022', 'DD/MM/YYYY'),CURRENT_TIMESTAMP);
INSERT INTO Operacao (idOperacao, designacaoOperacaoAgricola, designacaoUnidade, idEstadoOperacao, quantidade, dataOperacao, instanteRegistoOperacao) VALUES (251, 'Colheita', 'kg', 1 ,   200.0,  TO_DATE('12/11/2022', 'DD/MM/YYYY'),CURRENT_TIMESTAMP);
INSERT INTO Operacao (idOperacao, designacaoOperacaoAgricola, designacaoUnidade, idEstadoOperacao, quantidade, dataOperacao, instanteRegistoOperacao) VALUES (252, 'Colheita', 'kg', 1 ,   50.0,  TO_DATE('15/11/2022', 'DD/MM/YYYY'),CURRENT_TIMESTAMP);
INSERT INTO Operacao (idOperacao, designacaoOperacaoAgricola, designacaoUnidade, idEstadoOperacao, quantidade, dataOperacao, instanteRegistoOperacao) VALUES (253, 'Poda', 'un', 1 ,   70.0,  TO_DATE('04/12/2022', 'DD/MM/YYYY'),CURRENT_TIMESTAMP);
INSERT INTO Operacao (idOperacao, designacaoOperacaoAgricola, designacaoUnidade, idEstadoOperacao, quantidade, dataOperacao, instanteRegistoOperacao) VALUES (254, 'Poda', 'un', 1 ,   70.0,  TO_DATE('04/12/2022', 'DD/MM/YYYY'),CURRENT_TIMESTAMP);
INSERT INTO Operacao (idOperacao, designacaoOperacaoAgricola, designacaoUnidade, idEstadoOperacao, quantidade, dataOperacao, instanteRegistoOperacao) VALUES (255, 'Poda', 'un', 1 ,   90.0,  TO_DATE('07/12/2022', 'DD/MM/YYYY'),CURRENT_TIMESTAMP);
INSERT INTO Operacao (idOperacao, designacaoOperacaoAgricola, designacaoUnidade, idEstadoOperacao, quantidade, dataOperacao, instanteRegistoOperacao) VALUES (256, 'Fertilização', 'kg', 1 ,   15.0,  TO_DATE('11/12/2022', 'DD/MM/YYYY'),CURRENT_TIMESTAMP);
INSERT INTO Operacao (idOperacao, designacaoOperacaoAgricola, designacaoUnidade, idEstadoOperacao, quantidade, dataOperacao, instanteRegistoOperacao) VALUES (257, 'Fertilização', 'kg', 1 ,   10.0,  TO_DATE('11/12/2022', 'DD/MM/YYYY'),CURRENT_TIMESTAMP);
INSERT INTO Operacao (idOperacao, designacaoOperacaoAgricola, designacaoUnidade, idEstadoOperacao, quantidade, dataOperacao, instanteRegistoOperacao) VALUES (258, 'Poda', 'un', 1 ,   500.0,  TO_DATE('16/12/2022', 'DD/MM/YYYY'),CURRENT_TIMESTAMP);
INSERT INTO Operacao (idOperacao, designacaoOperacaoAgricola, designacaoUnidade, idEstadoOperacao, quantidade, dataOperacao, instanteRegistoOperacao) VALUES (259, 'Colheita', 'kg', 1 ,   200.0,  TO_DATE('18/12/2022', 'DD/MM/YYYY'),CURRENT_TIMESTAMP);
INSERT INTO Operacao (idOperacao, designacaoOperacaoAgricola, designacaoUnidade, idEstadoOperacao, quantidade, dataOperacao, instanteRegistoOperacao) VALUES (260, 'Poda', 'un', 1 ,   700.0,  TO_DATE('18/12/2022', 'DD/MM/YYYY'),CURRENT_TIMESTAMP);
INSERT INTO Operacao (idOperacao, designacaoOperacaoAgricola, designacaoUnidade, idEstadoOperacao, quantidade, dataOperacao, instanteRegistoOperacao) VALUES (261, 'Poda', 'un', 1 ,   60.0,  TO_DATE('12/01/2023', 'DD/MM/YYYY'),CURRENT_TIMESTAMP);
INSERT INTO Operacao (idOperacao, designacaoOperacaoAgricola, designacaoUnidade, idEstadoOperacao, quantidade, dataOperacao, instanteRegistoOperacao) VALUES (262, 'Colheita', 'kg', 1 ,   250.0,  TO_DATE('14/01/2023', 'DD/MM/YYYY'),CURRENT_TIMESTAMP);
INSERT INTO Operacao (idOperacao, designacaoOperacaoAgricola, designacaoUnidade, idEstadoOperacao, quantidade, dataOperacao, instanteRegistoOperacao) VALUES (263, 'Aplicação fitofármaco', 'kg', 1 ,   4.0,  TO_DATE('20/01/2023', 'DD/MM/YYYY'),CURRENT_TIMESTAMP);
INSERT INTO Operacao (idOperacao, designacaoOperacaoAgricola, designacaoUnidade, idEstadoOperacao, quantidade, dataOperacao, instanteRegistoOperacao) VALUES (264, 'Aplicação fitofármaco', 'kg', 1 ,   5.0,  TO_DATE('20/01/2023', 'DD/MM/YYYY'),CURRENT_TIMESTAMP);
INSERT INTO Operacao (idOperacao, designacaoOperacaoAgricola, designacaoUnidade, idEstadoOperacao, quantidade, dataOperacao, instanteRegistoOperacao) VALUES (265, 'Incorporação no solo', 'ha', 1 ,   1.3,  TO_DATE('20/03/2023', 'DD/MM/YYYY'),CURRENT_TIMESTAMP);
INSERT INTO Operacao (idOperacao, designacaoOperacaoAgricola, designacaoUnidade, idEstadoOperacao, quantidade, dataOperacao, instanteRegistoOperacao) VALUES (266, 'Rega', 'min', 1 ,  120.0,  TO_DATE('14/05/2023 - 07:00', 'DD/MM/YYYY - HH24:MI'),CURRENT_TIMESTAMP);
INSERT INTO Operacao (idOperacao, designacaoOperacaoAgricola, designacaoUnidade, idEstadoOperacao, quantidade, dataOperacao, instanteRegistoOperacao) VALUES (267, 'Rega', 'min', 1 ,  120.0,  TO_DATE('01/06/2023 - 07:00', 'DD/MM/YYYY - HH24:MI'),CURRENT_TIMESTAMP);
INSERT INTO Operacao (idOperacao, designacaoOperacaoAgricola, designacaoUnidade, idEstadoOperacao, quantidade, dataOperacao, instanteRegistoOperacao) VALUES (268, 'Rega', 'min', 1 ,  120.0,  TO_DATE('15/06/2023 - 07:00', 'DD/MM/YYYY - HH24:MI'),CURRENT_TIMESTAMP);
INSERT INTO Operacao (idOperacao, designacaoOperacaoAgricola, designacaoUnidade, idEstadoOperacao, quantidade, dataOperacao, instanteRegistoOperacao) VALUES (269, 'Rega', 'min', 1 ,  120.0,  TO_DATE('30/06/2023 - 07:00', 'DD/MM/YYYY - HH24:MI'),CURRENT_TIMESTAMP);
INSERT INTO Operacao (idOperacao, designacaoOperacaoAgricola, designacaoUnidade, idEstadoOperacao, quantidade, dataOperacao, instanteRegistoOperacao) VALUES (270, 'Rega', 'min', 1 ,  180.0,  TO_DATE('07/07/2023 - 07:00', 'DD/MM/YYYY - HH24:MI'),CURRENT_TIMESTAMP);
INSERT INTO Operacao (idOperacao, designacaoOperacaoAgricola, designacaoUnidade, idEstadoOperacao, quantidade, dataOperacao, instanteRegistoOperacao) VALUES (271, 'Rega', 'min', 1 ,  180.0,  TO_DATE('14/07/2023 - 22:00', 'DD/MM/YYYY - HH24:MI'),CURRENT_TIMESTAMP);
INSERT INTO Operacao (idOperacao, designacaoOperacaoAgricola, designacaoUnidade, idEstadoOperacao, quantidade, dataOperacao, instanteRegistoOperacao) VALUES (272, 'Rega', 'min', 1 ,  180.0,  TO_DATE('21/07/2023 - 22:00', 'DD/MM/YYYY - HH24:MI'),CURRENT_TIMESTAMP);
INSERT INTO Operacao (idOperacao, designacaoOperacaoAgricola, designacaoUnidade, idEstadoOperacao, quantidade, dataOperacao, instanteRegistoOperacao) VALUES (273, 'Rega', 'min', 1 ,  180.0,  TO_DATE('28/07/2023 - 22:00', 'DD/MM/YYYY - HH24:MI'),CURRENT_TIMESTAMP);
INSERT INTO Operacao (idOperacao, designacaoOperacaoAgricola, designacaoUnidade, idEstadoOperacao, quantidade, dataOperacao, instanteRegistoOperacao) VALUES (274, 'Rega', 'min', 1 ,  150.0,  TO_DATE('04/08/2023 - 22:00', 'DD/MM/YYYY - HH24:MI'),CURRENT_TIMESTAMP);
INSERT INTO Operacao (idOperacao, designacaoOperacaoAgricola, designacaoUnidade, idEstadoOperacao, quantidade, dataOperacao, instanteRegistoOperacao) VALUES (275, 'Rega', 'min', 1 ,  150.0,  TO_DATE('11/08/2023 - 22:00', 'DD/MM/YYYY - HH24:MI'),CURRENT_TIMESTAMP);
INSERT INTO Operacao (idOperacao, designacaoOperacaoAgricola, designacaoUnidade, idEstadoOperacao, quantidade, dataOperacao, instanteRegistoOperacao) VALUES (276, 'Rega', 'min', 1 ,  150.0,  TO_DATE('18/08/2023 - 22:00', 'DD/MM/YYYY - HH24:MI'),CURRENT_TIMESTAMP);
INSERT INTO Operacao (idOperacao, designacaoOperacaoAgricola, designacaoUnidade, idEstadoOperacao, quantidade, dataOperacao, instanteRegistoOperacao) VALUES (277, 'Rega', 'min', 1 ,  120.0,  TO_DATE('25/08/2023 - 22:00', 'DD/MM/YYYY - HH24:MI'),CURRENT_TIMESTAMP);
INSERT INTO Operacao (idOperacao, designacaoOperacaoAgricola, designacaoUnidade, idEstadoOperacao, quantidade, dataOperacao, instanteRegistoOperacao) VALUES (278, 'Rega', 'min', 1 ,  120.0,  TO_DATE('01/09/2023 - 22:00', 'DD/MM/YYYY - HH24:MI'),CURRENT_TIMESTAMP);
INSERT INTO Operacao (idOperacao, designacaoOperacaoAgricola, designacaoUnidade, idEstadoOperacao, quantidade, dataOperacao, instanteRegistoOperacao) VALUES (279, 'Rega', 'min', 1 ,  120.0,  TO_DATE('08/09/2023 - 22:00', 'DD/MM/YYYY - HH24:MI'),CURRENT_TIMESTAMP);
INSERT INTO Operacao (idOperacao, designacaoOperacaoAgricola, designacaoUnidade, idEstadoOperacao, quantidade, dataOperacao, instanteRegistoOperacao) VALUES (280, 'Rega', 'min', 1 ,  120.0,  TO_DATE('13/05/2023 - 23:00', 'DD/MM/YYYY - HH24:MI'),CURRENT_TIMESTAMP);
INSERT INTO Operacao (idOperacao, designacaoOperacaoAgricola, designacaoUnidade, idEstadoOperacao, quantidade, dataOperacao, instanteRegistoOperacao) VALUES (281, 'Rega', 'min', 1 ,  120.0,  TO_DATE('02/06/2023 - 23:00', 'DD/MM/YYYY - HH24:MI'),CURRENT_TIMESTAMP);
INSERT INTO Operacao (idOperacao, designacaoOperacaoAgricola, designacaoUnidade, idEstadoOperacao, quantidade, dataOperacao, instanteRegistoOperacao) VALUES (282, 'Rega', 'min', 1 ,  120.0,  TO_DATE('16/06/2023 - 23:00', 'DD/MM/YYYY - HH24:MI'),CURRENT_TIMESTAMP);
INSERT INTO Operacao (idOperacao, designacaoOperacaoAgricola, designacaoUnidade, idEstadoOperacao, quantidade, dataOperacao, instanteRegistoOperacao) VALUES (283, 'Rega', 'min', 1 ,  120.0,  TO_DATE('01/07/2023 - 23:00', 'DD/MM/YYYY - HH24:MI'),CURRENT_TIMESTAMP);
INSERT INTO Operacao (idOperacao, designacaoOperacaoAgricola, designacaoUnidade, idEstadoOperacao, quantidade, dataOperacao, instanteRegistoOperacao) VALUES (284, 'Rega', 'min', 1 ,  180.0,  TO_DATE('08/07/2023 - 23:00', 'DD/MM/YYYY - HH24:MI'),CURRENT_TIMESTAMP);
INSERT INTO Operacao (idOperacao, designacaoOperacaoAgricola, designacaoUnidade, idEstadoOperacao, quantidade, dataOperacao, instanteRegistoOperacao) VALUES (285, 'Rega', 'min', 1 ,  180.0,  TO_DATE('15/07/2023 - 23:00', 'DD/MM/YYYY - HH24:MI'),CURRENT_TIMESTAMP);
INSERT INTO Operacao (idOperacao, designacaoOperacaoAgricola, designacaoUnidade, idEstadoOperacao, quantidade, dataOperacao, instanteRegistoOperacao) VALUES (286, 'Rega', 'min', 1 ,  180.0,  TO_DATE('22/07/2023 - 23:00', 'DD/MM/YYYY - HH24:MI'),CURRENT_TIMESTAMP);
INSERT INTO Operacao (idOperacao, designacaoOperacaoAgricola, designacaoUnidade, idEstadoOperacao, quantidade, dataOperacao, instanteRegistoOperacao) VALUES (287, 'Rega', 'min', 1 ,  180.0,  TO_DATE('29/07/2023 - 23:00', 'DD/MM/YYYY - HH24:MI'),CURRENT_TIMESTAMP);
INSERT INTO Operacao (idOperacao, designacaoOperacaoAgricola, designacaoUnidade, idEstadoOperacao, quantidade, dataOperacao, instanteRegistoOperacao) VALUES (288, 'Rega', 'min', 1 ,  150.0,  TO_DATE('05/08/2023 - 23:00', 'DD/MM/YYYY - HH24:MI'),CURRENT_TIMESTAMP);
INSERT INTO Operacao (idOperacao, designacaoOperacaoAgricola, designacaoUnidade, idEstadoOperacao, quantidade, dataOperacao, instanteRegistoOperacao) VALUES (289, 'Rega', 'min', 1 ,  150.0,  TO_DATE('10/08/2023 - 23:00', 'DD/MM/YYYY - HH24:MI'),CURRENT_TIMESTAMP);
INSERT INTO Operacao (idOperacao, designacaoOperacaoAgricola, designacaoUnidade, idEstadoOperacao, quantidade, dataOperacao, instanteRegistoOperacao) VALUES (290, 'Rega', 'min', 1 ,  150.0,  TO_DATE('17/08/2023 - 23:00', 'DD/MM/YYYY - HH24:MI'),CURRENT_TIMESTAMP);
INSERT INTO Operacao (idOperacao, designacaoOperacaoAgricola, designacaoUnidade, idEstadoOperacao, quantidade, dataOperacao, instanteRegistoOperacao) VALUES (291, 'Rega', 'min', 1 ,  120.0,  TO_DATE('24/08/2023 - 23:00', 'DD/MM/YYYY - HH24:MI'),CURRENT_TIMESTAMP);
INSERT INTO Operacao (idOperacao, designacaoOperacaoAgricola, designacaoUnidade, idEstadoOperacao, quantidade, dataOperacao, instanteRegistoOperacao) VALUES (292, 'Rega', 'min', 1 ,  120.0,  TO_DATE('02/09/2023 - 23:00', 'DD/MM/YYYY - HH24:MI'),CURRENT_TIMESTAMP);
INSERT INTO Operacao (idOperacao, designacaoOperacaoAgricola, designacaoUnidade, idEstadoOperacao, quantidade, dataOperacao, instanteRegistoOperacao) VALUES (293, 'Rega', 'min', 1 ,  120.0,  TO_DATE('09/09/2023 - 23:00', 'DD/MM/YYYY - HH24:MI'),CURRENT_TIMESTAMP);
INSERT INTO Operacao (idOperacao, designacaoOperacaoAgricola, designacaoUnidade, idEstadoOperacao, quantidade, dataOperacao, instanteRegistoOperacao) VALUES (294, 'Rega', 'min', 1 ,  120.0,  TO_DATE('18/09/2023 - 23:00', 'DD/MM/YYYY - HH24:MI'),CURRENT_TIMESTAMP);
INSERT INTO Operacao (idOperacao, designacaoOperacaoAgricola, designacaoUnidade, idEstadoOperacao, quantidade, dataOperacao, instanteRegistoOperacao) VALUES (295, 'Rega', 'min', 1 ,  60.0,  TO_DATE('02/06/2023 - 06:00', 'DD/MM/YYYY - HH24:MI'),CURRENT_TIMESTAMP);
INSERT INTO Operacao (idOperacao, designacaoOperacaoAgricola, designacaoUnidade, idEstadoOperacao, quantidade, dataOperacao, instanteRegistoOperacao) VALUES (296, 'Rega', 'min', 1 ,  120.0,  TO_DATE('02/07/2023 - 06:00', 'DD/MM/YYYY - HH24:MI'),CURRENT_TIMESTAMP);
INSERT INTO Operacao (idOperacao, designacaoOperacaoAgricola, designacaoUnidade, idEstadoOperacao, quantidade, dataOperacao, instanteRegistoOperacao) VALUES (297, 'Rega', 'min', 1 ,  180.0,  TO_DATE('02/08/2023 - 05:00', 'DD/MM/YYYY - HH24:MI'),CURRENT_TIMESTAMP);
INSERT INTO Operacao (idOperacao, designacaoOperacaoAgricola, designacaoUnidade, idEstadoOperacao, quantidade, dataOperacao, instanteRegistoOperacao) VALUES (298, 'Rega', 'min', 1 ,  120.0,  TO_DATE('04/09/2023 - 06:00', 'DD/MM/YYYY - HH24:MI'),CURRENT_TIMESTAMP);
INSERT INTO Operacao (idOperacao, designacaoOperacaoAgricola, designacaoUnidade, idEstadoOperacao, quantidade, dataOperacao, instanteRegistoOperacao) VALUES (299, 'Rega', 'min', 1 ,  60.0,  TO_DATE('02/10/2023 - 06:00', 'DD/MM/YYYY - HH24:MI'),CURRENT_TIMESTAMP);
INSERT INTO Operacao (idOperacao, designacaoOperacaoAgricola, designacaoUnidade, idEstadoOperacao, quantidade, dataOperacao, instanteRegistoOperacao) VALUES (300, 'Rega', 'min', 1 ,  60.0,  TO_DATE('12/06/2023 - 06:00', 'DD/MM/YYYY - HH24:MI'),CURRENT_TIMESTAMP);
INSERT INTO Operacao (idOperacao, designacaoOperacaoAgricola, designacaoUnidade, idEstadoOperacao, quantidade, dataOperacao, instanteRegistoOperacao) VALUES (301, 'Rega', 'min', 1 ,  60.0,  TO_DATE('19/06/2023 - 06:00', 'DD/MM/YYYY - HH24:MI'),CURRENT_TIMESTAMP);
INSERT INTO Operacao (idOperacao, designacaoOperacaoAgricola, designacaoUnidade, idEstadoOperacao, quantidade, dataOperacao, instanteRegistoOperacao) VALUES (302, 'Rega', 'min', 1 ,  120.0,  TO_DATE('30/06/2023 - 04:00', 'DD/MM/YYYY - HH24:MI'),CURRENT_TIMESTAMP);
INSERT INTO Operacao (idOperacao, designacaoOperacaoAgricola, designacaoUnidade, idEstadoOperacao, quantidade, dataOperacao, instanteRegistoOperacao) VALUES (303, 'Rega', 'min', 1 ,  120.0,  TO_DATE('08/07/2023 - 04:00', 'DD/MM/YYYY - HH24:MI'),CURRENT_TIMESTAMP);
INSERT INTO Operacao (idOperacao, designacaoOperacaoAgricola, designacaoUnidade, idEstadoOperacao, quantidade, dataOperacao, instanteRegistoOperacao) VALUES (304, 'Rega', 'min', 1 ,  120.0,  TO_DATE('15/07/2023 - 04:00', 'DD/MM/YYYY - HH24:MI'),CURRENT_TIMESTAMP);
INSERT INTO Operacao (idOperacao, designacaoOperacaoAgricola, designacaoUnidade, idEstadoOperacao, quantidade, dataOperacao, instanteRegistoOperacao) VALUES (305, 'Rega', 'min', 1 ,  150.0,  TO_DATE('22/07/2023 - 04:00', 'DD/MM/YYYY - HH24:MI'),CURRENT_TIMESTAMP);
INSERT INTO Operacao (idOperacao, designacaoOperacaoAgricola, designacaoUnidade, idEstadoOperacao, quantidade, dataOperacao, instanteRegistoOperacao) VALUES (306, 'Rega', 'min', 1 ,  150.0,  TO_DATE('29/07/2023 - 04:00', 'DD/MM/YYYY - HH24:MI'),CURRENT_TIMESTAMP);
INSERT INTO Operacao (idOperacao, designacaoOperacaoAgricola, designacaoUnidade, idEstadoOperacao, quantidade, dataOperacao, instanteRegistoOperacao) VALUES (307, 'Rega', 'min', 1 ,  120.0,  TO_DATE('05/08/2023 - 21:30', 'DD/MM/YYYY - HH24:MI'),CURRENT_TIMESTAMP);
INSERT INTO Operacao (idOperacao, designacaoOperacaoAgricola, designacaoUnidade, idEstadoOperacao, quantidade, dataOperacao, instanteRegistoOperacao) VALUES (308, 'Rega', 'min', 1 ,  120.0,  TO_DATE('12/08/2023 - 21:30', 'DD/MM/YYYY - HH24:MI'),CURRENT_TIMESTAMP);
INSERT INTO Operacao (idOperacao, designacaoOperacaoAgricola, designacaoUnidade, idEstadoOperacao, quantidade, dataOperacao, instanteRegistoOperacao) VALUES (309, 'Rega', 'min', 1 ,  120.0,  TO_DATE('19/08/2023 - 21:30', 'DD/MM/YYYY - HH24:MI'),CURRENT_TIMESTAMP);
INSERT INTO Operacao (idOperacao, designacaoOperacaoAgricola, designacaoUnidade, idEstadoOperacao, quantidade, dataOperacao, instanteRegistoOperacao) VALUES (310, 'Rega', 'min', 1 ,  120.0,  TO_DATE('26/08/2023 - 21:30', 'DD/MM/YYYY - HH24:MI'),CURRENT_TIMESTAMP);
INSERT INTO Operacao (idOperacao, designacaoOperacaoAgricola, designacaoUnidade, idEstadoOperacao, quantidade, dataOperacao, instanteRegistoOperacao) VALUES (311, 'Rega', 'min', 1 ,  120.0,  TO_DATE('31/08/2023 - 21:30', 'DD/MM/YYYY - HH24:MI'),CURRENT_TIMESTAMP);
INSERT INTO Operacao (idOperacao, designacaoOperacaoAgricola, designacaoUnidade, idEstadoOperacao, quantidade, dataOperacao, instanteRegistoOperacao) VALUES (312, 'Rega', 'min', 1 ,  120.0,  TO_DATE('05/09/2023 - 21:30', 'DD/MM/YYYY - HH24:MI'),CURRENT_TIMESTAMP);
INSERT INTO Operacao (idOperacao, designacaoOperacaoAgricola, designacaoUnidade, idEstadoOperacao, quantidade, dataOperacao, instanteRegistoOperacao) VALUES (313, 'Rega', 'min', 1 ,  120.0,  TO_DATE('20/05/2023 - 07:30', 'DD/MM/YYYY - HH24:MI'),CURRENT_TIMESTAMP);
INSERT INTO Operacao (idOperacao, designacaoOperacaoAgricola, designacaoUnidade, idEstadoOperacao, quantidade, dataOperacao, instanteRegistoOperacao) VALUES (314, 'Rega', 'min', 1 ,  120.0,  TO_DATE('02/06/2023 - 07:30', 'DD/MM/YYYY - HH24:MI'),CURRENT_TIMESTAMP);
INSERT INTO Operacao (idOperacao, designacaoOperacaoAgricola, designacaoUnidade, idEstadoOperacao, quantidade, dataOperacao, instanteRegistoOperacao) VALUES (315, 'Rega', 'min', 1 ,  120.0,  TO_DATE('09/06/2023 - 06:20', 'DD/MM/YYYY - HH24:MI'),CURRENT_TIMESTAMP);
INSERT INTO Operacao (idOperacao, designacaoOperacaoAgricola, designacaoUnidade, idEstadoOperacao, quantidade, dataOperacao, instanteRegistoOperacao) VALUES (316, 'Rega', 'min', 1 ,  120.0,  TO_DATE('09/07/2023 - 06:20', 'DD/MM/YYYY - HH24:MI'),CURRENT_TIMESTAMP);
INSERT INTO Operacao (idOperacao, designacaoOperacaoAgricola, designacaoUnidade, idEstadoOperacao, quantidade, dataOperacao, instanteRegistoOperacao) VALUES (317, 'Rega', 'min', 1 ,  120.0,  TO_DATE('16/07/2023 - 06:20', 'DD/MM/YYYY - HH24:MI'),CURRENT_TIMESTAMP);
INSERT INTO Operacao (idOperacao, designacaoOperacaoAgricola, designacaoUnidade, idEstadoOperacao, quantidade, dataOperacao, instanteRegistoOperacao) VALUES (318, 'Rega', 'min', 1 ,  120.0,  TO_DATE('23/07/2023 - 06:20', 'DD/MM/YYYY - HH24:MI'),CURRENT_TIMESTAMP);
INSERT INTO Operacao (idOperacao, designacaoOperacaoAgricola, designacaoUnidade, idEstadoOperacao, quantidade, dataOperacao, instanteRegistoOperacao) VALUES (319, 'Rega', 'min', 1 ,  120.0,  TO_DATE('30/07/2023 - 06:20', 'DD/MM/YYYY - HH24:MI'),CURRENT_TIMESTAMP);
INSERT INTO Operacao (idOperacao, designacaoOperacaoAgricola, designacaoUnidade, idEstadoOperacao, quantidade, dataOperacao, instanteRegistoOperacao) VALUES (320, 'Rega', 'min', 1 ,  120.0,  TO_DATE('07/08/2023 - 06:20', 'DD/MM/YYYY - HH24:MI'),CURRENT_TIMESTAMP);
INSERT INTO Operacao (idOperacao, designacaoOperacaoAgricola, designacaoUnidade, idEstadoOperacao, quantidade, dataOperacao, instanteRegistoOperacao) VALUES (321, 'Rega', 'min', 1 ,  120.0,  TO_DATE('14/08/2023 - 06:20', 'DD/MM/YYYY - HH24:MI'),CURRENT_TIMESTAMP);
INSERT INTO Operacao (idOperacao, designacaoOperacaoAgricola, designacaoUnidade, idEstadoOperacao, quantidade, dataOperacao, instanteRegistoOperacao) VALUES (322, 'Rega', 'min',  1 , 120.0,  TO_DATE('21/08/2023 - 06:20', 'DD/MM/YYYY - HH24:MI'),CURRENT_TIMESTAMP);
INSERT INTO Operacao (idOperacao, designacaoOperacaoAgricola, designacaoUnidade, idEstadoOperacao, quantidade, dataOperacao, instanteRegistoOperacao) VALUES (323, 'Rega', 'min', 1 ,  120.0,  TO_DATE('28/08/2023 - 06:20', 'DD/MM/YYYY - HH24:MI'),CURRENT_TIMESTAMP);
INSERT INTO Operacao (idOperacao, designacaoOperacaoAgricola, designacaoUnidade, idEstadoOperacao, quantidade, dataOperacao, instanteRegistoOperacao) VALUES (324, 'Rega', 'min', 1 ,  120.0,  TO_DATE('06/09/2023 - 06:20', 'DD/MM/YYYY - HH24:MI'),CURRENT_TIMESTAMP);
INSERT INTO Operacao (idOperacao, designacaoOperacaoAgricola, designacaoUnidade, idEstadoOperacao, quantidade, dataOperacao, instanteRegistoOperacao) VALUES (325, 'Rega', 'min', 1 ,  120.0,  TO_DATE('13/09/2023 - 07:00', 'DD/MM/YYYY - HH24:MI'),CURRENT_TIMESTAMP);
INSERT INTO Operacao (idOperacao, designacaoOperacaoAgricola, designacaoUnidade, idEstadoOperacao, quantidade, dataOperacao, instanteRegistoOperacao) VALUES (326, 'Rega', 'min', 1 ,  120.0,  TO_DATE('20/09/2023 - 07:00', 'DD/MM/YYYY - HH24:MI'),CURRENT_TIMESTAMP);
INSERT INTO Operacao (idOperacao, designacaoOperacaoAgricola, designacaoUnidade, idEstadoOperacao, quantidade, dataOperacao, instanteRegistoOperacao) VALUES (327, 'Colheita', 'kg', 1 ,   1500.0,  TO_DATE('14/06/2023', 'DD/MM/YYYY'),CURRENT_TIMESTAMP);
INSERT INTO Operacao (idOperacao, designacaoOperacaoAgricola, designacaoUnidade, idEstadoOperacao, quantidade, dataOperacao, instanteRegistoOperacao) VALUES (328, 'Colheita', 'kg', 1 ,   2500.0,  TO_DATE('28/06/2023', 'DD/MM/YYYY'),CURRENT_TIMESTAMP);
INSERT INTO Operacao (idOperacao, designacaoOperacaoAgricola, designacaoUnidade, idEstadoOperacao, quantidade, dataOperacao, instanteRegistoOperacao) VALUES (329, 'Colheita', 'kg', 1 ,   8000.0,  TO_DATE('15/09/2023', 'DD/MM/YYYY'),CURRENT_TIMESTAMP);
INSERT INTO Operacao (idOperacao, designacaoOperacaoAgricola, designacaoUnidade, idEstadoOperacao, quantidade, dataOperacao, instanteRegistoOperacao) VALUES (330, 'Colheita', 'kg', 1 ,   5000.0,  TO_DATE('25/09/2023', 'DD/MM/YYYY'),CURRENT_TIMESTAMP);
INSERT INTO Operacao (idOperacao, designacaoOperacaoAgricola, designacaoUnidade, idEstadoOperacao, quantidade, dataOperacao, instanteRegistoOperacao) VALUES (331, 'Colheita', 'kg', 1 ,   900.0,  TO_DATE('18/09/2023', 'DD/MM/YYYY'),CURRENT_TIMESTAMP);
INSERT INTO Operacao (idOperacao, designacaoOperacaoAgricola, designacaoUnidade, idEstadoOperacao, quantidade, dataOperacao, instanteRegistoOperacao) VALUES (332, 'Colheita', 'kg', 1 ,   1500.0,  TO_DATE('22/09/2023', 'DD/MM/YYYY'),CURRENT_TIMESTAMP);
INSERT INTO Operacao (idOperacao, designacaoOperacaoAgricola, designacaoUnidade, idEstadoOperacao, quantidade, dataOperacao, instanteRegistoOperacao) VALUES (333, 'Colheita', 'kg', 1 ,   1200.0,  TO_DATE('05/10/2023', 'DD/MM/YYYY'),CURRENT_TIMESTAMP);
INSERT INTO Operacao (idOperacao, designacaoOperacaoAgricola, designacaoUnidade, idEstadoOperacao, quantidade, dataOperacao, instanteRegistoOperacao) VALUES (334, 'Colheita', 'kg',  1 ,  400.0,  TO_DATE('02/11/2023', 'DD/MM/YYYY'),CURRENT_TIMESTAMP);
INSERT INTO Operacao (idOperacao, designacaoOperacaoAgricola, designacaoUnidade, idEstadoOperacao, quantidade, dataOperacao, instanteRegistoOperacao) VALUES (335, 'Colheita', 'kg',  1 ,  300.0,  TO_DATE('05/11/2023', 'DD/MM/YYYY'),CURRENT_TIMESTAMP);
INSERT INTO Operacao (idOperacao, designacaoOperacaoAgricola, designacaoUnidade, idEstadoOperacao, quantidade, dataOperacao, instanteRegistoOperacao) VALUES (336, 'Colheita', 'kg', 1 ,   500.0,  TO_DATE('08/11/2023', 'DD/MM/YYYY'),CURRENT_TIMESTAMP);
INSERT INTO Operacao (idOperacao, designacaoOperacaoAgricola, designacaoUnidade, idEstadoOperacao, quantidade, dataOperacao, instanteRegistoOperacao) VALUES (337, 'Colheita', 'kg', 1 ,   700.0,  TO_DATE('15/09/2023', 'DD/MM/YYYY'),CURRENT_TIMESTAMP);
INSERT INTO Operacao (idOperacao, designacaoOperacaoAgricola, designacaoUnidade, idEstadoOperacao, quantidade, dataOperacao, instanteRegistoOperacao) VALUES (338, 'Colheita', 'kg', 1 ,   600.0,  TO_DATE('16/09/2023', 'DD/MM/YYYY'),CURRENT_TIMESTAMP);
INSERT INTO Operacao (idOperacao, designacaoOperacaoAgricola, designacaoUnidade, idEstadoOperacao, quantidade, dataOperacao, instanteRegistoOperacao) VALUES (339, 'Colheita', 'kg', 1 ,   700.0,  TO_DATE('20/09/2023', 'DD/MM/YYYY'),CURRENT_TIMESTAMP);
INSERT INTO Operacao (idOperacao, designacaoOperacaoAgricola, designacaoUnidade, idEstadoOperacao, quantidade, dataOperacao, instanteRegistoOperacao) VALUES (340, 'Colheita', 'kg', 1 ,   600.0,  TO_DATE('27/09/2023', 'DD/MM/YYYY'),CURRENT_TIMESTAMP);
INSERT INTO Operacao (idOperacao, designacaoOperacaoAgricola, designacaoUnidade, idEstadoOperacao, quantidade, dataOperacao, instanteRegistoOperacao) VALUES (341, 'Colheita', 'kg', 1 ,   700.0,  TO_DATE('05/10/2023', 'DD/MM/YYYY'),CURRENT_TIMESTAMP);
INSERT INTO Operacao (idOperacao, designacaoOperacaoAgricola, designacaoUnidade, idEstadoOperacao, quantidade, dataOperacao, instanteRegistoOperacao) VALUES (342, 'Colheita', 'kg', 1 ,   1200.0,  TO_DATE('15/10/2023', 'DD/MM/YYYY'),CURRENT_TIMESTAMP);
INSERT INTO Operacao (idOperacao, designacaoOperacaoAgricola, designacaoUnidade, idEstadoOperacao, quantidade, dataOperacao, instanteRegistoOperacao) VALUES (343, 'Colheita', 'kg', 1 ,   700.0,  TO_DATE('15/10/2023', 'DD/MM/YYYY'),CURRENT_TIMESTAMP);
INSERT INTO Operacao (idOperacao, designacaoOperacaoAgricola, designacaoUnidade, idEstadoOperacao, quantidade, dataOperacao, instanteRegistoOperacao) VALUES (344, 'Colheita', 'kg', 1 ,   700.0,  TO_DATE('12/11/2023', 'DD/MM/YYYY'),CURRENT_TIMESTAMP);
INSERT INTO Operacao (idOperacao, designacaoOperacaoAgricola, designacaoUnidade, idEstadoOperacao, quantidade, dataOperacao, instanteRegistoOperacao) VALUES (345, 'Colheita', 'kg',  1 ,  800.0,  TO_DATE('15/11/2023', 'DD/MM/YYYY'),CURRENT_TIMESTAMP);
INSERT INTO Operacao (idOperacao, designacaoOperacaoAgricola, designacaoUnidade, idEstadoOperacao, quantidade, dataOperacao, instanteRegistoOperacao) VALUES (346, 'Colheita', 'kg', 1 ,   700.0,  TO_DATE('18/08/2023', 'DD/MM/YYYY'),CURRENT_TIMESTAMP);
INSERT INTO Operacao (idOperacao, designacaoOperacaoAgricola, designacaoUnidade, idEstadoOperacao, quantidade, dataOperacao, instanteRegistoOperacao) VALUES (347, 'Colheita', 'kg', 1 ,   900.0,  TO_DATE('30/08/2023', 'DD/MM/YYYY'),CURRENT_TIMESTAMP);
INSERT INTO Operacao (idOperacao, designacaoOperacaoAgricola, designacaoUnidade, idEstadoOperacao, quantidade, dataOperacao, instanteRegistoOperacao) VALUES (348, 'Colheita', 'kg', 1 ,   900.0,  TO_DATE('05/09/2023', 'DD/MM/YYYY'),CURRENT_TIMESTAMP);
INSERT INTO Operacao (idOperacao, designacaoOperacaoAgricola, designacaoUnidade, idEstadoOperacao, quantidade, dataOperacao, instanteRegistoOperacao) VALUES (349, 'Colheita', 'kg', 1 ,   1050.0,  TO_DATE('08/09/2023', 'DD/MM/YYYY'),CURRENT_TIMESTAMP);
INSERT INTO Operacao (idOperacao, designacaoOperacaoAgricola, designacaoUnidade, idEstadoOperacao, quantidade, dataOperacao, instanteRegistoOperacao) VALUES (350, 'Colheita', 'kg', 1 ,   950.0,  TO_DATE('28/09/2023', 'DD/MM/YYYY'),CURRENT_TIMESTAMP);
INSERT INTO Operacao (idOperacao, designacaoOperacaoAgricola, designacaoUnidade, idEstadoOperacao, quantidade, dataOperacao, instanteRegistoOperacao) VALUES (351, 'Colheita', 'kg', 1 ,   800.0,  TO_DATE('03/10/2023', 'DD/MM/YYYY'),CURRENT_TIMESTAMP);
INSERT INTO Operacao (idOperacao, designacaoOperacaoAgricola, designacaoUnidade, idEstadoOperacao, quantidade, dataOperacao, instanteRegistoOperacao) VALUES (352, 'Plantação', 'un', 1 ,   50.0,  TO_DATE('09/01/2019', 'DD/MM/YYYY'),CURRENT_TIMESTAMP);
INSERT INTO Operacao (idOperacao, designacaoOperacaoAgricola, designacaoUnidade, idEstadoOperacao, quantidade, dataOperacao, instanteRegistoOperacao) VALUES (353, 'Plantação', 'un', 1 ,   20.0,  TO_DATE('09/01/2019', 'DD/MM/YYYY'),CURRENT_TIMESTAMP);
INSERT INTO Operacao (idOperacao, designacaoOperacaoAgricola, designacaoUnidade, idEstadoOperacao, quantidade, dataOperacao, instanteRegistoOperacao) VALUES (354, 'Plantação', 'un',  1 ,  40.0,  TO_DATE('10/01/2019', 'DD/MM/YYYY'),CURRENT_TIMESTAMP);
INSERT INTO Operacao (idOperacao, designacaoOperacaoAgricola, designacaoUnidade, idEstadoOperacao, quantidade, dataOperacao, instanteRegistoOperacao) VALUES (355, 'Plantação', 'un', 1 ,   30.0,  TO_DATE('10/01/2019', 'DD/MM/YYYY'),CURRENT_TIMESTAMP);
INSERT INTO Operacao (idOperacao, designacaoOperacaoAgricola, designacaoUnidade, idEstadoOperacao, quantidade, dataOperacao, instanteRegistoOperacao) VALUES (356, 'Plantação', 'un', 1 ,   40.0,  TO_DATE('11/01/2019', 'DD/MM/YYYY'),CURRENT_TIMESTAMP);
INSERT INTO Operacao (idOperacao, designacaoOperacaoAgricola, designacaoUnidade, idEstadoOperacao, quantidade, dataOperacao, instanteRegistoOperacao) VALUES (357, 'Plantação', 'un', 1 ,   50.0,  TO_DATE('11/01/2019', 'DD/MM/YYYY'),CURRENT_TIMESTAMP);
INSERT INTO Operacao (idOperacao, designacaoOperacaoAgricola, designacaoUnidade, idEstadoOperacao, quantidade, dataOperacao, instanteRegistoOperacao) VALUES (358, 'Plantação', 'un', 1 ,   40.0,  TO_DATE('02/10/2016', 'DD/MM/YYYY'),CURRENT_TIMESTAMP);
INSERT INTO Operacao (idOperacao, designacaoOperacaoAgricola, designacaoUnidade, idEstadoOperacao, quantidade, dataOperacao, instanteRegistoOperacao) VALUES (359, 'Aplicação de fator de produção', 'kg', 1 ,   3200.0,  TO_DATE('04/01/2019', 'DD/MM/YYYY'),CURRENT_TIMESTAMP);
INSERT INTO Operacao (idOperacao, designacaoOperacaoAgricola, designacaoUnidade, idEstadoOperacao, quantidade, dataOperacao, instanteRegistoOperacao) VALUES (360, 'Aplicação de fator de produção', 'kg', 1 ,   100.0,  TO_DATE('06/01/2020', 'DD/MM/YYYY'),CURRENT_TIMESTAMP);
INSERT INTO Operacao (idOperacao, designacaoOperacaoAgricola, designacaoUnidade, idEstadoOperacao, quantidade, dataOperacao, instanteRegistoOperacao) VALUES (361, 'Aplicação de fator de produção', 'kg', 1 ,   40.0,  TO_DATE('06/01/2020', 'DD/MM/YYYY'),CURRENT_TIMESTAMP);
INSERT INTO Operacao (idOperacao, designacaoOperacaoAgricola, designacaoUnidade, idEstadoOperacao, quantidade, dataOperacao, instanteRegistoOperacao) VALUES (362, 'Aplicação de fator de produção', 'kg', 1 ,   80.0,  TO_DATE('06/01/2020', 'DD/MM/YYYY'),CURRENT_TIMESTAMP);
INSERT INTO Operacao (idOperacao, designacaoOperacaoAgricola, designacaoUnidade, idEstadoOperacao, quantidade, dataOperacao, instanteRegistoOperacao) VALUES (363, 'Aplicação de fator de produção', 'kg', 1 ,   60.0,  TO_DATE('06/01/2020', 'DD/MM/YYYY'),CURRENT_TIMESTAMP);
INSERT INTO Operacao (idOperacao, designacaoOperacaoAgricola, designacaoUnidade, idEstadoOperacao, quantidade, dataOperacao, instanteRegistoOperacao) VALUES (364, 'Aplicação de fator de produção', 'kg', 1 ,   80.0,  TO_DATE('07/01/2020', 'DD/MM/YYYY'),CURRENT_TIMESTAMP);
INSERT INTO Operacao (idOperacao, designacaoOperacaoAgricola, designacaoUnidade, idEstadoOperacao, quantidade, dataOperacao, instanteRegistoOperacao) VALUES (365, 'Aplicação de fator de produção', 'kg', 1 ,   100.0,  TO_DATE('07/01/2020', 'DD/MM/YYYY'),CURRENT_TIMESTAMP);
INSERT INTO Operacao (idOperacao, designacaoOperacaoAgricola, designacaoUnidade, idEstadoOperacao, quantidade, dataOperacao, instanteRegistoOperacao) VALUES (366, 'Aplicação de fator de produção', 'kg', 1 ,   150.0,  TO_DATE('07/01/2021', 'DD/MM/YYYY'),CURRENT_TIMESTAMP);
INSERT INTO Operacao (idOperacao, designacaoOperacaoAgricola, designacaoUnidade, idEstadoOperacao, quantidade, dataOperacao, instanteRegistoOperacao) VALUES (367, 'Aplicação de fator de produção', 'kg',  1 ,  60.0,  TO_DATE('07/01/2021', 'DD/MM/YYYY'),CURRENT_TIMESTAMP);
INSERT INTO Operacao (idOperacao, designacaoOperacaoAgricola, designacaoUnidade, idEstadoOperacao, quantidade, dataOperacao, instanteRegistoOperacao) VALUES (368, 'Aplicação de fator de produção', 'kg', 1 ,   120.0,  TO_DATE('08/01/2021', 'DD/MM/YYYY'),CURRENT_TIMESTAMP);
INSERT INTO Operacao (idOperacao, designacaoOperacaoAgricola, designacaoUnidade, idEstadoOperacao, quantidade, dataOperacao, instanteRegistoOperacao) VALUES (369, 'Aplicação de fator de produção', 'kg', 1 ,   90.0,  TO_DATE('07/01/2021', 'DD/MM/YYYY'),CURRENT_TIMESTAMP);
INSERT INTO Operacao (idOperacao, designacaoOperacaoAgricola, designacaoUnidade, idEstadoOperacao, quantidade, dataOperacao, instanteRegistoOperacao) VALUES (370, 'Aplicação de fator de produção', 'kg', 1 ,   120.0,  TO_DATE('07/01/2021', 'DD/MM/YYYY'),CURRENT_TIMESTAMP);
INSERT INTO Operacao (idOperacao, designacaoOperacaoAgricola, designacaoUnidade, idEstadoOperacao, quantidade, dataOperacao, instanteRegistoOperacao) VALUES (371, 'Aplicação de fator de produção', 'kg', 1 ,   150.0,  TO_DATE('08/01/2021', 'DD/MM/YYYY'),CURRENT_TIMESTAMP);
INSERT INTO Operacao (idOperacao, designacaoOperacaoAgricola, designacaoUnidade, idEstadoOperacao, quantidade, dataOperacao, instanteRegistoOperacao) VALUES (372, 'Aplicação de fator de produção', 'kg',  1 ,  150.0,  TO_DATE('15/01/2022', 'DD/MM/YYYY'),CURRENT_TIMESTAMP);
INSERT INTO Operacao (idOperacao, designacaoOperacaoAgricola, designacaoUnidade, idEstadoOperacao, quantidade, dataOperacao, instanteRegistoOperacao) VALUES (373, 'Aplicação de fator de produção', 'kg', 1 ,   60.0,  TO_DATE('15/01/2022', 'DD/MM/YYYY'),CURRENT_TIMESTAMP);
INSERT INTO Operacao (idOperacao, designacaoOperacaoAgricola, designacaoUnidade, idEstadoOperacao, quantidade, dataOperacao, instanteRegistoOperacao) VALUES (374, 'Aplicação de fator de produção', 'kg', 1 ,   120.0,  TO_DATE('15/01/2022', 'DD/MM/YYYY'),CURRENT_TIMESTAMP);
INSERT INTO Operacao (idOperacao, designacaoOperacaoAgricola, designacaoUnidade, idEstadoOperacao, quantidade, dataOperacao, instanteRegistoOperacao) VALUES (375, 'Aplicação de fator de produção', 'kg', 1 ,   90.0,  TO_DATE('16/01/2022', 'DD/MM/YYYY'),CURRENT_TIMESTAMP);
INSERT INTO Operacao (idOperacao, designacaoOperacaoAgricola, designacaoUnidade, idEstadoOperacao, quantidade, dataOperacao, instanteRegistoOperacao) VALUES (376, 'Aplicação de fator de produção', 'kg', 1 ,   120.0,  TO_DATE('16/01/2022', 'DD/MM/YYYY'),CURRENT_TIMESTAMP);
INSERT INTO Operacao (idOperacao, designacaoOperacaoAgricola, designacaoUnidade, idEstadoOperacao, quantidade, dataOperacao, instanteRegistoOperacao) VALUES (377, 'Aplicação de fator de produção', 'kg',  1 ,  150.0,  TO_DATE('16/01/2022', 'DD/MM/YYYY'),CURRENT_TIMESTAMP);
INSERT INTO Operacao (idOperacao, designacaoOperacaoAgricola, designacaoUnidade, idEstadoOperacao, quantidade, dataOperacao, instanteRegistoOperacao) VALUES (378, 'Aplicação de fator de produção', 'kg', 1 ,   5.0,  TO_DATE('15/05/2023', 'DD/MM/YYYY'),CURRENT_TIMESTAMP);
INSERT INTO Operacao (idOperacao, designacaoOperacaoAgricola, designacaoUnidade, idEstadoOperacao, quantidade, dataOperacao, instanteRegistoOperacao) VALUES (379, 'Aplicação de fator de produção', 'kg', 1 ,   2.0,  TO_DATE('15/05/2023', 'DD/MM/YYYY'),CURRENT_TIMESTAMP);
INSERT INTO Operacao (idOperacao, designacaoOperacaoAgricola, designacaoUnidade, idEstadoOperacao, quantidade, dataOperacao, instanteRegistoOperacao) VALUES (380, 'Aplicação de fator de produção', 'kg', 1 ,   4.0,  TO_DATE('15/05/2023', 'DD/MM/YYYY'),CURRENT_TIMESTAMP);
INSERT INTO Operacao (idOperacao, designacaoOperacaoAgricola, designacaoUnidade, idEstadoOperacao, quantidade, dataOperacao, instanteRegistoOperacao) VALUES (381, 'Aplicação de fator de produção', 'kg', 1 ,   3.0,  TO_DATE('15/05/2023', 'DD/MM/YYYY'),CURRENT_TIMESTAMP);
INSERT INTO Operacao (idOperacao, designacaoOperacaoAgricola, designacaoUnidade, idEstadoOperacao, quantidade, dataOperacao, instanteRegistoOperacao) VALUES (382, 'Aplicação de fator de produção', 'kg', 1 ,   4.0,  TO_DATE('15/05/2023', 'DD/MM/YYYY'),CURRENT_TIMESTAMP);
INSERT INTO Operacao (idOperacao, designacaoOperacaoAgricola, designacaoUnidade, idEstadoOperacao, quantidade, dataOperacao, instanteRegistoOperacao) VALUES (383, 'Aplicação de fator de produção', 'kg', 1 ,   5.0,  TO_DATE('15/05/2023', 'DD/MM/YYYY'),CURRENT_TIMESTAMP);
INSERT INTO Operacao (idOperacao, designacaoOperacaoAgricola, designacaoUnidade, idEstadoOperacao, quantidade, dataOperacao, instanteRegistoOperacao) VALUES (384, 'Aplicação de fator de produção', 'kg', 1 ,   120.0,  TO_DATE('13/01/2021', 'DD/MM/YYYY'),CURRENT_TIMESTAMP);
INSERT INTO Operacao (idOperacao, designacaoOperacaoAgricola, designacaoUnidade, idEstadoOperacao, quantidade, dataOperacao, instanteRegistoOperacao) VALUES (385, 'Aplicação de fator de produção', 'kg', 1 ,   180.0,  TO_DATE('12/01/2021', 'DD/MM/YYYY'),CURRENT_TIMESTAMP);
INSERT INTO Operacao (idOperacao, designacaoOperacaoAgricola, designacaoUnidade, idEstadoOperacao, quantidade, dataOperacao, instanteRegistoOperacao) VALUES (386, 'Aplicação de fator de produção', 'kg', 1 ,   240.0,  TO_DATE('12/01/2021', 'DD/MM/YYYY'),CURRENT_TIMESTAMP);
INSERT INTO Operacao (idOperacao, designacaoOperacaoAgricola, designacaoUnidade, idEstadoOperacao, quantidade, dataOperacao, instanteRegistoOperacao) VALUES (387, 'Aplicação de fator de produção', 'kg', 1 ,   120.0,  TO_DATE('12/01/2022', 'DD/MM/YYYY'),CURRENT_TIMESTAMP);
INSERT INTO Operacao (idOperacao, designacaoOperacaoAgricola, designacaoUnidade, idEstadoOperacao, quantidade, dataOperacao, instanteRegistoOperacao) VALUES (388, 'Aplicação de fator de produção', 'kg', 1 ,   180.0,  TO_DATE('12/01/2022', 'DD/MM/YYYY'),CURRENT_TIMESTAMP);
INSERT INTO Operacao (idOperacao, designacaoOperacaoAgricola, designacaoUnidade, idEstadoOperacao, quantidade, dataOperacao, instanteRegistoOperacao) VALUES (389, 'Aplicação de fator de produção', 'kg', 1 ,   240.0,  TO_DATE('13/01/2022', 'DD/MM/YYYY'),CURRENT_TIMESTAMP);
INSERT INTO Operacao (idOperacao, designacaoOperacaoAgricola, designacaoUnidade, idEstadoOperacao, quantidade, dataOperacao, instanteRegistoOperacao) VALUES (390, 'Aplicação de fator de produção', 'kg', 1 ,   120.0,  TO_DATE('12/01/2023', 'DD/MM/YYYY'),CURRENT_TIMESTAMP);
INSERT INTO Operacao (idOperacao, designacaoOperacaoAgricola, designacaoUnidade, idEstadoOperacao, quantidade, dataOperacao, instanteRegistoOperacao) VALUES (391, 'Aplicação de fator de produção', 'kg', 1 ,   180.0,  TO_DATE('12/01/2023', 'DD/MM/YYYY'),CURRENT_TIMESTAMP);
INSERT INTO Operacao (idOperacao, designacaoOperacaoAgricola, designacaoUnidade, idEstadoOperacao, quantidade, dataOperacao, instanteRegistoOperacao) VALUES (392, 'Aplicação de fator de produção', 'kg', 1 ,   240.0,  TO_DATE('12/01/2023', 'DD/MM/YYYY'),CURRENT_TIMESTAMP);
INSERT INTO Operacao (idOperacao, designacaoOperacaoAgricola, designacaoUnidade, idEstadoOperacao, quantidade, dataOperacao, instanteRegistoOperacao) VALUES (393, 'Aplicação de fator de produção', 'kg', 1 ,   500.0,  TO_DATE('01/04/2023', 'DD/MM/YYYY'),CURRENT_TIMESTAMP);
INSERT INTO Operacao (idOperacao, designacaoOperacaoAgricola, designacaoUnidade, idEstadoOperacao, quantidade, dataOperacao, instanteRegistoOperacao) VALUES (394, 'Aplicação de fator de produção', 'kg', 1 ,   1800.0,  TO_DATE('03/07/2023', 'DD/MM/YYYY'),CURRENT_TIMESTAMP);
INSERT INTO Operacao (idOperacao, designacaoOperacaoAgricola, designacaoUnidade, idEstadoOperacao, quantidade, dataOperacao, instanteRegistoOperacao) VALUES (395, 'Semeadura', 'kg', 1 ,   1.2,  TO_DATE('05/04/2023', 'DD/MM/YYYY'),CURRENT_TIMESTAMP);
INSERT INTO Operacao (idOperacao, designacaoOperacaoAgricola, designacaoUnidade, idEstadoOperacao, quantidade, dataOperacao, instanteRegistoOperacao) VALUES (396, 'Semeadura', 'kg', 1 ,   1.5,  TO_DATE('06/04/2023', 'DD/MM/YYYY'),CURRENT_TIMESTAMP);
INSERT INTO Operacao (idOperacao, designacaoOperacaoAgricola, designacaoUnidade, idEstadoOperacao, quantidade, dataOperacao, instanteRegistoOperacao) VALUES (397, 'Semeadura', 'kg', 1 ,   1.2,  TO_DATE('05/07/2023', 'DD/MM/YYYY'),CURRENT_TIMESTAMP);
INSERT INTO Operacao (idOperacao, designacaoOperacaoAgricola, designacaoUnidade, idEstadoOperacao, quantidade, dataOperacao, instanteRegistoOperacao) VALUES (398, 'Semeadura', 'kg', 1 ,   32.0,  TO_DATE('12/10/2023', 'DD/MM/YYYY'),CURRENT_TIMESTAMP);
INSERT INTO Operacao (idOperacao, designacaoOperacaoAgricola, designacaoUnidade, idEstadoOperacao, quantidade, dataOperacao, instanteRegistoOperacao) VALUES (399, 'Monda', 'ha',  1 ,  0.5,  TO_DATE('08/08/2023', 'DD/MM/YYYY'),CURRENT_TIMESTAMP);
INSERT INTO Operacao (idOperacao, designacaoOperacaoAgricola, designacaoUnidade, idEstadoOperacao, quantidade, dataOperacao, instanteRegistoOperacao) VALUES (400, 'Monda', 'ha', 1 ,   0.5,  TO_DATE('08/05/2023', 'DD/MM/YYYY'),CURRENT_TIMESTAMP);
INSERT INTO Operacao (idOperacao, designacaoOperacaoAgricola, designacaoUnidade, idEstadoOperacao, quantidade, dataOperacao, instanteRegistoOperacao) VALUES (401, 'Monda', 'ha', 1 ,   0.6,  TO_DATE('20/05/2023', 'DD/MM/YYYY'),CURRENT_TIMESTAMP);
INSERT INTO Operacao (idOperacao, designacaoOperacaoAgricola, designacaoUnidade, idEstadoOperacao, quantidade, dataOperacao, instanteRegistoOperacao) VALUES (402, 'Monda', 'ha', 1 , 0.6,  TO_DATE('20/06/2023', 'DD/MM/YYYY'),CURRENT_TIMESTAMP);
INSERT INTO Operacao (idOperacao, designacaoOperacaoAgricola, designacaoUnidade, idEstadoOperacao, quantidade, dataOperacao, instanteRegistoOperacao) VALUES (403, 'Mobilização do solo', 'ha', 1 ,  0.5,  TO_DATE('04/07/2023', 'DD/MM/YYYY'),CURRENT_TIMESTAMP);
INSERT INTO Operacao (idOperacao, designacaoOperacaoAgricola, designacaoUnidade, idEstadoOperacao, quantidade, dataOperacao, instanteRegistoOperacao) VALUES (404, 'Mobilização do solo', 'ha', 1 , 1.2,  TO_DATE('10/10/2023', 'DD/MM/YYYY'),CURRENT_TIMESTAMP);
INSERT INTO Operacao (idOperacao, designacaoOperacaoAgricola, designacaoUnidade, idEstadoOperacao, quantidade, dataOperacao, instanteRegistoOperacao) VALUES (405,'Rega','ha',1,0.8,TO_DATE('14/05/2023', 'DD/MM/YYYY'),CURRENT_TIMESTAMP);
INSERT INTO Operacao (idOperacao, designacaoOperacaoAgricola, designacaoUnidade, idEstadoOperacao, quantidade, dataOperacao, instanteRegistoOperacao) VALUES (406,'Rega','ha',1,0.8,TO_DATE('06/01/2023', 'DD/MM/YYYY'),CURRENT_TIMESTAMP);
INSERT INTO Operacao (idOperacao, designacaoOperacaoAgricola, designacaoUnidade, idEstadoOperacao, quantidade, dataOperacao, instanteRegistoOperacao) VALUES (407,'Rega','ha',1,0.8,TO_DATE('15/06/2023', 'DD/MM/YYYY'),CURRENT_TIMESTAMP);
INSERT INTO Operacao (idOperacao, designacaoOperacaoAgricola, designacaoUnidade, idEstadoOperacao, quantidade, dataOperacao, instanteRegistoOperacao) VALUES (408,'Rega','ha',1,0.8,TO_DATE('30/06/2023', 'DD/MM/YYYY'),CURRENT_TIMESTAMP);
INSERT INTO Operacao (idOperacao, designacaoOperacaoAgricola, designacaoUnidade, idEstadoOperacao, quantidade, dataOperacao, instanteRegistoOperacao) VALUES (409,'Rega','ha',1,0.8,TO_DATE('07/07/2023', 'DD/MM/YYYY'),CURRENT_TIMESTAMP);
INSERT INTO Operacao (idOperacao, designacaoOperacaoAgricola, designacaoUnidade, idEstadoOperacao, quantidade, dataOperacao, instanteRegistoOperacao) VALUES (410,'Rega','ha',1,0.8,TO_DATE('14/07/2023', 'DD/MM/YYYY'),CURRENT_TIMESTAMP);
INSERT INTO Operacao (idOperacao, designacaoOperacaoAgricola, designacaoUnidade, idEstadoOperacao, quantidade, dataOperacao, instanteRegistoOperacao) VALUES (411,'Rega','ha',1,0.8,TO_DATE('21/07/2023', 'DD/MM/YYYY'),CURRENT_TIMESTAMP);
INSERT INTO Operacao (idOperacao, designacaoOperacaoAgricola, designacaoUnidade, idEstadoOperacao, quantidade, dataOperacao, instanteRegistoOperacao) VALUES (412,'Rega','ha',1,0.8,TO_DATE('28/07/2023', 'DD/MM/YYYY'),CURRENT_TIMESTAMP);
INSERT INTO Operacao (idOperacao, designacaoOperacaoAgricola, designacaoUnidade, idEstadoOperacao, quantidade, dataOperacao, instanteRegistoOperacao) VALUES (413,'Rega','ha',1,0.8,TO_DATE('08/04/2023', 'DD/MM/YYYY'),CURRENT_TIMESTAMP);
INSERT INTO Operacao (idOperacao, designacaoOperacaoAgricola, designacaoUnidade, idEstadoOperacao, quantidade, dataOperacao, instanteRegistoOperacao) VALUES (414,'Rega','ha',1,0.8,TO_DATE('08/11/2023', 'DD/MM/YYYY'),CURRENT_TIMESTAMP);
INSERT INTO Operacao (idOperacao, designacaoOperacaoAgricola, designacaoUnidade, idEstadoOperacao, quantidade, dataOperacao, instanteRegistoOperacao) VALUES (415,'Rega','ha',1,0.8,TO_DATE('18/08/2023', 'DD/MM/YYYY'),CURRENT_TIMESTAMP);
INSERT INTO Operacao (idOperacao, designacaoOperacaoAgricola, designacaoUnidade, idEstadoOperacao, quantidade, dataOperacao, instanteRegistoOperacao) VALUES (416,'Rega','ha',1,0.8,TO_DATE('25/08/2023', 'DD/MM/YYYY'),CURRENT_TIMESTAMP);
INSERT INTO Operacao (idOperacao, designacaoOperacaoAgricola, designacaoUnidade, idEstadoOperacao, quantidade, dataOperacao, instanteRegistoOperacao) VALUES (417,'Rega','ha',1,0.8,TO_DATE('09/01/2023', 'DD/MM/YYYY'),CURRENT_TIMESTAMP);
INSERT INTO Operacao (idOperacao, designacaoOperacaoAgricola, designacaoUnidade, idEstadoOperacao, quantidade, dataOperacao, instanteRegistoOperacao) VALUES (418,'Rega','ha',1,0.8,TO_DATE('09/08/2023', 'DD/MM/YYYY'),CURRENT_TIMESTAMP);
INSERT INTO Operacao (idOperacao, designacaoOperacaoAgricola, designacaoUnidade, idEstadoOperacao, quantidade, dataOperacao, instanteRegistoOperacao) VALUES (419,'Rega','ha',1,0.8,TO_DATE('15/09/2023', 'DD/MM/YYYY'),CURRENT_TIMESTAMP);
INSERT INTO Operacao (idOperacao, designacaoOperacaoAgricola, designacaoUnidade, idEstadoOperacao, quantidade, dataOperacao, instanteRegistoOperacao) VALUES (420,'Rega','ha',1,3,TO_DATE('17/06/2023', 'DD/MM/YYYY'),CURRENT_TIMESTAMP);
INSERT INTO Operacao (idOperacao, designacaoOperacaoAgricola, designacaoUnidade, idEstadoOperacao, quantidade, dataOperacao, instanteRegistoOperacao) VALUES (421,'Rega','ha',1,3,TO_DATE('17/07/2023', 'DD/MM/YYYY'),CURRENT_TIMESTAMP);
INSERT INTO Operacao (idOperacao, designacaoOperacaoAgricola, designacaoUnidade, idEstadoOperacao, quantidade, dataOperacao, instanteRegistoOperacao) VALUES (422,'Rega','ha',1,3,TO_DATE('17/08/2023', 'DD/MM/YYYY'),CURRENT_TIMESTAMP);
INSERT INTO Operacao (idOperacao, designacaoOperacaoAgricola, designacaoUnidade, idEstadoOperacao, quantidade, dataOperacao, instanteRegistoOperacao) VALUES (423,'Rega','ha',1,3,TO_DATE('09/04/2023', 'DD/MM/YYYY'),CURRENT_TIMESTAMP);
INSERT INTO Operacao (idOperacao, designacaoOperacaoAgricola, designacaoUnidade, idEstadoOperacao, quantidade, dataOperacao, instanteRegistoOperacao) VALUES (424,'Rega','ha',1,3,TO_DATE('18/09/2023', 'DD/MM/YYYY'),CURRENT_TIMESTAMP);
INSERT INTO Operacao (idOperacao, designacaoOperacaoAgricola, designacaoUnidade, idEstadoOperacao, quantidade, dataOperacao, instanteRegistoOperacao) VALUES (425,'Rega','ha',1,3,TO_DATE('10/02/2023', 'DD/MM/YYYY'),CURRENT_TIMESTAMP);
INSERT INTO Operacao (idOperacao, designacaoOperacaoAgricola, designacaoUnidade, idEstadoOperacao, quantidade, dataOperacao, instanteRegistoOperacao) VALUES (426,'Rega','ha',1,1.1,TO_DATE('13/05/2023', 'DD/MM/YYYY'),CURRENT_TIMESTAMP);
INSERT INTO Operacao (idOperacao, designacaoOperacaoAgricola, designacaoUnidade, idEstadoOperacao, quantidade, dataOperacao, instanteRegistoOperacao) VALUES (427,'Rega','ha',1,1.1,TO_DATE('06/02/2023', 'DD/MM/YYYY'),CURRENT_TIMESTAMP);
INSERT INTO Operacao (idOperacao, designacaoOperacaoAgricola, designacaoUnidade, idEstadoOperacao, quantidade, dataOperacao, instanteRegistoOperacao) VALUES (428,'Rega','ha',1,1.1,TO_DATE('07/01/2023', 'DD/MM/YYYY'),CURRENT_TIMESTAMP);
INSERT INTO Operacao (idOperacao, designacaoOperacaoAgricola, designacaoUnidade, idEstadoOperacao, quantidade, dataOperacao, instanteRegistoOperacao) VALUES (429,'Rega','ha',1,1.1,TO_DATE('07/08/2023', 'DD/MM/YYYY'),CURRENT_TIMESTAMP);
INSERT INTO Operacao (idOperacao, designacaoOperacaoAgricola, designacaoUnidade, idEstadoOperacao, quantidade, dataOperacao, instanteRegistoOperacao) VALUES (430,'Rega','ha',1,1.1,TO_DATE('22/07/2023', 'DD/MM/YYYY'),CURRENT_TIMESTAMP);
INSERT INTO Operacao (idOperacao, designacaoOperacaoAgricola, designacaoUnidade, idEstadoOperacao, quantidade, dataOperacao, instanteRegistoOperacao) VALUES (431,'Rega','ha',1,1.1,TO_DATE('29/07/2023', 'DD/MM/YYYY'),CURRENT_TIMESTAMP);
INSERT INTO Operacao (idOperacao, designacaoOperacaoAgricola, designacaoUnidade, idEstadoOperacao, quantidade, dataOperacao, instanteRegistoOperacao) VALUES (432,'Rega','ha',1,1.1,TO_DATE('08/05/2023', 'DD/MM/YYYY'),CURRENT_TIMESTAMP);
INSERT INTO Operacao (idOperacao, designacaoOperacaoAgricola, designacaoUnidade, idEstadoOperacao, quantidade, dataOperacao, instanteRegistoOperacao) VALUES (433,'Rega','ha',1,1.1,TO_DATE('17/08/2023', 'DD/MM/YYYY'),CURRENT_TIMESTAMP);
INSERT INTO Operacao (idOperacao, designacaoOperacaoAgricola, designacaoUnidade, idEstadoOperacao, quantidade, dataOperacao, instanteRegistoOperacao) VALUES (434,'Rega','ha',1,1.1,TO_DATE('24/08/2023', 'DD/MM/YYYY'),CURRENT_TIMESTAMP);
INSERT INTO Operacao (idOperacao, designacaoOperacaoAgricola, designacaoUnidade, idEstadoOperacao, quantidade, dataOperacao, instanteRegistoOperacao) VALUES (435,'Rega','ha',1,1.1,TO_DATE('09/02/2023', 'DD/MM/YYYY'),CURRENT_TIMESTAMP);
INSERT INTO Operacao (idOperacao, designacaoOperacaoAgricola, designacaoUnidade, idEstadoOperacao, quantidade, dataOperacao, instanteRegistoOperacao) VALUES (436,'Rega','ha',1,1.1,TO_DATE('18/09/2023', 'DD/MM/YYYY'),CURRENT_TIMESTAMP);
INSERT INTO Operacao (idOperacao, designacaoOperacaoAgricola, designacaoUnidade, idEstadoOperacao, quantidade, dataOperacao, instanteRegistoOperacao) VALUES (437,'Rega','ha',1,1.1,TO_DATE('06/12/2023', 'DD/MM/YYYY'),CURRENT_TIMESTAMP);
INSERT INTO Operacao (idOperacao, designacaoOperacaoAgricola, designacaoUnidade, idEstadoOperacao, quantidade, dataOperacao, instanteRegistoOperacao) VALUES (438,'Rega','ha',1,1.1,TO_DATE('19/06/2023', 'DD/MM/YYYY'),CURRENT_TIMESTAMP);
INSERT INTO Operacao (idOperacao, designacaoOperacaoAgricola, designacaoUnidade, idEstadoOperacao, quantidade, dataOperacao, instanteRegistoOperacao) VALUES (439,'Rega','ha',1,1.1,TO_DATE('07/08/2023', 'DD/MM/YYYY'),CURRENT_TIMESTAMP);
INSERT INTO Operacao (idOperacao, designacaoOperacaoAgricola, designacaoUnidade, idEstadoOperacao, quantidade, dataOperacao, instanteRegistoOperacao) VALUES (440,'Rega','ha',1,1.1,TO_DATE('22/07/2023', 'DD/MM/YYYY'),CURRENT_TIMESTAMP);
INSERT INTO Operacao (idOperacao, designacaoOperacaoAgricola, designacaoUnidade, idEstadoOperacao, quantidade, dataOperacao, instanteRegistoOperacao) VALUES (441,'Rega','ha',1,1.1,TO_DATE('08/05/2023', 'DD/MM/YYYY'),CURRENT_TIMESTAMP);
INSERT INTO Operacao (idOperacao, designacaoOperacaoAgricola, designacaoUnidade, idEstadoOperacao, quantidade, dataOperacao, instanteRegistoOperacao) VALUES (442,'Rega','ha',1,1.1,TO_DATE('19/08/2023', 'DD/MM/YYYY'),CURRENT_TIMESTAMP);
INSERT INTO Operacao (idOperacao, designacaoOperacaoAgricola, designacaoUnidade, idEstadoOperacao, quantidade, dataOperacao, instanteRegistoOperacao) VALUES (443,'Rega','ha',1,1.1,TO_DATE('26/08/2023', 'DD/MM/YYYY'),CURRENT_TIMESTAMP);
INSERT INTO Operacao (idOperacao, designacaoOperacaoAgricola, designacaoUnidade, idEstadoOperacao, quantidade, dataOperacao, instanteRegistoOperacao) VALUES (444,'Rega','ha',1,1.1,TO_DATE('31/08/2023', 'DD/MM/YYYY'),CURRENT_TIMESTAMP);
INSERT INTO Operacao (idOperacao, designacaoOperacaoAgricola, designacaoUnidade, idEstadoOperacao, quantidade, dataOperacao, instanteRegistoOperacao) VALUES (445,'Rega','ha',1,1.1,TO_DATE('09/05/2023', 'DD/MM/YYYY'),CURRENT_TIMESTAMP);
INSERT INTO Operacao (idOperacao, designacaoOperacaoAgricola, designacaoUnidade, idEstadoOperacao, quantidade, dataOperacao, instanteRegistoOperacao) VALUES (446,'Rega','ha',1,1.1,TO_DATE('06/02/2023', 'DD/MM/YYYY'),CURRENT_TIMESTAMP);
INSERT INTO Operacao (idOperacao, designacaoOperacaoAgricola, designacaoUnidade, idEstadoOperacao, quantidade, dataOperacao, instanteRegistoOperacao) VALUES (447,'Rega','ha',1,1.1,TO_DATE('06/09/2023', 'DD/MM/YYYY'),CURRENT_TIMESTAMP);
INSERT INTO Operacao (idOperacao, designacaoOperacaoAgricola, designacaoUnidade, idEstadoOperacao, quantidade, dataOperacao, instanteRegistoOperacao) VALUES (448,'Rega','ha',1,1.1,TO_DATE('16/07/2023', 'DD/MM/YYYY'),CURRENT_TIMESTAMP);
INSERT INTO Operacao (idOperacao, designacaoOperacaoAgricola, designacaoUnidade, idEstadoOperacao, quantidade, dataOperacao, instanteRegistoOperacao) VALUES (449,'Rega','ha',1,1.1,TO_DATE('23/07/2023', 'DD/MM/YYYY'),CURRENT_TIMESTAMP);
INSERT INTO Operacao (idOperacao, designacaoOperacaoAgricola, designacaoUnidade, idEstadoOperacao, quantidade, dataOperacao, instanteRegistoOperacao) VALUES (450,'Rega','ha',1,1.1,TO_DATE('30/07/2023', 'DD/MM/YYYY'),CURRENT_TIMESTAMP);
INSERT INTO Operacao (idOperacao, designacaoOperacaoAgricola, designacaoUnidade, idEstadoOperacao, quantidade, dataOperacao, instanteRegistoOperacao) VALUES (451,'Rega','ha',1,1.1,TO_DATE('08/07/2023', 'DD/MM/YYYY'),CURRENT_TIMESTAMP);
INSERT INTO Operacao (idOperacao, designacaoOperacaoAgricola, designacaoUnidade, idEstadoOperacao, quantidade, dataOperacao, instanteRegistoOperacao) VALUES (452,'Rega','ha',1,1.1,TO_DATE('14/08/2023', 'DD/MM/YYYY'),CURRENT_TIMESTAMP);
INSERT INTO Operacao (idOperacao, designacaoOperacaoAgricola, designacaoUnidade, idEstadoOperacao, quantidade, dataOperacao, instanteRegistoOperacao) VALUES (453,'Rega','ha',1,1.1,TO_DATE('21/08/2023', 'DD/MM/YYYY'),CURRENT_TIMESTAMP);
INSERT INTO Operacao (idOperacao, designacaoOperacaoAgricola, designacaoUnidade, idEstadoOperacao, quantidade, dataOperacao, instanteRegistoOperacao) VALUES (454,'Rega','ha',1,1.1,TO_DATE('28/08/2023', 'DD/MM/YYYY'),CURRENT_TIMESTAMP);
INSERT INTO Operacao (idOperacao, designacaoOperacaoAgricola, designacaoUnidade, idEstadoOperacao, quantidade, dataOperacao, instanteRegistoOperacao) VALUES (455,'Rega','ha',1,1.1,TO_DATE('09/06/2023', 'DD/MM/YYYY'),CURRENT_TIMESTAMP);
INSERT INTO Operacao (idOperacao, designacaoOperacaoAgricola, designacaoUnidade, idEstadoOperacao, quantidade, dataOperacao, instanteRegistoOperacao) VALUES (456,'Rega','ha',1,1.1,TO_DATE('13/09/2023', 'DD/MM/YYYY'),CURRENT_TIMESTAMP);
INSERT INTO Operacao (idOperacao, designacaoOperacaoAgricola, designacaoUnidade, idEstadoOperacao, quantidade, dataOperacao, instanteRegistoOperacao) VALUES (457,'Rega','ha',1,1.1,TO_DATE('20/09/2023', 'DD/MM/YYYY'),CURRENT_TIMESTAMP);
INSERT INTO Operacao (idOperacao, designacaoOperacaoAgricola, designacaoUnidade, idEstadoOperacao, quantidade, dataOperacao, instanteRegistoOperacao) VALUES (458,'Rega','ha',1,3,TO_DATE('06/02/2023', 'DD/MM/YYYY'),CURRENT_TIMESTAMP);
INSERT INTO Operacao (idOperacao, designacaoOperacaoAgricola, designacaoUnidade, idEstadoOperacao, quantidade, dataOperacao, instanteRegistoOperacao) VALUES (459,'Rega','ha',1,3,TO_DATE('07/02/2023', 'DD/MM/YYYY'),CURRENT_TIMESTAMP);
INSERT INTO Operacao (idOperacao, designacaoOperacaoAgricola, designacaoUnidade, idEstadoOperacao, quantidade, dataOperacao, instanteRegistoOperacao) VALUES (460,'Rega','ha',1,3,TO_DATE('08/02/2023', 'DD/MM/YYYY'),CURRENT_TIMESTAMP);
INSERT INTO Operacao (idOperacao, designacaoOperacaoAgricola, designacaoUnidade, idEstadoOperacao, quantidade, dataOperacao, instanteRegistoOperacao) VALUES (461,'Rega','ha',1,1.1,TO_DATE('16/06/2023', 'DD/MM/YYYY'),CURRENT_TIMESTAMP);
INSERT INTO Operacao (idOperacao, designacaoOperacaoAgricola, designacaoUnidade, idEstadoOperacao, quantidade, dataOperacao, instanteRegistoOperacao) VALUES (462,'Rega','ha',1,1.1,TO_DATE('15/07/2023', 'DD/MM/YYYY'),CURRENT_TIMESTAMP);
INSERT INTO Operacao (idOperacao, designacaoOperacaoAgricola, designacaoUnidade, idEstadoOperacao, quantidade, dataOperacao, instanteRegistoOperacao) VALUES (463,'Rega','ha',1,1.1,TO_DATE('08/10/2023', 'DD/MM/YYYY'),CURRENT_TIMESTAMP);
INSERT INTO Operacao (idOperacao, designacaoOperacaoAgricola, designacaoUnidade, idEstadoOperacao, quantidade, dataOperacao, instanteRegistoOperacao) VALUES (464,'Rega','ha',1,1.1,TO_DATE('09/09/2023', 'DD/MM/YYYY'),CURRENT_TIMESTAMP);
INSERT INTO Operacao (idOperacao, designacaoOperacaoAgricola, designacaoUnidade, idEstadoOperacao, quantidade, dataOperacao, instanteRegistoOperacao) VALUES (465,'Rega','ha',1,1.1,TO_DATE('30/06/2023', 'DD/MM/YYYY'),CURRENT_TIMESTAMP);
INSERT INTO Operacao (idOperacao, designacaoOperacaoAgricola, designacaoUnidade, idEstadoOperacao, quantidade, dataOperacao, instanteRegistoOperacao) VALUES (466,'Rega','ha',1,1.1,TO_DATE('15/07/2023', 'DD/MM/YYYY'),CURRENT_TIMESTAMP);
INSERT INTO Operacao (idOperacao, designacaoOperacaoAgricola, designacaoUnidade, idEstadoOperacao, quantidade, dataOperacao, instanteRegistoOperacao) VALUES (467,'Rega','ha',1,1.1,TO_DATE('29/07/2023', 'DD/MM/YYYY'),CURRENT_TIMESTAMP);
INSERT INTO Operacao (idOperacao, designacaoOperacaoAgricola, designacaoUnidade, idEstadoOperacao, quantidade, dataOperacao, instanteRegistoOperacao) VALUES (468,'Rega','ha',1,1.1,TO_DATE('08/12/2023', 'DD/MM/YYYY'),CURRENT_TIMESTAMP);
INSERT INTO Operacao (idOperacao, designacaoOperacaoAgricola, designacaoUnidade, idEstadoOperacao, quantidade, dataOperacao, instanteRegistoOperacao) VALUES (469,'Rega','ha',1,1.1,TO_DATE('20/05/2023', 'DD/MM/YYYY'),CURRENT_TIMESTAMP);
INSERT INTO Operacao (idOperacao, designacaoOperacaoAgricola, designacaoUnidade, idEstadoOperacao, quantidade, dataOperacao, instanteRegistoOperacao) VALUES (470,'Rega','ha',1,1.1,TO_DATE('07/09/2023', 'DD/MM/YYYY'),CURRENT_TIMESTAMP);
INSERT INTO Operacao (idOperacao, designacaoOperacaoAgricola, designacaoUnidade, idEstadoOperacao, quantidade, dataOperacao, instanteRegistoOperacao) VALUES (471,'Colheita','kg',1,700,TO_DATE('18/08/2023', 'DD/MM/YYYY'),CURRENT_TIMESTAMP);
INSERT INTO Operacao (idOperacao, designacaoOperacaoAgricola, designacaoUnidade, idEstadoOperacao, quantidade, dataOperacao, instanteRegistoOperacao) VALUES (472,'Colheita','kg',1,900,TO_DATE('30/08/2023', 'DD/MM/YYYY'),CURRENT_TIMESTAMP);
INSERT INTO Operacao (idOperacao, designacaoOperacaoAgricola, designacaoUnidade, idEstadoOperacao, quantidade, dataOperacao, instanteRegistoOperacao) VALUES (473,'Colheita','kg',1,900,TO_DATE('05/09/2023', 'DD/MM/YYYY'),CURRENT_TIMESTAMP);
INSERT INTO Operacao (idOperacao, designacaoOperacaoAgricola, designacaoUnidade, idEstadoOperacao, quantidade, dataOperacao, instanteRegistoOperacao) VALUES (474,'Colheita','kg',1,1050,TO_DATE('08/09/2023', 'DD/MM/YYYY'),CURRENT_TIMESTAMP);
INSERT INTO Operacao (idOperacao, designacaoOperacaoAgricola, designacaoUnidade, idEstadoOperacao, quantidade, dataOperacao, instanteRegistoOperacao) VALUES (475,'Colheita','kg',1,950,TO_DATE('28/09/2023', 'DD/MM/YYYY'),CURRENT_TIMESTAMP);
INSERT INTO Operacao (idOperacao, designacaoOperacaoAgricola, designacaoUnidade, idEstadoOperacao, quantidade, dataOperacao, instanteRegistoOperacao) VALUES (476,'Colheita','kg',1,800,TO_DATE('03/10/2023', 'DD/MM/YYYY'),CURRENT_TIMESTAMP);
INSERT INTO Operacao (idOperacao, designacaoOperacaoAgricola, designacaoUnidade, idEstadoOperacao, quantidade, dataOperacao, instanteRegistoOperacao) VALUES (477,'Colheita','kg',1,700,TO_DATE('15/09/2023', 'DD/MM/YYYY'),CURRENT_TIMESTAMP);
INSERT INTO Operacao (idOperacao, designacaoOperacaoAgricola, designacaoUnidade, idEstadoOperacao, quantidade, dataOperacao, instanteRegistoOperacao) VALUES (478,'Colheita','kg',1,600,TO_DATE('16/09/2023', 'DD/MM/YYYY'),CURRENT_TIMESTAMP);
INSERT INTO Operacao (idOperacao, designacaoOperacaoAgricola, designacaoUnidade, idEstadoOperacao, quantidade, dataOperacao, instanteRegistoOperacao) VALUES (479,'Colheita','kg',1,700,TO_DATE('20/09/2023', 'DD/MM/YYYY'),CURRENT_TIMESTAMP);
INSERT INTO Operacao (idOperacao, designacaoOperacaoAgricola, designacaoUnidade, idEstadoOperacao, quantidade, dataOperacao, instanteRegistoOperacao) VALUES (480,'Colheita','kg',1,600,TO_DATE('27/09/2023', 'DD/MM/YYYY'),CURRENT_TIMESTAMP);
INSERT INTO Operacao (idOperacao, designacaoOperacaoAgricola, designacaoUnidade, idEstadoOperacao, quantidade, dataOperacao, instanteRegistoOperacao) VALUES (481,'Colheita','kg',1,700,TO_DATE('05/10/2023', 'DD/MM/YYYY'),CURRENT_TIMESTAMP);
INSERT INTO Operacao (idOperacao, designacaoOperacaoAgricola, designacaoUnidade, idEstadoOperacao, quantidade, dataOperacao, instanteRegistoOperacao) VALUES (482,'Colheita','kg',1,1200,TO_DATE('15/10/2023', 'DD/MM/YYYY'),CURRENT_TIMESTAMP);
INSERT INTO Operacao (idOperacao, designacaoOperacaoAgricola, designacaoUnidade, idEstadoOperacao, quantidade, dataOperacao, instanteRegistoOperacao) VALUES (483,'Colheita','kg',1,700,TO_DATE('15/10/2023', 'DD/MM/YYYY'),CURRENT_TIMESTAMP);
INSERT INTO Operacao (idOperacao, designacaoOperacaoAgricola, designacaoUnidade, idEstadoOperacao, quantidade, dataOperacao, instanteRegistoOperacao) VALUES (484,'Colheita','kg',1,700,TO_DATE('12/11/2023', 'DD/MM/YYYY'),CURRENT_TIMESTAMP);
INSERT INTO Operacao (idOperacao, designacaoOperacaoAgricola, designacaoUnidade, idEstadoOperacao, quantidade, dataOperacao, instanteRegistoOperacao) VALUES (485,'Colheita','kg',1,800,TO_DATE('15/11/2023', 'DD/MM/YYYY'),CURRENT_TIMESTAMP);
INSERT INTO Operacao (idOperacao, designacaoOperacaoAgricola, designacaoUnidade, idEstadoOperacao, quantidade, dataOperacao, instanteRegistoOperacao) VALUES (486,'Colheita','kg',1,400,TO_DATE('02/11/2023', 'DD/MM/YYYY'),CURRENT_TIMESTAMP);
INSERT INTO Operacao (idOperacao, designacaoOperacaoAgricola, designacaoUnidade, idEstadoOperacao, quantidade, dataOperacao, instanteRegistoOperacao) VALUES (487,'Colheita','kg',1,300,TO_DATE('05/11/2023', 'DD/MM/YYYY'),CURRENT_TIMESTAMP);
INSERT INTO Operacao (idOperacao, designacaoOperacaoAgricola, designacaoUnidade, idEstadoOperacao, quantidade, dataOperacao, instanteRegistoOperacao) VALUES (488,'Colheita','kg',1,350,TO_DATE('08/11/2023', 'DD/MM/YYYY'),CURRENT_TIMESTAMP);
INSERT INTO Operacao (idOperacao, designacaoOperacaoAgricola, designacaoUnidade, idEstadoOperacao, quantidade, dataOperacao, instanteRegistoOperacao) VALUES (489,'Colheita','kg',1,1500,TO_DATE('14/06/2023', 'DD/MM/YYYY'),CURRENT_TIMESTAMP);
INSERT INTO Operacao (idOperacao, designacaoOperacaoAgricola, designacaoUnidade, idEstadoOperacao, quantidade, dataOperacao, instanteRegistoOperacao) VALUES (490,'Colheita','kg',1,2500,TO_DATE('28/06/2023', 'DD/MM/YYYY'),CURRENT_TIMESTAMP);
INSERT INTO Operacao (idOperacao, designacaoOperacaoAgricola, designacaoUnidade, idEstadoOperacao, quantidade, dataOperacao, instanteRegistoOperacao) VALUES (491,'Colheita','kg',1,8000,TO_DATE('15/09/2023', 'DD/MM/YYYY'),CURRENT_TIMESTAMP);
INSERT INTO Operacao (idOperacao, designacaoOperacaoAgricola, designacaoUnidade, idEstadoOperacao, quantidade, dataOperacao, instanteRegistoOperacao) VALUES (492,'Colheita','kg',1,5000,TO_DATE('25/09/2023', 'DD/MM/YYYY'),CURRENT_TIMESTAMP);
INSERT INTO Operacao (idOperacao, designacaoOperacaoAgricola, designacaoUnidade, idEstadoOperacao, quantidade, dataOperacao, instanteRegistoOperacao) VALUES (493,'Colheita','kg',1,900,TO_DATE('18/09/2023', 'DD/MM/YYYY'),CURRENT_TIMESTAMP);
INSERT INTO Operacao (idOperacao, designacaoOperacaoAgricola, designacaoUnidade, idEstadoOperacao, quantidade, dataOperacao, instanteRegistoOperacao) VALUES (494,'Colheita','kg',1,1500,TO_DATE('22/09/2023', 'DD/MM/YYYY'),CURRENT_TIMESTAMP);
INSERT INTO Operacao (idOperacao, designacaoOperacaoAgricola, designacaoUnidade, idEstadoOperacao, quantidade, dataOperacao, instanteRegistoOperacao) VALUES (495,'Colheita','kg',1,1200,TO_DATE('05/10/2023', 'DD/MM/YYYY'),CURRENT_TIMESTAMP);
INSERT INTO Operacao (idOperacao, designacaoOperacaoAgricola, designacaoUnidade, idEstadoOperacao, quantidade, dataOperacao, instanteRegistoOperacao) VALUES (496,'Plantação','un',1,50,TO_DATE('09/01/2019', 'DD/MM/YYYY'),CURRENT_TIMESTAMP);
INSERT INTO Operacao (idOperacao, designacaoOperacaoAgricola, designacaoUnidade, idEstadoOperacao, quantidade, dataOperacao, instanteRegistoOperacao) VALUES (497,'Plantação','un',1,20,TO_DATE('09/01/2019', 'DD/MM/YYYY'),CURRENT_TIMESTAMP);
INSERT INTO Operacao (idOperacao, designacaoOperacaoAgricola, designacaoUnidade, idEstadoOperacao, quantidade, dataOperacao, instanteRegistoOperacao) VALUES (498,'Plantação','un',1,40,TO_DATE('10/01/2019', 'DD/MM/YYYY'),CURRENT_TIMESTAMP);
INSERT INTO Operacao (idOperacao, designacaoOperacaoAgricola, designacaoUnidade, idEstadoOperacao, quantidade, dataOperacao, instanteRegistoOperacao) VALUES (499,'Plantação','un',1,30,TO_DATE('10/01/2019', 'DD/MM/YYYY'),CURRENT_TIMESTAMP);
INSERT INTO Operacao (idOperacao, designacaoOperacaoAgricola, designacaoUnidade, idEstadoOperacao, quantidade, dataOperacao, instanteRegistoOperacao) VALUES (500,'Plantação','un',1,40,TO_DATE('11/01/2019', 'DD/MM/YYYY'),CURRENT_TIMESTAMP);
INSERT INTO Operacao (idOperacao, designacaoOperacaoAgricola, designacaoUnidade, idEstadoOperacao, quantidade, dataOperacao, instanteRegistoOperacao) VALUES (501,'Plantação','un',1,50,TO_DATE('11/01/2019', 'DD/MM/YYYY'),CURRENT_TIMESTAMP);
INSERT INTO Operacao (idOperacao, designacaoOperacaoAgricola, designacaoUnidade, idEstadoOperacao, quantidade, dataOperacao, instanteRegistoOperacao) VALUES (502,'Plantação','un',1,40,TO_DATE('12/10/2016', 'DD/MM/YYYY'),CURRENT_TIMESTAMP);
INSERT INTO Operacao (idOperacao, designacaoOperacaoAgricola, designacaoUnidade, idEstadoOperacao, quantidade, dataOperacao, instanteRegistoOperacao) VALUES (503,'Aplicação de fator de produção','kg',1,100,TO_DATE('06/01/2020', 'DD/MM/YYYY'),CURRENT_TIMESTAMP);
INSERT INTO Operacao (idOperacao, designacaoOperacaoAgricola, designacaoUnidade, idEstadoOperacao, quantidade, dataOperacao, instanteRegistoOperacao) VALUES (504,'Aplicação de fator de produção','kg',1,100,TO_DATE('06/01/2020', 'DD/MM/YYYY'),CURRENT_TIMESTAMP);
INSERT INTO Operacao (idOperacao, designacaoOperacaoAgricola, designacaoUnidade, idEstadoOperacao, quantidade, dataOperacao, instanteRegistoOperacao) VALUES (505,'Aplicação de fator de produção','kg',1,100,TO_DATE('06/01/2020', 'DD/MM/YYYY'),CURRENT_TIMESTAMP);
INSERT INTO Operacao (idOperacao, designacaoOperacaoAgricola, designacaoUnidade, idEstadoOperacao, quantidade, dataOperacao, instanteRegistoOperacao) VALUES (506,'Aplicação de fator de produção','kg',1,100,TO_DATE('06/01/2020', 'DD/MM/YYYY'),CURRENT_TIMESTAMP);
INSERT INTO Operacao (idOperacao, designacaoOperacaoAgricola, designacaoUnidade, idEstadoOperacao, quantidade, dataOperacao, instanteRegistoOperacao) VALUES (507,'Aplicação de fator de produção','kg',1,100,TO_DATE('07/01/2020', 'DD/MM/YYYY'),CURRENT_TIMESTAMP);
INSERT INTO Operacao (idOperacao, designacaoOperacaoAgricola, designacaoUnidade, idEstadoOperacao, quantidade, dataOperacao, instanteRegistoOperacao) VALUES (508,'Aplicação de fator de produção','kg',1,100,TO_DATE('07/01/2020', 'DD/MM/YYYY'),CURRENT_TIMESTAMP);
INSERT INTO Operacao (idOperacao, designacaoOperacaoAgricola, designacaoUnidade, idEstadoOperacao, quantidade, dataOperacao, instanteRegistoOperacao) VALUES (509,'Aplicação de fator de produção','kg',1,100,TO_DATE('07/01/2021', 'DD/MM/YYYY'),CURRENT_TIMESTAMP);
INSERT INTO Operacao (idOperacao, designacaoOperacaoAgricola, designacaoUnidade, idEstadoOperacao, quantidade, dataOperacao, instanteRegistoOperacao) VALUES (510,'Aplicação de fator de produção','kg',1,100,TO_DATE('07/01/2021', 'DD/MM/YYYY'),CURRENT_TIMESTAMP);
INSERT INTO Operacao (idOperacao, designacaoOperacaoAgricola, designacaoUnidade, idEstadoOperacao, quantidade, dataOperacao, instanteRegistoOperacao) VALUES (511,'Aplicação de fator de produção','kg',1,100,TO_DATE('08/01/2021', 'DD/MM/YYYY'),CURRENT_TIMESTAMP);
INSERT INTO Operacao (idOperacao, designacaoOperacaoAgricola, designacaoUnidade, idEstadoOperacao, quantidade, dataOperacao, instanteRegistoOperacao) VALUES (512,'Aplicação de fator de produção','kg',1,100,TO_DATE('07/01/2021', 'DD/MM/YYYY'),CURRENT_TIMESTAMP);
INSERT INTO Operacao (idOperacao, designacaoOperacaoAgricola, designacaoUnidade, idEstadoOperacao, quantidade, dataOperacao, instanteRegistoOperacao) VALUES (513,'Aplicação de fator de produção','kg',1,100,TO_DATE('07/01/2021', 'DD/MM/YYYY'),CURRENT_TIMESTAMP);
INSERT INTO Operacao (idOperacao, designacaoOperacaoAgricola, designacaoUnidade, idEstadoOperacao, quantidade, dataOperacao, instanteRegistoOperacao) VALUES (514,'Aplicação de fator de produção','kg',1,100,TO_DATE('08/01/2021', 'DD/MM/YYYY'),CURRENT_TIMESTAMP);
INSERT INTO Operacao (idOperacao, designacaoOperacaoAgricola, designacaoUnidade, idEstadoOperacao, quantidade, dataOperacao, instanteRegistoOperacao) VALUES (515,'Aplicação de fator de produção','kg',1,100,TO_DATE('15/01/2022', 'DD/MM/YYYY'),CURRENT_TIMESTAMP);
INSERT INTO Operacao (idOperacao, designacaoOperacaoAgricola, designacaoUnidade, idEstadoOperacao, quantidade, dataOperacao, instanteRegistoOperacao) VALUES (516,'Aplicação de fator de produção','kg',1,100,TO_DATE('04/01/2019', 'DD/MM/YYYY'),CURRENT_TIMESTAMP);
INSERT INTO Operacao (idOperacao, designacaoOperacaoAgricola, designacaoUnidade, idEstadoOperacao, quantidade, dataOperacao, instanteRegistoOperacao) VALUES (517,'Aplicação de fator de produção','kg',1,100,TO_DATE('15/01/2022', 'DD/MM/YYYY'),CURRENT_TIMESTAMP);
INSERT INTO Operacao (idOperacao, designacaoOperacaoAgricola, designacaoUnidade, idEstadoOperacao, quantidade, dataOperacao, instanteRegistoOperacao) VALUES (518,'Aplicação de fator de produção','kg',1,100,TO_DATE('15/01/2022', 'DD/MM/YYYY'),CURRENT_TIMESTAMP);
INSERT INTO Operacao (idOperacao, designacaoOperacaoAgricola, designacaoUnidade, idEstadoOperacao, quantidade, dataOperacao, instanteRegistoOperacao) VALUES (519,'Aplicação de fator de produção','kg',1,100,TO_DATE('16/01/2022', 'DD/MM/YYYY'),CURRENT_TIMESTAMP);
INSERT INTO Operacao (idOperacao, designacaoOperacaoAgricola, designacaoUnidade, idEstadoOperacao, quantidade, dataOperacao, instanteRegistoOperacao) VALUES (520,'Aplicação de fator de produção','kg',1,100,TO_DATE('16/01/2022', 'DD/MM/YYYY'),CURRENT_TIMESTAMP);
INSERT INTO Operacao (idOperacao, designacaoOperacaoAgricola, designacaoUnidade, idEstadoOperacao, quantidade, dataOperacao, instanteRegistoOperacao) VALUES (521,'Aplicação de fator de produção','kg',1,100,TO_DATE('16/01/2022', 'DD/MM/YYYY'),CURRENT_TIMESTAMP);
INSERT INTO Operacao (idOperacao, designacaoOperacaoAgricola, designacaoUnidade, idEstadoOperacao, quantidade, dataOperacao, instanteRegistoOperacao) VALUES (522,'Aplicação de fator de produção','kg',1,100,TO_DATE('15/05/2023', 'DD/MM/YYYY'),CURRENT_TIMESTAMP);
INSERT INTO Operacao (idOperacao, designacaoOperacaoAgricola, designacaoUnidade, idEstadoOperacao, quantidade, dataOperacao, instanteRegistoOperacao) VALUES (523,'Aplicação de fator de produção','kg',1,100,TO_DATE('15/05/2023', 'DD/MM/YYYY'),CURRENT_TIMESTAMP);
INSERT INTO Operacao (idOperacao, designacaoOperacaoAgricola, designacaoUnidade, idEstadoOperacao, quantidade, dataOperacao, instanteRegistoOperacao) VALUES (524,'Aplicação de fator de produção','kg',1,100,TO_DATE('15/05/2023', 'DD/MM/YYYY'),CURRENT_TIMESTAMP);
INSERT INTO Operacao (idOperacao, designacaoOperacaoAgricola, designacaoUnidade, idEstadoOperacao, quantidade, dataOperacao, instanteRegistoOperacao) VALUES (525,'Aplicação de fator de produção','kg',1,100,TO_DATE('15/05/2023', 'DD/MM/YYYY'),CURRENT_TIMESTAMP);
INSERT INTO Operacao (idOperacao, designacaoOperacaoAgricola, designacaoUnidade, idEstadoOperacao, quantidade, dataOperacao, instanteRegistoOperacao) VALUES (526,'Aplicação de fator de produção','kg',1,100,TO_DATE('15/05/2023', 'DD/MM/YYYY'),CURRENT_TIMESTAMP);
INSERT INTO Operacao (idOperacao, designacaoOperacaoAgricola, designacaoUnidade, idEstadoOperacao, quantidade, dataOperacao, instanteRegistoOperacao) VALUES (527,'Aplicação de fator de produção','kg',1,100,TO_DATE('15/05/2023', 'DD/MM/YYYY'),CURRENT_TIMESTAMP);
INSERT INTO Operacao (idOperacao, designacaoOperacaoAgricola, designacaoUnidade, idEstadoOperacao, quantidade, dataOperacao, instanteRegistoOperacao) VALUES (528,'Aplicação de fator de produção','kg',1,100,TO_DATE('13/01/2021', 'DD/MM/YYYY'),CURRENT_TIMESTAMP);
INSERT INTO Operacao (idOperacao, designacaoOperacaoAgricola, designacaoUnidade, idEstadoOperacao, quantidade, dataOperacao, instanteRegistoOperacao) VALUES (529,'Aplicação de fator de produção','kg',1,100,TO_DATE('12/01/2021', 'DD/MM/YYYY'),CURRENT_TIMESTAMP);
INSERT INTO Operacao (idOperacao, designacaoOperacaoAgricola, designacaoUnidade, idEstadoOperacao, quantidade, dataOperacao, instanteRegistoOperacao) VALUES (530,'Aplicação de fator de produção','kg',1,100,TO_DATE('12/01/2021', 'DD/MM/YYYY'),CURRENT_TIMESTAMP);
INSERT INTO Operacao (idOperacao, designacaoOperacaoAgricola, designacaoUnidade, idEstadoOperacao, quantidade, dataOperacao, instanteRegistoOperacao) VALUES (531,'Aplicação de fator de produção','kg',1,100,TO_DATE('12/01/2021', 'DD/MM/YYYY'),CURRENT_TIMESTAMP);
INSERT INTO Operacao (idOperacao, designacaoOperacaoAgricola, designacaoUnidade, idEstadoOperacao, quantidade, dataOperacao, instanteRegistoOperacao) VALUES (532,'Aplicação de fator de produção','kg',1,100,TO_DATE('12/01/2021', 'DD/MM/YYYY'),CURRENT_TIMESTAMP);
INSERT INTO Operacao (idOperacao, designacaoOperacaoAgricola, designacaoUnidade, idEstadoOperacao, quantidade, dataOperacao, instanteRegistoOperacao) VALUES (533,'Aplicação de fator de produção','kg',1,100,TO_DATE('13/01/2022', 'DD/MM/YYYY'),CURRENT_TIMESTAMP);
INSERT INTO Operacao (idOperacao, designacaoOperacaoAgricola, designacaoUnidade, idEstadoOperacao, quantidade, dataOperacao, instanteRegistoOperacao) VALUES (534,'Aplicação de fator de produção','kg',1,100,TO_DATE('12/01/2023', 'DD/MM/YYYY'),CURRENT_TIMESTAMP);
INSERT INTO Operacao (idOperacao, designacaoOperacaoAgricola, designacaoUnidade, idEstadoOperacao, quantidade, dataOperacao, instanteRegistoOperacao) VALUES (535,'Aplicação de fator de produção','kg',1,100,TO_DATE('12/01/2023', 'DD/MM/YYYY'),CURRENT_TIMESTAMP);
INSERT INTO Operacao (idOperacao, designacaoOperacaoAgricola, designacaoUnidade, idEstadoOperacao, quantidade, dataOperacao, instanteRegistoOperacao) VALUES (536,'Aplicação de fator de produção','kg',1,100,TO_DATE('12/01/2023', 'DD/MM/YYYY'),CURRENT_TIMESTAMP);
INSERT INTO Operacao (idOperacao, designacaoOperacaoAgricola, designacaoUnidade, idEstadoOperacao, quantidade, dataOperacao, instanteRegistoOperacao) VALUES (537,'Aplicação de fator de produção','kg',1,100,TO_DATE('01/04/2023', 'DD/MM/YYYY'),CURRENT_TIMESTAMP);
INSERT INTO Operacao (idOperacao, designacaoOperacaoAgricola, designacaoUnidade, idEstadoOperacao, quantidade, dataOperacao, instanteRegistoOperacao) VALUES (538,'Aplicação de fator de produção','kg',1,100,TO_DATE('03/07/2023', 'DD/MM/YYYY'),CURRENT_TIMESTAMP);
INSERT INTO Operacao (idOperacao, designacaoOperacaoAgricola, designacaoUnidade, idEstadoOperacao, quantidade, dataOperacao, instanteRegistoOperacao) VALUES (539,'Semeadura','kg',1,1.2,TO_DATE('05/04/2023', 'DD/MM/YYYY'),CURRENT_TIMESTAMP);
INSERT INTO Operacao (idOperacao, designacaoOperacaoAgricola, designacaoUnidade, idEstadoOperacao, quantidade, dataOperacao, instanteRegistoOperacao) VALUES (540,'Semeadura','kg',1,1.5,TO_DATE('06/04/2023', 'DD/MM/YYYY'),CURRENT_TIMESTAMP);
INSERT INTO Operacao (idOperacao, designacaoOperacaoAgricola, designacaoUnidade, idEstadoOperacao, quantidade, dataOperacao, instanteRegistoOperacao) VALUES (541,'Semeadura','kg',1,1.2,TO_DATE('05/07/2023', 'DD/MM/YYYY'),CURRENT_TIMESTAMP);
INSERT INTO Operacao (idOperacao, designacaoOperacaoAgricola, designacaoUnidade, idEstadoOperacao, quantidade, dataOperacao, instanteRegistoOperacao) VALUES (542,'Semeadura','kg',1,1.1,TO_DATE('12/10/2023', 'DD/MM/YYYY'),CURRENT_TIMESTAMP);
INSERT INTO Operacao (idOperacao, designacaoOperacaoAgricola, designacaoUnidade, idEstadoOperacao, quantidade, dataOperacao, instanteRegistoOperacao) VALUES (543,'Monda','ha',1,0.5,TO_DATE('08/05/2023', 'DD/MM/YYYY'),CURRENT_TIMESTAMP);
INSERT INTO Operacao (idOperacao, designacaoOperacaoAgricola, designacaoUnidade, idEstadoOperacao, quantidade, dataOperacao, instanteRegistoOperacao) VALUES (544,'Monda','ha',1,0.6,TO_DATE('20/05/2023', 'DD/MM/YYYY'),CURRENT_TIMESTAMP);
INSERT INTO Operacao (idOperacao, designacaoOperacaoAgricola, designacaoUnidade, idEstadoOperacao, quantidade, dataOperacao, instanteRegistoOperacao) VALUES (545,'Monda','ha',1,0.6,TO_DATE('20/06/2023', 'DD/MM/YYYY'),CURRENT_TIMESTAMP);
INSERT INTO Operacao (idOperacao, designacaoOperacaoAgricola, designacaoUnidade, idEstadoOperacao, quantidade, dataOperacao, instanteRegistoOperacao) VALUES (546,'Monda','ha',1,0.5,TO_DATE('08/08/2023', 'DD/MM/YYYY'),CURRENT_TIMESTAMP);
INSERT INTO Operacao (idOperacao, designacaoOperacaoAgricola, designacaoUnidade, idEstadoOperacao, quantidade, dataOperacao, instanteRegistoOperacao) VALUES (547,'Mobilização do solo','ha',1,0.5,TO_DATE('07/04/2023', 'DD/MM/YYYY'),CURRENT_TIMESTAMP);
INSERT INTO Operacao (idOperacao, designacaoOperacaoAgricola, designacaoUnidade, idEstadoOperacao, quantidade, dataOperacao, instanteRegistoOperacao) VALUES (548,'Mobilização do solo','ha',1,1.1,TO_DATE('10/10/2023', 'DD/MM/YYYY'),CURRENT_TIMESTAMP);

--TO BE TESTED
INSERT INTO PlantacaoPermanente (idOperacao, distanciaEntreFilas, compasso) VALUES (496, 5, 5);
INSERT INTO PlantacaoPermanente (idOperacao, distanciaEntreFilas, compasso) VALUES (497, 5, 5);
INSERT INTO PlantacaoPermanente (idOperacao, distanciaEntreFilas, compasso) VALUES (498, 5, 5);
INSERT INTO PlantacaoPermanente (idOperacao, distanciaEntreFilas, compasso) VALUES (499, 5, 5);
INSERT INTO PlantacaoPermanente (idOperacao, distanciaEntreFilas, compasso) VALUES (500, 5, 5);
INSERT INTO PlantacaoPermanente (idOperacao, distanciaEntreFilas, compasso) VALUES (501, 5, 5);
INSERT INTO PlantacaoPermanente (idOperacao, distanciaEntreFilas, compasso) VALUES (502, 6, 6);

--WORKS
INSERT INTO OperacaoParcela (idOperacao, nomeParcela) VALUES (89, 'Campo do poço');
INSERT INTO OperacaoParcela (idOperacao, nomeParcela) VALUES (393, 'Campo Novo');
INSERT INTO OperacaoParcela (idOperacao, nomeParcela) VALUES (394, 'Campo Novo');
INSERT INTO OperacaoParcela (idOperacao, nomeParcela) VALUES (359, 'Lameiro do moinho');
INSERT INTO OperacaoParcela (idOperacao, nomeParcela) VALUES (266, 'Lameiro da ponte');
INSERT INTO OperacaoParcela (idOperacao, nomeParcela) VALUES (267, 'Lameiro da ponte');
INSERT INTO OperacaoParcela (idOperacao, nomeParcela) VALUES (268, 'Lameiro da ponte');
INSERT INTO OperacaoParcela (idOperacao, nomeParcela) VALUES (269, 'Lameiro da ponte');
INSERT INTO OperacaoParcela (idOperacao, nomeParcela) VALUES (270, 'Lameiro da ponte');
INSERT INTO OperacaoParcela (idOperacao, nomeParcela) VALUES (271, 'Lameiro da ponte');
INSERT INTO OperacaoParcela (idOperacao, nomeParcela) VALUES (272, 'Lameiro da ponte');
INSERT INTO OperacaoParcela (idOperacao, nomeParcela) VALUES (273, 'Lameiro da ponte');
INSERT INTO OperacaoParcela (idOperacao, nomeParcela) VALUES (274, 'Lameiro da ponte');
INSERT INTO OperacaoParcela (idOperacao, nomeParcela) VALUES (275, 'Lameiro da ponte');
INSERT INTO OperacaoParcela (idOperacao, nomeParcela) VALUES (276, 'Lameiro da ponte');
INSERT INTO OperacaoParcela (idOperacao, nomeParcela) VALUES (277, 'Lameiro da ponte');
INSERT INTO OperacaoParcela (idOperacao, nomeParcela) VALUES (278, 'Lameiro da ponte');
INSERT INTO OperacaoParcela (idOperacao, nomeParcela) VALUES (279, 'Lameiro da ponte');
INSERT INTO OperacaoParcela (idOperacao, nomeParcela) VALUES (280, 'Lameiro do moinho');
INSERT INTO OperacaoParcela (idOperacao, nomeParcela) VALUES (281, 'Lameiro do moinho');
INSERT INTO OperacaoParcela (idOperacao, nomeParcela) VALUES (282, 'Lameiro do moinho');
INSERT INTO OperacaoParcela (idOperacao, nomeParcela) VALUES (283, 'Lameiro do moinho');
INSERT INTO OperacaoParcela (idOperacao, nomeParcela) VALUES (284, 'Lameiro do moinho');
INSERT INTO OperacaoParcela (idOperacao, nomeParcela) VALUES (285, 'Lameiro do moinho');
INSERT INTO OperacaoParcela (idOperacao, nomeParcela) VALUES (286, 'Lameiro do moinho');
INSERT INTO OperacaoParcela (idOperacao, nomeParcela) VALUES (287, 'Lameiro do moinho');
INSERT INTO OperacaoParcela (idOperacao, nomeParcela) VALUES (288, 'Lameiro do moinho');
INSERT INTO OperacaoParcela (idOperacao, nomeParcela) VALUES (289, 'Lameiro do moinho');
INSERT INTO OperacaoParcela (idOperacao, nomeParcela) VALUES (290, 'Lameiro do moinho');
INSERT INTO OperacaoParcela (idOperacao, nomeParcela) VALUES (291, 'Lameiro do moinho');
INSERT INTO OperacaoParcela (idOperacao, nomeParcela) VALUES (292, 'Lameiro do moinho');
INSERT INTO OperacaoParcela (idOperacao, nomeParcela) VALUES (293, 'Lameiro do moinho');
INSERT INTO OperacaoParcela (idOperacao, nomeParcela) VALUES (294, 'Lameiro do moinho');
INSERT INTO OperacaoParcela (idOperacao, nomeParcela) VALUES (295, 'Campo Grande');
INSERT INTO OperacaoParcela (idOperacao, nomeParcela) VALUES (296, 'Campo Grande');
INSERT INTO OperacaoParcela (idOperacao, nomeParcela) VALUES (297, 'Campo Grande');
INSERT INTO OperacaoParcela (idOperacao, nomeParcela) VALUES (298, 'Campo Grande');
INSERT INTO OperacaoParcela (idOperacao, nomeParcela) VALUES (299, 'Campo Grande');
INSERT INTO OperacaoParcela (idOperacao, nomeParcela) VALUES (300, 'Campo Novo');
INSERT INTO OperacaoParcela (idOperacao, nomeParcela) VALUES (301, 'Campo Novo');
INSERT INTO OperacaoParcela (idOperacao, nomeParcela) VALUES (302, 'Campo Novo');
INSERT INTO OperacaoParcela (idOperacao, nomeParcela) VALUES (303, 'Campo Novo');
INSERT INTO OperacaoParcela (idOperacao, nomeParcela) VALUES (304, 'Campo Novo');
INSERT INTO OperacaoParcela (idOperacao, nomeParcela) VALUES (305, 'Campo Novo');
INSERT INTO OperacaoParcela (idOperacao, nomeParcela) VALUES (306, 'Campo Novo');
INSERT INTO OperacaoParcela (idOperacao, nomeParcela) VALUES (307, 'Campo Novo');
INSERT INTO OperacaoParcela (idOperacao, nomeParcela) VALUES (308, 'Campo Novo');
INSERT INTO OperacaoParcela (idOperacao, nomeParcela) VALUES (309, 'Campo Novo');
INSERT INTO OperacaoParcela (idOperacao, nomeParcela) VALUES (310, 'Campo Novo');
INSERT INTO OperacaoParcela (idOperacao, nomeParcela) VALUES (311, 'Campo Novo');
INSERT INTO OperacaoParcela (idOperacao, nomeParcela) VALUES (312, 'Campo Novo');
INSERT INTO OperacaoParcela (idOperacao, nomeParcela) VALUES (313, 'Campo Novo');
INSERT INTO OperacaoParcela (idOperacao, nomeParcela) VALUES (314, 'Campo Novo');
INSERT INTO OperacaoParcela (idOperacao, nomeParcela) VALUES (315, 'Campo Novo');
INSERT INTO OperacaoParcela (idOperacao, nomeParcela) VALUES (316, 'Campo Novo');
INSERT INTO OperacaoParcela (idOperacao, nomeParcela) VALUES (317, 'Campo Novo');
INSERT INTO OperacaoParcela (idOperacao, nomeParcela) VALUES (318, 'Campo Novo');
INSERT INTO OperacaoParcela (idOperacao, nomeParcela) VALUES (319, 'Campo Novo');
INSERT INTO OperacaoParcela (idOperacao, nomeParcela) VALUES (320, 'Campo Novo');
INSERT INTO OperacaoParcela (idOperacao, nomeParcela) VALUES (321, 'Campo Novo');
INSERT INTO OperacaoParcela (idOperacao, nomeParcela) VALUES (322, 'Campo Novo');
INSERT INTO OperacaoParcela (idOperacao, nomeParcela) VALUES (323, 'Campo Novo');
INSERT INTO OperacaoParcela (idOperacao, nomeParcela) VALUES (324, 'Campo Novo');
INSERT INTO OperacaoParcela (idOperacao, nomeParcela) VALUES (325, 'Campo Novo');
INSERT INTO OperacaoParcela (idOperacao, nomeParcela) VALUES (326, 'Campo Novo');
INSERT INTO OperacaoParcela (idOperacao, nomeParcela) VALUES (403, 'Campo Novo');
INSERT INTO OperacaoParcela (idOperacao, nomeParcela) VALUES (404, 'Campo Novo');
INSERT INTO OperacaoParcela (idOperacao, nomeParcela) VALUES (405,'Lameiro da ponte');
INSERT INTO OperacaoParcela (idOperacao, nomeParcela) VALUES (406,'Lameiro da ponte');
INSERT INTO OperacaoParcela (idOperacao, nomeParcela) VALUES (407,'Lameiro da ponte');
INSERT INTO OperacaoParcela (idOperacao, nomeParcela) VALUES (408,'Lameiro da ponte');
INSERT INTO OperacaoParcela (idOperacao, nomeParcela) VALUES (409,'Lameiro da ponte');
INSERT INTO OperacaoParcela (idOperacao, nomeParcela) VALUES (410,'Lameiro da ponte');
INSERT INTO OperacaoParcela (idOperacao, nomeParcela) VALUES (411,'Lameiro da ponte');
INSERT INTO OperacaoParcela (idOperacao, nomeParcela) VALUES (412,'Lameiro da ponte');
INSERT INTO OperacaoParcela (idOperacao, nomeParcela) VALUES (413,'Lameiro da ponte');
INSERT INTO OperacaoParcela (idOperacao, nomeParcela) VALUES (414,'Lameiro da ponte');
INSERT INTO OperacaoParcela (idOperacao, nomeParcela) VALUES (415,'Lameiro da ponte');
INSERT INTO OperacaoParcela (idOperacao, nomeParcela) VALUES (416,'Lameiro da ponte');
INSERT INTO OperacaoParcela (idOperacao, nomeParcela) VALUES (417,'Lameiro da ponte');
INSERT INTO OperacaoParcela (idOperacao, nomeParcela) VALUES (418,'Lameiro da ponte');
INSERT INTO OperacaoParcela (idOperacao, nomeParcela) VALUES (419,'Lameiro da ponte');
INSERT INTO OperacaoParcela (idOperacao, nomeParcela) VALUES (420,'Campo Grande');
INSERT INTO OperacaoParcela (idOperacao, nomeParcela) VALUES (421,'Campo Grande');
INSERT INTO OperacaoParcela (idOperacao, nomeParcela) VALUES (422,'Campo Grande');
INSERT INTO OperacaoParcela (idOperacao, nomeParcela) VALUES (423,'Campo Grande');
INSERT INTO OperacaoParcela (idOperacao, nomeParcela) VALUES (424,'Campo Grande');
INSERT INTO OperacaoParcela (idOperacao, nomeParcela) VALUES (425,'Campo Grande');
INSERT INTO OperacaoParcela (idOperacao, nomeParcela) VALUES (426,'Lameiro do moinho');
INSERT INTO OperacaoParcela (idOperacao, nomeParcela) VALUES (427,'Lameiro do moinho');
INSERT INTO OperacaoParcela (idOperacao, nomeParcela) VALUES (428,'Lameiro do moinho');
INSERT INTO OperacaoParcela (idOperacao, nomeParcela) VALUES (429,'Lameiro do moinho');
INSERT INTO OperacaoParcela (idOperacao, nomeParcela) VALUES (430,'Lameiro do moinho');
INSERT INTO OperacaoParcela (idOperacao, nomeParcela) VALUES (431,'Lameiro do moinho');
INSERT INTO OperacaoParcela (idOperacao, nomeParcela) VALUES (432,'Lameiro do moinho');
INSERT INTO OperacaoParcela (idOperacao, nomeParcela) VALUES (433,'Lameiro do moinho');
INSERT INTO OperacaoParcela (idOperacao, nomeParcela) VALUES (434,'Lameiro do moinho');
INSERT INTO OperacaoParcela (idOperacao, nomeParcela) VALUES (435,'Lameiro do moinho');
INSERT INTO OperacaoParcela (idOperacao, nomeParcela) VALUES (436,'Lameiro do moinho');
INSERT INTO OperacaoParcela (idOperacao, nomeParcela) VALUES (437,'Campo Novo');
INSERT INTO OperacaoParcela (idOperacao, nomeParcela) VALUES (438,'Campo Novo');
INSERT INTO OperacaoParcela (idOperacao, nomeParcela) VALUES (439,'Campo Novo');
INSERT INTO OperacaoParcela (idOperacao, nomeParcela) VALUES (440,'Campo Novo');
INSERT INTO OperacaoParcela (idOperacao, nomeParcela) VALUES (441,'Campo Novo');
INSERT INTO OperacaoParcela (idOperacao, nomeParcela) VALUES (442,'Campo Novo');
INSERT INTO OperacaoParcela (idOperacao, nomeParcela) VALUES (443,'Campo Novo');
INSERT INTO OperacaoParcela (idOperacao, nomeParcela) VALUES (444,'Campo Novo');
INSERT INTO OperacaoParcela (idOperacao, nomeParcela) VALUES (445,'Campo Novo');
INSERT INTO OperacaoParcela (idOperacao, nomeParcela) VALUES (446,'Campo Novo');
INSERT INTO OperacaoParcela (idOperacao, nomeParcela) VALUES (447,'Campo Novo');
INSERT INTO OperacaoParcela (idOperacao, nomeParcela) VALUES (448,'Campo Novo');
INSERT INTO OperacaoParcela (idOperacao, nomeParcela) VALUES (449,'Campo Novo');
INSERT INTO OperacaoParcela (idOperacao, nomeParcela) VALUES (450,'Campo Novo');
INSERT INTO OperacaoParcela (idOperacao, nomeParcela) VALUES (451,'Campo Novo');
INSERT INTO OperacaoParcela (idOperacao, nomeParcela) VALUES (452,'Campo Novo');
INSERT INTO OperacaoParcela (idOperacao, nomeParcela) VALUES (453,'Campo Novo');
INSERT INTO OperacaoParcela (idOperacao, nomeParcela) VALUES (454,'Campo Novo');
INSERT INTO OperacaoParcela (idOperacao, nomeParcela) VALUES (455,'Campo Novo');
INSERT INTO OperacaoParcela (idOperacao, nomeParcela) VALUES (456,'Campo Novo');
INSERT INTO OperacaoParcela (idOperacao, nomeParcela) VALUES (457,'Campo Novo');
INSERT INTO OperacaoParcela (idOperacao, nomeParcela) VALUES (458,'Campo Grande');
INSERT INTO OperacaoParcela (idOperacao, nomeParcela) VALUES (459,'Campo Grande');
INSERT INTO OperacaoParcela (idOperacao, nomeParcela) VALUES (460,'Campo Grande');
INSERT INTO OperacaoParcela (idOperacao, nomeParcela) VALUES (461,'Lameiro do moinho');
INSERT INTO OperacaoParcela (idOperacao, nomeParcela) VALUES (462,'Lameiro do moinho');
INSERT INTO OperacaoParcela (idOperacao, nomeParcela) VALUES (463,'Lameiro do moinho');
INSERT INTO OperacaoParcela (idOperacao, nomeParcela) VALUES (464,'Lameiro do moinho');
INSERT INTO OperacaoParcela (idOperacao, nomeParcela) VALUES (465,'Campo Novo');
INSERT INTO OperacaoParcela (idOperacao, nomeParcela) VALUES (466,'Campo Novo');
INSERT INTO OperacaoParcela (idOperacao, nomeParcela) VALUES (467,'Campo Novo');
INSERT INTO OperacaoParcela (idOperacao, nomeParcela) VALUES (468,'Campo Novo');
INSERT INTO OperacaoParcela (idOperacao, nomeParcela) VALUES (469,'Campo Novo');
INSERT INTO OperacaoParcela (idOperacao, nomeParcela) VALUES (470,'Campo Novo');
INSERT INTO OperacaoParcela (idOperacao, nomeParcela) VALUES (516,'Lameiro do moinho');
INSERT INTO OperacaoParcela (idOperacao, nomeParcela) VALUES (537,'Campo Novo');
INSERT INTO OperacaoParcela (idOperacao, nomeParcela) VALUES (538,'Campo Novo');
INSERT INTO OperacaoParcela (idOperacao, nomeParcela) VALUES (547,'Campo Novo');
INSERT INTO OperacaoParcela (idOperacao, nomeParcela) VALUES (548,'Campo Novo');

--WORKS
INSERT INTO AplicacaoFatorProducao(nomeComercial, idOperacao) VALUES ('Patentkali' ,21);
INSERT INTO AplicacaoFatorProducao(nomeComercial, idOperacao) VALUES ('Patentkali' ,22);
INSERT INTO AplicacaoFatorProducao(nomeComercial, idOperacao) VALUES ('ESTA Kieserit' ,28);
INSERT INTO AplicacaoFatorProducao(nomeComercial, idOperacao) VALUES ('ESTA Kieserit' ,29);
INSERT INTO AplicacaoFatorProducao(nomeComercial, idOperacao) VALUES ('ESTA Kieserit' ,30);
INSERT INTO AplicacaoFatorProducao(nomeComercial, idOperacao) VALUES ('Calda Bordalesa ASCENZA' ,60);
INSERT INTO AplicacaoFatorProducao(nomeComercial, idOperacao) VALUES ('Calda Bordalesa ASCENZA' ,61);
INSERT INTO AplicacaoFatorProducao(nomeComercial, idOperacao) VALUES ('ESTA Kieserit' ,62);
INSERT INTO AplicacaoFatorProducao(nomeComercial, idOperacao) VALUES ('ESTA Kieserit' ,63);
INSERT INTO AplicacaoFatorProducao(nomeComercial, idOperacao) VALUES ('ESTA Kieserit' ,64);
INSERT INTO AplicacaoFatorProducao(nomeComercial, idOperacao) VALUES ('ESTA Kieserit' ,65);
INSERT INTO AplicacaoFatorProducao(nomeComercial, idOperacao) VALUES ('Calda Bordalesa ASCENZA' ,86);
INSERT INTO AplicacaoFatorProducao(nomeComercial, idOperacao) VALUES ('Calda Bordalesa ASCENZA' ,87);
INSERT INTO AplicacaoFatorProducao(nomeComercial, idOperacao) VALUES ('Biocal Composto' ,89);
INSERT INTO AplicacaoFatorProducao(nomeComercial, idOperacao) VALUES ('Patentkali' ,119);
INSERT INTO AplicacaoFatorProducao(nomeComercial, idOperacao) VALUES ('Patentkali' ,120);
INSERT INTO AplicacaoFatorProducao(nomeComercial, idOperacao) VALUES ('Calda Bordalesa ASCENZA' ,127);
INSERT INTO AplicacaoFatorProducao(nomeComercial, idOperacao) VALUES ('Calda Bordalesa ASCENZA' ,128);
INSERT INTO AplicacaoFatorProducao(nomeComercial, idOperacao) VALUES ('EPSO Microtop' ,134);
INSERT INTO AplicacaoFatorProducao(nomeComercial, idOperacao) VALUES ('EPSO Microtop' ,135);
INSERT INTO AplicacaoFatorProducao(nomeComercial, idOperacao) VALUES ('EPSO Microtop' ,136);
INSERT INTO AplicacaoFatorProducao(nomeComercial, idOperacao) VALUES ('EPSO Microtop' ,137);
INSERT INTO AplicacaoFatorProducao(nomeComercial, idOperacao) VALUES ('Calda Bordalesa ASCENZA' ,192);
INSERT INTO AplicacaoFatorProducao(nomeComercial, idOperacao) VALUES ('Calda Bordalesa ASCENZA' ,193);
INSERT INTO AplicacaoFatorProducao(nomeComercial, idOperacao) VALUES ('EPSO Microtop' ,200);
INSERT INTO AplicacaoFatorProducao(nomeComercial, idOperacao) VALUES ('EPSO Microtop' ,201);
INSERT INTO AplicacaoFatorProducao(nomeComercial, idOperacao) VALUES ('EPSO Microtop' ,202);
INSERT INTO AplicacaoFatorProducao(nomeComercial, idOperacao) VALUES ('EPSO Microtop' ,203);
INSERT INTO AplicacaoFatorProducao(nomeComercial, idOperacao) VALUES ('Patentkali' ,256);
INSERT INTO AplicacaoFatorProducao(nomeComercial, idOperacao) VALUES ('Patentkali' ,257);
INSERT INTO AplicacaoFatorProducao(nomeComercial, idOperacao) VALUES ('Calda Bordalesa ASCENZA' ,263);
INSERT INTO AplicacaoFatorProducao(nomeComercial, idOperacao) VALUES ('Calda Bordalesa ASCENZA' ,264);
INSERT INTO AplicacaoFatorProducao(nomeComercial, idOperacao) VALUES ('BIOFERTIL N6' ,359);
INSERT INTO AplicacaoFatorProducao(nomeComercial, idOperacao) VALUES ('Fertimax Extrume de Cavalo' ,360);
INSERT INTO AplicacaoFatorProducao(nomeComercial, idOperacao) VALUES ('Fertimax Extrume de Cavalo' ,361);
INSERT INTO AplicacaoFatorProducao(nomeComercial, idOperacao) VALUES ('Fertimax Extrume de Cavalo' ,362);
INSERT INTO AplicacaoFatorProducao(nomeComercial, idOperacao) VALUES ('Fertimax Extrume de Cavalo' ,363);
INSERT INTO AplicacaoFatorProducao(nomeComercial, idOperacao) VALUES ('Fertimax Extrume de Cavalo' ,364);
INSERT INTO AplicacaoFatorProducao(nomeComercial, idOperacao) VALUES ('Fertimax Extrume de Cavalo' ,365);
INSERT INTO AplicacaoFatorProducao(nomeComercial, idOperacao) VALUES ('Fertimax Extrume de Cavalo' ,366);
INSERT INTO AplicacaoFatorProducao(nomeComercial, idOperacao) VALUES ('Fertimax Extrume de Cavalo' ,367);
INSERT INTO AplicacaoFatorProducao(nomeComercial, idOperacao) VALUES ('Fertimax Extrume de Cavalo' ,368);
INSERT INTO AplicacaoFatorProducao(nomeComercial, idOperacao) VALUES ('Fertimax Extrume de Cavalo' ,369);
INSERT INTO AplicacaoFatorProducao(nomeComercial, idOperacao) VALUES ('Fertimax Extrume de Cavalo' ,370);
INSERT INTO AplicacaoFatorProducao(nomeComercial, idOperacao) VALUES ('Fertimax Extrume de Cavalo' ,371);
INSERT INTO AplicacaoFatorProducao(nomeComercial, idOperacao) VALUES ('BIOFERTIL N6' ,372);
INSERT INTO AplicacaoFatorProducao(nomeComercial, idOperacao) VALUES ('BIOFERTIL N6' ,373);
INSERT INTO AplicacaoFatorProducao(nomeComercial, idOperacao) VALUES ('BIOFERTIL N6' ,374);
INSERT INTO AplicacaoFatorProducao(nomeComercial, idOperacao) VALUES ('BIOFERTIL N6' ,375);
INSERT INTO AplicacaoFatorProducao(nomeComercial, idOperacao) VALUES ('BIOFERTIL N6' ,376);
INSERT INTO AplicacaoFatorProducao(nomeComercial, idOperacao) VALUES ('BIOFERTIL N6' ,377);
INSERT INTO AplicacaoFatorProducao(nomeComercial, idOperacao) VALUES ('EPSO Microtop' ,378);
INSERT INTO AplicacaoFatorProducao(nomeComercial, idOperacao) VALUES ('EPSO Microtop' ,379);
INSERT INTO AplicacaoFatorProducao(nomeComercial, idOperacao) VALUES ('EPSO Microtop' ,380);
INSERT INTO AplicacaoFatorProducao(nomeComercial, idOperacao) VALUES ('EPSO Microtop' ,381);
INSERT INTO AplicacaoFatorProducao(nomeComercial, idOperacao) VALUES ('EPSO Microtop' ,382);
INSERT INTO AplicacaoFatorProducao(nomeComercial, idOperacao) VALUES ('EPSO Microtop' ,383);
INSERT INTO AplicacaoFatorProducao(nomeComercial, idOperacao) VALUES ('BIOFERTIL N6' ,384);
INSERT INTO AplicacaoFatorProducao(nomeComercial, idOperacao) VALUES ('BIOFERTIL N6' ,385);
INSERT INTO AplicacaoFatorProducao(nomeComercial, idOperacao) VALUES ('BIOFERTIL N6' ,386);
INSERT INTO AplicacaoFatorProducao(nomeComercial, idOperacao) VALUES ('BIOFERTIL N6' ,387);
INSERT INTO AplicacaoFatorProducao(nomeComercial, idOperacao) VALUES ('BIOFERTIL N6' ,388);
INSERT INTO AplicacaoFatorProducao(nomeComercial, idOperacao) VALUES ('BIOFERTIL N6' ,389);
INSERT INTO AplicacaoFatorProducao(nomeComercial, idOperacao) VALUES ('BIOFERTIL N6' ,390);
INSERT INTO AplicacaoFatorProducao(nomeComercial, idOperacao) VALUES ('BIOFERTIL N6' ,391);
INSERT INTO AplicacaoFatorProducao(nomeComercial, idOperacao) VALUES ('BIOFERTIL N6' ,392);
INSERT INTO AplicacaoFatorProducao(nomeComercial, idOperacao) VALUES ('Biocal Composto' ,393);
INSERT INTO AplicacaoFatorProducao(nomeComercial, idOperacao) VALUES ('Fertimax Extrume de Cavalo' ,394);
INSERT INTO AplicacaoFatorProducao (nomeComercial, idOperacao) VALUES ('EPSO Top',458);
INSERT INTO AplicacaoFatorProducao (nomeComercial, idOperacao) VALUES ('EPSO Top',459);
INSERT INTO AplicacaoFatorProducao (nomeComercial, idOperacao) VALUES ('EPSO Top',460);
INSERT INTO AplicacaoFatorProducao (nomeComercial, idOperacao) VALUES ('EPSO Top',461);
INSERT INTO AplicacaoFatorProducao (nomeComercial, idOperacao) VALUES ('soluSOP 52',458);
INSERT INTO AplicacaoFatorProducao (nomeComercial, idOperacao) VALUES ('soluSOP 52',459);
INSERT INTO AplicacaoFatorProducao (nomeComercial, idOperacao) VALUES ('soluSOP 52',460);
INSERT INTO AplicacaoFatorProducao (nomeComercial, idOperacao) VALUES ('soluSOP 52',461);
INSERT INTO AplicacaoFatorProducao (nomeComercial, idOperacao) VALUES ('Floracal Flow SL',458);
INSERT INTO AplicacaoFatorProducao (nomeComercial, idOperacao) VALUES ('Floracal Flow SL',459);
INSERT INTO AplicacaoFatorProducao (nomeComercial, idOperacao) VALUES ('Floracal Flow SL',460);
INSERT INTO AplicacaoFatorProducao (nomeComercial, idOperacao) VALUES ('Floracal Flow SL',461);
INSERT INTO AplicacaoFatorProducao (nomeComercial, idOperacao) VALUES ('Tecniferti MOL',462);
INSERT INTO AplicacaoFatorProducao (nomeComercial, idOperacao) VALUES ('Kiplant AllGrip',462);
INSERT INTO AplicacaoFatorProducao (nomeComercial, idOperacao) VALUES ('EPSO Top',463);
INSERT INTO AplicacaoFatorProducao (nomeComercial, idOperacao) VALUES ('EPSO Top',464);
INSERT INTO AplicacaoFatorProducao (nomeComercial, idOperacao) VALUES ('soluSOP 52',463);
INSERT INTO AplicacaoFatorProducao (nomeComercial, idOperacao) VALUES ('soluSOP 52',464);
INSERT INTO AplicacaoFatorProducao (nomeComercial, idOperacao) VALUES ('Floracal Flow SL',463);
INSERT INTO AplicacaoFatorProducao (nomeComercial, idOperacao) VALUES ('Floracal Flow SL',464);
INSERT INTO AplicacaoFatorProducao (nomeComercial, idOperacao) VALUES ('Tecniferti MOL',465);
INSERT INTO AplicacaoFatorProducao (nomeComercial, idOperacao) VALUES ('Kiplant AllGrip',465);
INSERT INTO AplicacaoFatorProducao (nomeComercial, idOperacao) VALUES ('EPSO Top',466);
INSERT INTO AplicacaoFatorProducao (nomeComercial, idOperacao) VALUES ('soluSOP 52',466);
INSERT INTO AplicacaoFatorProducao (nomeComercial, idOperacao) VALUES ('Floracal Flow SL',466);
INSERT INTO AplicacaoFatorProducao (nomeComercial, idOperacao) VALUES ('Tecniferti MOL',467);
INSERT INTO AplicacaoFatorProducao (nomeComercial, idOperacao) VALUES ('Kiplant AllGrip',467);
INSERT INTO AplicacaoFatorProducao (nomeComercial, idOperacao) VALUES ('EPSO Top',468);
INSERT INTO AplicacaoFatorProducao (nomeComercial, idOperacao) VALUES ('soluSOP 52',468);
INSERT INTO AplicacaoFatorProducao (nomeComercial, idOperacao) VALUES ('Floracal Flow SL',468);
INSERT INTO AplicacaoFatorProducao (nomeComercial, idOperacao) VALUES ('Tecniferti MOL',469);
INSERT INTO AplicacaoFatorProducao (nomeComercial, idOperacao) VALUES ('Kiplant AllGrip',469);
INSERT INTO AplicacaoFatorProducao (nomeComercial, idOperacao) VALUES ('EPSO Top',470);
INSERT INTO AplicacaoFatorProducao (nomeComercial, idOperacao) VALUES ('soluSOP 52',470);
INSERT INTO AplicacaoFatorProducao (nomeComercial, idOperacao) VALUES ('Floracal Flow SL',470);


--WORKS
INSERT INTO OperacaoCultura (idOperacao, nomeParcela, dataInicial, nomeComum, variedade) VALUES (1, 'Campo Grande', TO_DATE('06/10/2016', 'DD/MM/YYYY'), 'Oliveira', UPPER('Galega') );
INSERT INTO OperacaoCultura (idOperacao, nomeParcela, dataInicial, nomeComum, variedade) VALUES (2, 'Campo Grande', TO_DATE('10/10/2016', 'DD/MM/YYYY'), 'Oliveira', UPPER('Picual') );
INSERT INTO OperacaoCultura (idOperacao, nomeParcela, dataInicial, nomeComum, variedade) VALUES (3, 'Lameiro da ponte', TO_DATE('07/01/2017', 'DD/MM/YYYY'), 'Macieira', UPPER('Jonagored') );
INSERT INTO OperacaoCultura (idOperacao, nomeParcela, dataInicial, nomeComum, variedade) VALUES (4, 'Lameiro da ponte', TO_DATE('08/01/2017', 'DD/MM/YYYY'), 'Macieira', UPPER('Fuji') );
INSERT INTO OperacaoCultura (idOperacao, nomeParcela, dataInicial, nomeComum, variedade) VALUES (5, 'Lameiro da ponte', TO_DATE('08/01/2017', 'DD/MM/YYYY'), 'Macieira', UPPER('Royal Gala') );
INSERT INTO OperacaoCultura (idOperacao, nomeParcela, dataInicial, nomeComum, variedade) VALUES (6, 'Campo Grande', TO_DATE('10/10/2016', 'DD/MM/YYYY'), 'Oliveira', UPPER('Picual') );
INSERT INTO OperacaoCultura (idOperacao, nomeParcela, dataInicial, nomeComum, variedade) VALUES (7, 'Campo Grande', TO_DATE('06/10/2016', 'DD/MM/YYYY'), 'Oliveira', UPPER('Galega') );
INSERT INTO OperacaoCultura (idOperacao, nomeParcela, dataInicial, nomeComum, variedade) VALUES (8, 'Lameiro da ponte', TO_DATE('07/01/2017', 'DD/MM/YYYY'), 'Macieira', UPPER('Jonagored') );
INSERT INTO OperacaoCultura (idOperacao, nomeParcela, dataInicial, nomeComum, variedade) VALUES (9, 'Lameiro da ponte', TO_DATE('08/01/2017', 'DD/MM/YYYY'), 'Macieira', UPPER('Fuji') );
INSERT INTO OperacaoCultura (idOperacao, nomeParcela, dataInicial, nomeComum, variedade) VALUES (10, 'Lameiro da ponte', TO_DATE('08/01/2017', 'DD/MM/YYYY'), 'Macieira', UPPER('Royal Gala') );
INSERT INTO OperacaoCultura (idOperacao, nomeParcela, dataInicial, nomeComum, variedade) VALUES (11, 'Campo Grande', TO_DATE('10/10/2016', 'DD/MM/YYYY'), 'Oliveira', UPPER('Picual') );
INSERT INTO OperacaoCultura (idOperacao, nomeParcela, dataInicial, nomeComum, variedade) VALUES (12, 'Campo Grande', TO_DATE('06/10/2016', 'DD/MM/YYYY'), 'Oliveira', UPPER('Galega') );
INSERT INTO OperacaoCultura (idOperacao, nomeParcela, dataInicial, nomeComum, variedade) VALUES (13, 'Lameiro da ponte', TO_DATE('07/01/2017', 'DD/MM/YYYY'), 'Macieira', UPPER('Jonagored') );
INSERT INTO OperacaoCultura (idOperacao, nomeParcela, dataInicial, nomeComum, variedade) VALUES (14, 'Lameiro da ponte', TO_DATE('08/01/2017', 'DD/MM/YYYY'), 'Macieira', UPPER('Fuji') );
INSERT INTO OperacaoCultura (idOperacao, nomeParcela, dataInicial, nomeComum, variedade) VALUES (15, 'Lameiro da ponte', TO_DATE('08/01/2017', 'DD/MM/YYYY'), 'Macieira', UPPER('Royal Gala') );
INSERT INTO OperacaoCultura (idOperacao, nomeParcela, dataInicial, nomeComum, variedade) VALUES (16, 'Lameiro da ponte', TO_DATE('07/01/2017', 'DD/MM/YYYY'), 'Macieira', UPPER('Jonagored') );
INSERT INTO OperacaoCultura (idOperacao, nomeParcela, dataInicial, nomeComum, variedade) VALUES (17, 'Lameiro da ponte', TO_DATE('08/01/2017', 'DD/MM/YYYY'), 'Macieira', UPPER('Fuji') );
INSERT INTO OperacaoCultura (idOperacao, nomeParcela, dataInicial, nomeComum, variedade) VALUES (18, 'Lameiro da ponte', TO_DATE('08/01/2017', 'DD/MM/YYYY'), 'Macieira', UPPER('Royal Gala') );
INSERT INTO OperacaoCultura (idOperacao, nomeParcela, dataInicial, nomeComum, variedade) VALUES (19, 'Campo Grande', TO_DATE('06/10/2016', 'DD/MM/YYYY'), 'Oliveira', UPPER('Galega') );
INSERT INTO OperacaoCultura (idOperacao, nomeParcela, dataInicial, nomeComum, variedade) VALUES (20, 'Campo Grande', TO_DATE('10/10/2016', 'DD/MM/YYYY'), 'Oliveira', UPPER('Picual') );
INSERT INTO OperacaoCultura (idOperacao, nomeParcela, dataInicial, nomeComum, variedade) VALUES (21, 'Campo Grande', TO_DATE('06/10/2016', 'DD/MM/YYYY'), 'Oliveira', UPPER('Galega') );
INSERT INTO OperacaoCultura (idOperacao, nomeParcela, dataInicial, nomeComum, variedade) VALUES (22, 'Campo Grande', TO_DATE('10/10/2016', 'DD/MM/YYYY'), 'Oliveira', UPPER('Picual') );
INSERT INTO OperacaoCultura (idOperacao, nomeParcela, dataInicial, nomeComum, variedade) VALUES (23, 'Lameiro da ponte', TO_DATE('07/01/2017', 'DD/MM/YYYY'), 'Macieira', UPPER('Jonagored') );
INSERT INTO OperacaoCultura (idOperacao, nomeParcela, dataInicial, nomeComum, variedade) VALUES (24, 'Lameiro da ponte', TO_DATE('08/01/2017', 'DD/MM/YYYY'), 'Macieira', UPPER('Fuji') );
INSERT INTO OperacaoCultura (idOperacao, nomeParcela, dataInicial, nomeComum, variedade) VALUES (25, 'Lameiro da ponte', TO_DATE('08/01/2017', 'DD/MM/YYYY'), 'Macieira', UPPER('Royal Gala') );
INSERT INTO OperacaoCultura (idOperacao, nomeParcela, dataInicial, nomeComum, variedade) VALUES (26, 'Vinha', TO_DATE('10/01/2018', 'DD/MM/YYYY'), 'Videira', UPPER('Dona Maria') );
INSERT INTO OperacaoCultura (idOperacao, nomeParcela, dataInicial, nomeComum, variedade) VALUES (27, 'Vinha', TO_DATE('11/01/2018', 'DD/MM/YYYY'), 'Videira', UPPER('Cardinal') );
INSERT INTO OperacaoCultura (idOperacao, nomeParcela, dataInicial, nomeComum, variedade) VALUES (28, 'Lameiro da ponte', TO_DATE('07/01/2017', 'DD/MM/YYYY'), 'Macieira', UPPER('Jonagored') );
INSERT INTO OperacaoCultura (idOperacao, nomeParcela, dataInicial, nomeComum, variedade) VALUES (29, 'Lameiro da ponte', TO_DATE('08/01/2017', 'DD/MM/YYYY'), 'Macieira', UPPER('Fuji') );
INSERT INTO OperacaoCultura (idOperacao, nomeParcela, dataInicial, nomeComum, variedade) VALUES (30, 'Lameiro da ponte', TO_DATE('08/01/2017', 'DD/MM/YYYY'), 'Macieira', UPPER('Royal Gala') );
INSERT INTO OperacaoCultura (idOperacao, nomeParcela, dataInicial, nomeComum, variedade) VALUES (31, 'Campo Grande', TO_DATE('10/10/2016', 'DD/MM/YYYY'), 'Oliveira', UPPER('Picual') );
INSERT INTO OperacaoCultura (idOperacao, nomeParcela, dataInicial, nomeComum, variedade) VALUES (32, 'Campo Grande', TO_DATE('06/10/2016', 'DD/MM/YYYY'), 'Oliveira', UPPER('Galega') );
INSERT INTO OperacaoCultura (idOperacao, nomeParcela, dataInicial, nomeComum, variedade) VALUES (33, 'Lameiro da ponte', TO_DATE('07/01/2017', 'DD/MM/YYYY'), 'Macieira', UPPER('Jonagored') );
INSERT INTO OperacaoCultura (idOperacao, nomeParcela, dataInicial, nomeComum, variedade) VALUES (34, 'Lameiro da ponte', TO_DATE('08/01/2017', 'DD/MM/YYYY'), 'Macieira', UPPER('Fuji') );
INSERT INTO OperacaoCultura (idOperacao, nomeParcela, dataInicial, nomeComum, variedade) VALUES (35, 'Lameiro da ponte', TO_DATE('08/01/2017', 'DD/MM/YYYY'), 'Macieira', UPPER('Royal Gala') );
INSERT INTO OperacaoCultura (idOperacao, nomeParcela, dataInicial, nomeComum, variedade) VALUES (36, 'Vinha', TO_DATE('10/01/2018', 'DD/MM/YYYY'), 'Videira', UPPER('Dona Maria') );
INSERT INTO OperacaoCultura (idOperacao, nomeParcela, dataInicial, nomeComum, variedade) VALUES (37, 'Vinha', TO_DATE('11/01/2018', 'DD/MM/YYYY'), 'Videira', UPPER('Cardinal') );
INSERT INTO OperacaoCultura (idOperacao, nomeParcela, dataInicial, nomeComum, variedade) VALUES (38, 'Campo Grande', TO_DATE('10/10/2016', 'DD/MM/YYYY'), 'Oliveira', UPPER('Picual') );
INSERT INTO OperacaoCultura (idOperacao, nomeParcela, dataInicial, nomeComum, variedade) VALUES (39, 'Campo Grande', TO_DATE('06/10/2016', 'DD/MM/YYYY'), 'Oliveira', UPPER('Galega') );
INSERT INTO OperacaoCultura (idOperacao, nomeParcela, dataInicial, nomeComum, variedade) VALUES (40, 'Lameiro da ponte', TO_DATE('07/01/2017', 'DD/MM/YYYY'), 'Macieira', UPPER('Jonagored') );
INSERT INTO OperacaoCultura (idOperacao, nomeParcela, dataInicial, nomeComum, variedade) VALUES (41, 'Lameiro da ponte', TO_DATE('08/01/2017', 'DD/MM/YYYY'), 'Macieira', UPPER('Fuji') );
INSERT INTO OperacaoCultura (idOperacao, nomeParcela, dataInicial, nomeComum, variedade) VALUES (42, 'Lameiro da ponte', TO_DATE('08/01/2017', 'DD/MM/YYYY'), 'Macieira', UPPER('Royal Gala') );
INSERT INTO OperacaoCultura (idOperacao, nomeParcela, dataInicial, nomeComum, variedade) VALUES (43, 'Vinha', TO_DATE('10/01/2018', 'DD/MM/YYYY'), 'Videira', UPPER('Dona Maria') );
INSERT INTO OperacaoCultura (idOperacao, nomeParcela, dataInicial, nomeComum, variedade) VALUES (44, 'Vinha', TO_DATE('11/01/2018', 'DD/MM/YYYY'), 'Videira', UPPER('Cardinal') );
INSERT INTO OperacaoCultura (idOperacao, nomeParcela, dataInicial, nomeComum, variedade) VALUES (45, 'Lameiro da ponte', TO_DATE('07/01/2017', 'DD/MM/YYYY'), 'Macieira', UPPER('Jonagored') );
INSERT INTO OperacaoCultura (idOperacao, nomeParcela, dataInicial, nomeComum, variedade) VALUES (46, 'Lameiro da ponte', TO_DATE('08/01/2017', 'DD/MM/YYYY'), 'Macieira', UPPER('Fuji') );
INSERT INTO OperacaoCultura (idOperacao, nomeParcela, dataInicial, nomeComum, variedade) VALUES (47, 'Lameiro da ponte', TO_DATE('08/01/2017', 'DD/MM/YYYY'), 'Macieira', UPPER('Royal Gala') );
INSERT INTO OperacaoCultura (idOperacao, nomeParcela, dataInicial, nomeComum, variedade) VALUES (48, 'Lameiro da ponte', TO_DATE('07/01/2017', 'DD/MM/YYYY'), 'Macieira', UPPER('Jonagored') );
INSERT INTO OperacaoCultura (idOperacao, nomeParcela, dataInicial, nomeComum, variedade) VALUES (49, 'Lameiro da ponte', TO_DATE('08/01/2017', 'DD/MM/YYYY'), 'Macieira', UPPER('Fuji') );
INSERT INTO OperacaoCultura (idOperacao, nomeParcela, dataInicial, nomeComum, variedade) VALUES (50, 'Lameiro da ponte', TO_DATE('08/01/2017', 'DD/MM/YYYY'), 'Macieira', UPPER('Royal Gala') );
INSERT INTO OperacaoCultura (idOperacao, nomeParcela, dataInicial, nomeComum, variedade) VALUES (51, 'Campo Grande', TO_DATE('06/10/2016', 'DD/MM/YYYY'), 'Oliveira', UPPER('Galega') );
INSERT INTO OperacaoCultura (idOperacao, nomeParcela, dataInicial, nomeComum, variedade) VALUES (52, 'Campo Grande', TO_DATE('10/10/2016', 'DD/MM/YYYY'), 'Oliveira', UPPER('Picual') );
INSERT INTO OperacaoCultura (idOperacao, nomeParcela, dataInicial, nomeComum, variedade) VALUES (53, 'Lameiro da ponte', TO_DATE('10/12/2018', 'DD/MM/YYYY'), 'Macieira', UPPER('Royal Gala') );
INSERT INTO OperacaoCultura (idOperacao, nomeParcela, dataInicial, nomeComum, variedade) VALUES (54, 'Vinha', TO_DATE('10/01/2018', 'DD/MM/YYYY'), 'Videira', UPPER('Dona Maria') );
INSERT INTO OperacaoCultura (idOperacao, nomeParcela, dataInicial, nomeComum, variedade) VALUES (55, 'Vinha', TO_DATE('11/01/2018', 'DD/MM/YYYY'), 'Videira', UPPER('Cardinal') );
INSERT INTO OperacaoCultura (idOperacao, nomeParcela, dataInicial, nomeComum, variedade) VALUES (56, 'Lameiro da ponte', TO_DATE('07/01/2017', 'DD/MM/YYYY'), 'Macieira', UPPER('Jonagored') );
INSERT INTO OperacaoCultura (idOperacao, nomeParcela, dataInicial, nomeComum, variedade) VALUES (57, 'Lameiro da ponte', TO_DATE('08/01/2017', 'DD/MM/YYYY'), 'Macieira', UPPER('Fuji') );
INSERT INTO OperacaoCultura (idOperacao, nomeParcela, dataInicial, nomeComum, variedade) VALUES (58, 'Lameiro da ponte', TO_DATE('08/01/2017', 'DD/MM/YYYY'), 'Macieira', UPPER('Royal Gala') );
INSERT INTO OperacaoCultura (idOperacao, nomeParcela, dataInicial, nomeComum, variedade) VALUES (59, 'Lameiro da ponte', TO_DATE('10/12/2018', 'DD/MM/YYYY'), 'Macieira', UPPER('Royal Gala') );
INSERT INTO OperacaoCultura (idOperacao, nomeParcela, dataInicial, nomeComum, variedade) VALUES (60, 'Vinha', TO_DATE('10/01/2018', 'DD/MM/YYYY'), 'Videira', UPPER('Dona Maria') );
INSERT INTO OperacaoCultura (idOperacao, nomeParcela, dataInicial, nomeComum, variedade) VALUES (61, 'Vinha', TO_DATE('11/01/2018', 'DD/MM/YYYY'), 'Videira', UPPER('Cardinal') );
INSERT INTO OperacaoCultura (idOperacao, nomeParcela, dataInicial, nomeComum, variedade) VALUES (62, 'Lameiro da ponte', TO_DATE('07/01/2017', 'DD/MM/YYYY'), 'Macieira', UPPER('Jonagored') );
INSERT INTO OperacaoCultura (idOperacao, nomeParcela, dataInicial, nomeComum, variedade) VALUES (63, 'Lameiro da ponte', TO_DATE('08/01/2017', 'DD/MM/YYYY'), 'Macieira', UPPER('Fuji') );
INSERT INTO OperacaoCultura (idOperacao, nomeParcela, dataInicial, nomeComum, variedade) VALUES (64, 'Lameiro da ponte', TO_DATE('08/01/2017', 'DD/MM/YYYY'), 'Macieira', UPPER('Royal Gala') );
INSERT INTO OperacaoCultura (idOperacao, nomeParcela, dataInicial, nomeComum, variedade) VALUES (65, 'Lameiro da ponte', TO_DATE('10/12/2018', 'DD/MM/YYYY'), 'Macieira', UPPER('Royal Gala') );
INSERT INTO OperacaoCultura (idOperacao, nomeParcela, dataInicial, nomeComum, variedade) VALUES (66, 'Campo Grande', TO_DATE('10/10/2016', 'DD/MM/YYYY'), 'Oliveira', UPPER('Picual') );
INSERT INTO OperacaoCultura (idOperacao, nomeParcela, dataInicial, nomeComum, variedade) VALUES (67, 'Campo Grande', TO_DATE('06/10/2016', 'DD/MM/YYYY'), 'Oliveira', UPPER('Galega') );
INSERT INTO OperacaoCultura (idOperacao, nomeParcela, dataInicial, nomeComum, variedade) VALUES (68, 'Lameiro da ponte', TO_DATE('07/01/2017', 'DD/MM/YYYY'), 'Macieira', UPPER('Jonagored') );
INSERT INTO OperacaoCultura (idOperacao, nomeParcela, dataInicial, nomeComum, variedade) VALUES (69, 'Lameiro da ponte', TO_DATE('08/01/2017', 'DD/MM/YYYY'), 'Macieira', UPPER('Fuji') );
INSERT INTO OperacaoCultura (idOperacao, nomeParcela, dataInicial, nomeComum, variedade) VALUES (70, 'Lameiro da ponte', TO_DATE('08/01/2017', 'DD/MM/YYYY'), 'Macieira', UPPER('Royal Gala') );
INSERT INTO OperacaoCultura (idOperacao, nomeParcela, dataInicial, nomeComum, variedade) VALUES (71, 'Lameiro da ponte', TO_DATE('10/12/2018', 'DD/MM/YYYY'), 'Macieira', UPPER('Royal Gala') );
INSERT INTO OperacaoCultura (idOperacao, nomeParcela, dataInicial, nomeComum, variedade) VALUES (72, 'Vinha', TO_DATE('10/01/2018', 'DD/MM/YYYY'), 'Videira', UPPER('Dona Maria') );
INSERT INTO OperacaoCultura (idOperacao, nomeParcela, dataInicial, nomeComum, variedade) VALUES (73, 'Vinha', TO_DATE('11/01/2018', 'DD/MM/YYYY'), 'Videira', UPPER('Cardinal') );
INSERT INTO OperacaoCultura (idOperacao, nomeParcela, dataInicial, nomeComum, variedade) VALUES (74, 'Campo Grande', TO_DATE('10/10/2016', 'DD/MM/YYYY'), 'Oliveira', UPPER('Picual') );
INSERT INTO OperacaoCultura (idOperacao, nomeParcela, dataInicial, nomeComum, variedade) VALUES (75, 'Campo Grande', TO_DATE('06/10/2016', 'DD/MM/YYYY'), 'Oliveira', UPPER('Galega') );
INSERT INTO OperacaoCultura (idOperacao, nomeParcela, dataInicial, nomeComum, variedade) VALUES (76, 'Lameiro da ponte', TO_DATE('07/01/2017', 'DD/MM/YYYY'), 'Macieira', UPPER('Jonagored') );
INSERT INTO OperacaoCultura (idOperacao, nomeParcela, dataInicial, nomeComum, variedade) VALUES (77, 'Lameiro da ponte', TO_DATE('08/01/2017', 'DD/MM/YYYY'), 'Macieira', UPPER('Fuji') );
INSERT INTO OperacaoCultura (idOperacao, nomeParcela, dataInicial, nomeComum, variedade) VALUES (78, 'Lameiro da ponte', TO_DATE('08/01/2017', 'DD/MM/YYYY'), 'Macieira', UPPER('Royal Gala') );
INSERT INTO OperacaoCultura (idOperacao, nomeParcela, dataInicial, nomeComum, variedade) VALUES (79, 'Lameiro da ponte', TO_DATE('10/12/2018', 'DD/MM/YYYY'), 'Macieira', UPPER('Royal Gala') );
INSERT INTO OperacaoCultura (idOperacao, nomeParcela, dataInicial, nomeComum, variedade) VALUES (80, 'Vinha', TO_DATE('10/01/2018', 'DD/MM/YYYY'), 'Videira', UPPER('Dona Maria') );
INSERT INTO OperacaoCultura (idOperacao, nomeParcela, dataInicial, nomeComum, variedade) VALUES (81, 'Vinha', TO_DATE('11/01/2018', 'DD/MM/YYYY'), 'Videira', UPPER('Cardinal') );
INSERT INTO OperacaoCultura (idOperacao, nomeParcela, dataInicial, nomeComum, variedade) VALUES (82, 'Campo Grande', TO_DATE('06/10/2016', 'DD/MM/YYYY'), 'Oliveira', UPPER('Galega') );
INSERT INTO OperacaoCultura (idOperacao, nomeParcela, dataInicial, nomeComum, variedade) VALUES (83, 'Campo Grande', TO_DATE('10/10/2016', 'DD/MM/YYYY'), 'Oliveira', UPPER('Picual') );
INSERT INTO OperacaoCultura (idOperacao, nomeParcela, dataInicial, nomeComum, variedade) VALUES (84, 'Vinha', TO_DATE('10/01/2018', 'DD/MM/YYYY'), 'Videira', UPPER('Dona Maria') );
INSERT INTO OperacaoCultura (idOperacao, nomeParcela, dataInicial, nomeComum, variedade) VALUES (85, 'Vinha', TO_DATE('11/01/2018', 'DD/MM/YYYY'), 'Videira', UPPER('Cardinal') );
INSERT INTO OperacaoCultura (idOperacao, nomeParcela, dataInicial, nomeComum, variedade) VALUES (86, 'Vinha', TO_DATE('10/01/2018', 'DD/MM/YYYY'), 'Videira', UPPER('Dona Maria') );
INSERT INTO OperacaoCultura (idOperacao, nomeParcela, dataInicial, nomeComum, variedade) VALUES (87, 'Vinha', TO_DATE('11/01/2018', 'DD/MM/YYYY'), 'Videira', UPPER('Cardinal') );
INSERT INTO OperacaoCultura (idOperacao, nomeParcela, dataInicial, nomeComum, variedade) VALUES (88, 'Horta nova', TO_DATE('10/03/2020', 'DD/MM/YYYY'), 'Cenoura', UPPER('Scarlet Nantes') );
INSERT INTO OperacaoCultura (idOperacao, nomeParcela, dataInicial, nomeComum, variedade) VALUES (90, 'Campo do poço', TO_DATE('05/04/2020', 'DD/MM/YYYY'), 'Milho', UPPER('MAS 24.C') );
INSERT INTO OperacaoCultura (idOperacao, nomeParcela, dataInicial, nomeComum, variedade) VALUES (91, 'Horta nova', TO_DATE('10/03/2020', 'DD/MM/YYYY'), 'Cenoura', UPPER('Scarlet Nantes') );
INSERT INTO OperacaoCultura (idOperacao, nomeParcela, dataInicial, nomeComum, variedade) VALUES (92, 'Horta nova', TO_DATE('10/03/2020', 'DD/MM/YYYY'), 'Cenoura', UPPER('Scarlet Nantes') );
INSERT INTO OperacaoCultura (idOperacao, nomeParcela, dataInicial, nomeComum, variedade) VALUES (93, 'Horta nova', TO_DATE('02/06/2020', 'DD/MM/YYYY'), 'Cenoura', UPPER('Nelson Hybrid') );
INSERT INTO OperacaoCultura (idOperacao, nomeParcela, dataInicial, nomeComum, variedade) VALUES (94, 'Campo Grande', TO_DATE('10/10/2016', 'DD/MM/YYYY'), 'Oliveira', UPPER('Picual') );
INSERT INTO OperacaoCultura (idOperacao, nomeParcela, dataInicial, nomeComum, variedade) VALUES (95, 'Campo Grande', TO_DATE('06/10/2016', 'DD/MM/YYYY'), 'Oliveira', UPPER('Galega') );
INSERT INTO OperacaoCultura (idOperacao, nomeParcela, dataInicial, nomeComum, variedade) VALUES (96, 'Vinha', TO_DATE('10/01/2018', 'DD/MM/YYYY'), 'Videira', UPPER('Dona Maria') );
INSERT INTO OperacaoCultura (idOperacao, nomeParcela, dataInicial, nomeComum, variedade) VALUES (97, 'Vinha', TO_DATE('11/01/2018', 'DD/MM/YYYY'), 'Videira', UPPER('Cardinal') );
INSERT INTO OperacaoCultura (idOperacao, nomeParcela, dataInicial, nomeComum, variedade) VALUES (98, 'Campo do poço', TO_DATE('05/04/2020', 'DD/MM/YYYY'), 'Milho', UPPER('MAS 24.C') );
INSERT INTO OperacaoCultura (idOperacao, nomeParcela, dataInicial, nomeComum, variedade) VALUES (99, 'Horta nova', TO_DATE('02/06/2020', 'DD/MM/YYYY'), 'Cenoura', UPPER('Nelson Hybrid') );
INSERT INTO OperacaoCultura (idOperacao, nomeParcela, dataInicial, nomeComum, variedade) VALUES (100, 'Campo do poço', TO_DATE('05/04/2020', 'DD/MM/YYYY'), 'Milho', UPPER('MAS 24.C') );
INSERT INTO OperacaoCultura (idOperacao, nomeParcela, dataInicial, nomeComum, variedade) VALUES (101, 'Campo Grande', TO_DATE('10/10/2016', 'DD/MM/YYYY'), 'Oliveira', UPPER('Picual') );
INSERT INTO OperacaoCultura (idOperacao, nomeParcela, dataInicial, nomeComum, variedade) VALUES (102, 'Campo Grande', TO_DATE('06/10/2016', 'DD/MM/YYYY'), 'Oliveira', UPPER('Galega') );
INSERT INTO OperacaoCultura (idOperacao, nomeParcela, dataInicial, nomeComum, variedade) VALUES (103, 'Campo do poço', TO_DATE('05/04/2020', 'DD/MM/YYYY'), 'Milho', UPPER('MAS 24.C') );
INSERT INTO OperacaoCultura (idOperacao, nomeParcela, dataInicial, nomeComum, variedade) VALUES (104, 'Vinha', TO_DATE('10/01/2018', 'DD/MM/YYYY'), 'Videira', UPPER('Dona Maria') );
INSERT INTO OperacaoCultura (idOperacao, nomeParcela, dataInicial, nomeComum, variedade) VALUES (105, 'Vinha', TO_DATE('11/01/2018', 'DD/MM/YYYY'), 'Videira', UPPER('Cardinal') );
INSERT INTO OperacaoCultura (idOperacao, nomeParcela, dataInicial, nomeComum, variedade) VALUES (106, 'Horta nova', TO_DATE('02/06/2020', 'DD/MM/YYYY'), 'Cenoura', UPPER('Nelson Hybrid') );
INSERT INTO OperacaoCultura (idOperacao, nomeParcela, dataInicial, nomeComum, variedade) VALUES (107, 'Campo do poço', TO_DATE('05/04/2020', 'DD/MM/YYYY'), 'Milho', UPPER('MAS 24.C') );
INSERT INTO OperacaoCultura (idOperacao, nomeParcela, dataInicial, nomeComum, variedade) VALUES (108, 'Horta nova', TO_DATE('02/06/2020', 'DD/MM/YYYY'), 'Cenoura', UPPER('Nelson Hybrid') );
INSERT INTO OperacaoCultura (idOperacao, nomeParcela, dataInicial, nomeComum, variedade) VALUES (109, 'Horta nova', TO_DATE('02/06/2020', 'DD/MM/YYYY'), 'Cenoura', UPPER('Nelson Hybrid') );
INSERT INTO OperacaoCultura (idOperacao, nomeParcela, dataInicial, nomeComum, variedade) VALUES (110, 'Horta nova', TO_DATE('20/09/2020', 'DD/MM/YYYY'), 'Nabo', UPPER('S. Cosme') );
INSERT INTO OperacaoCultura (idOperacao, nomeParcela, dataInicial, nomeComum, variedade) VALUES (111, 'Campo da bouça', TO_DATE('10/10/2020', 'DD/MM/YYYY'), 'Tremoço', UPPER('Amarelo') );
INSERT INTO OperacaoCultura (idOperacao, nomeParcela, dataInicial, nomeComum, variedade) VALUES (112, 'Campo do poço', TO_DATE('12/10/2020', 'DD/MM/YYYY'), 'Tremoço', UPPER('Amarelo') );
INSERT INTO OperacaoCultura (idOperacao, nomeParcela, dataInicial, nomeComum, variedade) VALUES (113, 'Campo Grande', TO_DATE('06/10/2016', 'DD/MM/YYYY'), 'Oliveira', UPPER('Galega') );
INSERT INTO OperacaoCultura (idOperacao, nomeParcela, dataInicial, nomeComum, variedade) VALUES (114, 'Campo Grande', TO_DATE('10/10/2016', 'DD/MM/YYYY'), 'Oliveira', UPPER('Picual') );
INSERT INTO OperacaoCultura (idOperacao, nomeParcela, dataInicial, nomeComum, variedade) VALUES (115, 'Horta nova', TO_DATE('20/09/2020', 'DD/MM/YYYY'), 'Nabo', UPPER('S. Cosme') );
INSERT INTO OperacaoCultura (idOperacao, nomeParcela, dataInicial, nomeComum, variedade) VALUES (116, 'Lameiro da ponte', TO_DATE('08/01/2017', 'DD/MM/YYYY'), 'Macieira', UPPER('Royal Gala') );
INSERT INTO OperacaoCultura (idOperacao, nomeParcela, dataInicial, nomeComum, variedade) VALUES (117, 'Lameiro da ponte', TO_DATE('10/12/2018', 'DD/MM/YYYY'), 'Macieira', UPPER('Royal Gala') );
INSERT INTO OperacaoCultura (idOperacao, nomeParcela, dataInicial, nomeComum, variedade) VALUES (118, 'Lameiro da ponte', TO_DATE('07/01/2017', 'DD/MM/YYYY'), 'Macieira', UPPER('Jonagored') );
INSERT INTO OperacaoCultura (idOperacao, nomeParcela, dataInicial, nomeComum, variedade) VALUES (119, 'Campo Grande', TO_DATE('06/10/2016', 'DD/MM/YYYY'), 'Oliveira', UPPER('Galega') );
INSERT INTO OperacaoCultura (idOperacao, nomeParcela, dataInicial, nomeComum, variedade) VALUES (120, 'Campo Grande', TO_DATE('10/10/2016', 'DD/MM/YYYY'), 'Oliveira', UPPER('Picual') );
INSERT INTO OperacaoCultura (idOperacao, nomeParcela, dataInicial, nomeComum, variedade) VALUES (121, 'Lameiro da ponte', TO_DATE('07/01/2017', 'DD/MM/YYYY'), 'Macieira', UPPER('Jonagored') );
INSERT INTO OperacaoCultura (idOperacao, nomeParcela, dataInicial, nomeComum, variedade) VALUES (122, 'Lameiro da ponte', TO_DATE('08/01/2017', 'DD/MM/YYYY'), 'Macieira', UPPER('Fuji') );
INSERT INTO OperacaoCultura (idOperacao, nomeParcela, dataInicial, nomeComum, variedade) VALUES (123, 'Vinha', TO_DATE('10/01/2018', 'DD/MM/YYYY'), 'Videira', UPPER('Dona Maria') );
INSERT INTO OperacaoCultura (idOperacao, nomeParcela, dataInicial, nomeComum, variedade) VALUES (124, 'Horta nova', TO_DATE('20/09/2020', 'DD/MM/YYYY'), 'Nabo', UPPER('S. Cosme') );
INSERT INTO OperacaoCultura (idOperacao, nomeParcela, dataInicial, nomeComum, variedade) VALUES (125, 'Vinha', TO_DATE('11/01/2018', 'DD/MM/YYYY'), 'Videira', UPPER('Cardinal') );
INSERT INTO OperacaoCultura (idOperacao, nomeParcela, dataInicial, nomeComum, variedade) VALUES (126, 'Horta nova', TO_DATE('20/09/2020', 'DD/MM/YYYY'), 'Nabo', UPPER('S. Cosme') );
INSERT INTO OperacaoCultura (idOperacao, nomeParcela, dataInicial, nomeComum, variedade) VALUES (127, 'Vinha', TO_DATE('10/01/2018', 'DD/MM/YYYY'), 'Videira', UPPER('Dona Maria') );
INSERT INTO OperacaoCultura (idOperacao, nomeParcela, dataInicial, nomeComum, variedade) VALUES (128, 'Vinha', TO_DATE('11/01/2018', 'DD/MM/YYYY'), 'Videira', UPPER('Cardinal') );
INSERT INTO OperacaoCultura (idOperacao, nomeParcela, dataInicial, nomeComum, variedade) VALUES (129, 'Horta nova', TO_DATE('10/03/2021', 'DD/MM/YYYY'), 'Cenoura', UPPER('Sugarsnax Hybrid') );
INSERT INTO OperacaoCultura (idOperacao, nomeParcela, dataInicial, nomeComum, variedade) VALUES (130, 'Campo do poço', TO_DATE('12/10/2020', 'DD/MM/YYYY'), 'Tremoço', UPPER('Amarelo') );
INSERT INTO OperacaoCultura (idOperacao, nomeParcela, dataInicial, nomeComum, variedade) VALUES (131, 'Campo da bouça', TO_DATE('10/10/2020', 'DD/MM/YYYY'), 'Tremoço', UPPER('Amarelo') );
INSERT INTO OperacaoCultura (idOperacao, nomeParcela, dataInicial, nomeComum, variedade) VALUES (132, 'Campo do poço', TO_DATE('03/04/2021', 'DD/MM/YYYY'), 'Milho', UPPER('MAS 24.C') );
INSERT INTO OperacaoCultura (idOperacao, nomeParcela, dataInicial, nomeComum, variedade) VALUES (133, 'Campo da bouça', TO_DATE('10/04/2021', 'DD/MM/YYYY'), 'Milho', UPPER('Doce Golden Bantam') );
INSERT INTO OperacaoCultura (idOperacao, nomeParcela, dataInicial, nomeComum, variedade) VALUES (134, 'Lameiro da ponte', TO_DATE('07/01/2017', 'DD/MM/YYYY'), 'Macieira', UPPER('Jonagored') );
INSERT INTO OperacaoCultura (idOperacao, nomeParcela, dataInicial, nomeComum, variedade) VALUES (135, 'Lameiro da ponte', TO_DATE('08/01/2017', 'DD/MM/YYYY'), 'Macieira', UPPER('Fuji') );
INSERT INTO OperacaoCultura (idOperacao, nomeParcela, dataInicial, nomeComum, variedade) VALUES (136, 'Lameiro da ponte', TO_DATE('08/01/2017', 'DD/MM/YYYY'), 'Macieira', UPPER('Royal Gala') );
INSERT INTO OperacaoCultura (idOperacao, nomeParcela, dataInicial, nomeComum, variedade) VALUES (137, 'Lameiro da ponte', TO_DATE('10/12/2018', 'DD/MM/YYYY'), 'Macieira', UPPER('Royal Gala') );
INSERT INTO OperacaoCultura (idOperacao, nomeParcela, dataInicial, nomeComum, variedade) VALUES (138, 'Horta nova', TO_DATE('10/03/2021', 'DD/MM/YYYY'), 'Cenoura', UPPER('Sugarsnax Hybrid') );
INSERT INTO OperacaoCultura (idOperacao, nomeParcela, dataInicial, nomeComum, variedade) VALUES (139, 'Horta nova', TO_DATE('10/03/2021', 'DD/MM/YYYY'), 'Cenoura', UPPER('Sugarsnax Hybrid') );
INSERT INTO OperacaoCultura (idOperacao, nomeParcela, dataInicial, nomeComum, variedade) VALUES (140, 'Horta nova', TO_DATE('02/06/2021', 'DD/MM/YYYY'), 'Cenoura', UPPER('Danvers Half Long') );
INSERT INTO OperacaoCultura (idOperacao, nomeParcela, dataInicial, nomeComum, variedade) VALUES (141, 'Horta nova', TO_DATE('02/06/2021', 'DD/MM/YYYY'), 'Cenoura', UPPER('Danvers Half Long') );
INSERT INTO OperacaoCultura (idOperacao, nomeParcela, dataInicial, nomeComum, variedade) VALUES (142, 'Campo Grande', TO_DATE('10/10/2016', 'DD/MM/YYYY'), 'Oliveira', UPPER('Picual') );
INSERT INTO OperacaoCultura (idOperacao, nomeParcela, dataInicial, nomeComum, variedade) VALUES (143, 'Campo Grande', TO_DATE('06/10/2016', 'DD/MM/YYYY'), 'Oliveira', UPPER('Galega') );
INSERT INTO OperacaoCultura (idOperacao, nomeParcela, dataInicial, nomeComum, variedade) VALUES (144, 'Lameiro da ponte', TO_DATE('07/01/2017', 'DD/MM/YYYY'), 'Macieira', UPPER('Jonagored') );
INSERT INTO OperacaoCultura (idOperacao, nomeParcela, dataInicial, nomeComum, variedade) VALUES (145, 'Lameiro da ponte', TO_DATE('08/01/2017', 'DD/MM/YYYY'), 'Macieira', UPPER('Fuji') );
INSERT INTO OperacaoCultura (idOperacao, nomeParcela, dataInicial, nomeComum, variedade) VALUES (146, 'Lameiro da ponte', TO_DATE('08/01/2017', 'DD/MM/YYYY'), 'Macieira', UPPER('Royal Gala') );
INSERT INTO OperacaoCultura (idOperacao, nomeParcela, dataInicial, nomeComum, variedade) VALUES (147, 'Lameiro da ponte', TO_DATE('10/12/2018', 'DD/MM/YYYY'), 'Macieira', UPPER('Royal Gala') );
INSERT INTO OperacaoCultura (idOperacao, nomeParcela, dataInicial, nomeComum, variedade) VALUES (148, 'Horta nova', TO_DATE('02/06/2021', 'DD/MM/YYYY'), 'Cenoura', UPPER('Danvers Half Long') );
INSERT INTO OperacaoCultura (idOperacao, nomeParcela, dataInicial, nomeComum, variedade) VALUES (149, 'Vinha', TO_DATE('10/01/2018', 'DD/MM/YYYY'), 'Videira', UPPER('Dona Maria') );
INSERT INTO OperacaoCultura (idOperacao, nomeParcela, dataInicial, nomeComum, variedade) VALUES (150, 'Vinha', TO_DATE('11/01/2018', 'DD/MM/YYYY'), 'Videira', UPPER('Cardinal') );
INSERT INTO OperacaoCultura (idOperacao, nomeParcela, dataInicial, nomeComum, variedade) VALUES (151, 'Campo do poço', TO_DATE('03/04/2021', 'DD/MM/YYYY'), 'Milho', UPPER('MAS 24.C') );
INSERT INTO OperacaoCultura (idOperacao, nomeParcela, dataInicial, nomeComum, variedade) VALUES (152, 'Vinha', TO_DATE('10/01/2018', 'DD/MM/YYYY'), 'Videira', UPPER('Dona Maria') );
INSERT INTO OperacaoCultura (idOperacao, nomeParcela, dataInicial, nomeComum, variedade) VALUES (153, 'Vinha', TO_DATE('10/01/2018', 'DD/MM/YYYY'), 'Videira', UPPER('Dona Maria') );
INSERT INTO OperacaoCultura (idOperacao, nomeParcela, dataInicial, nomeComum, variedade) VALUES (154, 'Campo do poço', TO_DATE('03/04/2021', 'DD/MM/YYYY'), 'Milho', UPPER('MAS 24.C') );
INSERT INTO OperacaoCultura (idOperacao, nomeParcela, dataInicial, nomeComum, variedade) VALUES (155, 'Lameiro da ponte', TO_DATE('07/01/2017', 'DD/MM/YYYY'), 'Macieira', UPPER('Jonagored') );
INSERT INTO OperacaoCultura (idOperacao, nomeParcela, dataInicial, nomeComum, variedade) VALUES (156, 'Lameiro da ponte', TO_DATE('08/01/2017', 'DD/MM/YYYY'), 'Macieira', UPPER('Fuji') );
INSERT INTO OperacaoCultura (idOperacao, nomeParcela, dataInicial, nomeComum, variedade) VALUES (157, 'Lameiro da ponte', TO_DATE('08/01/2017', 'DD/MM/YYYY'), 'Macieira', UPPER('Royal Gala') );
INSERT INTO OperacaoCultura (idOperacao, nomeParcela, dataInicial, nomeComum, variedade) VALUES (158, 'Lameiro da ponte', TO_DATE('10/12/2018', 'DD/MM/YYYY'), 'Macieira', UPPER('Royal Gala') );
INSERT INTO OperacaoCultura (idOperacao, nomeParcela, dataInicial, nomeComum, variedade) VALUES (159, 'Horta nova', TO_DATE('02/06/2021', 'DD/MM/YYYY'), 'Cenoura', UPPER('Danvers Half Long') );
INSERT INTO OperacaoCultura (idOperacao, nomeParcela, dataInicial, nomeComum, variedade) VALUES (160, 'Campo do poço', TO_DATE('03/04/2021', 'DD/MM/YYYY'), 'Milho', UPPER('MAS 24.C') );
INSERT INTO OperacaoCultura (idOperacao, nomeParcela, dataInicial, nomeComum, variedade) VALUES (161, 'Campo Grande', TO_DATE('10/10/2016', 'DD/MM/YYYY'), 'Oliveira', UPPER('Picual') );
INSERT INTO OperacaoCultura (idOperacao, nomeParcela, dataInicial, nomeComum, variedade) VALUES (162, 'Campo Grande', TO_DATE('06/10/2016', 'DD/MM/YYYY'), 'Oliveira', UPPER('Galega') );
INSERT INTO OperacaoCultura (idOperacao, nomeParcela, dataInicial, nomeComum, variedade) VALUES (163, 'Campo da bouça', TO_DATE('10/04/2021', 'DD/MM/YYYY'), 'Milho', UPPER('Doce Golden Bantam') );
INSERT INTO OperacaoCultura (idOperacao, nomeParcela, dataInicial, nomeComum, variedade) VALUES (164, 'Horta nova', TO_DATE('02/06/2021', 'DD/MM/YYYY'), 'Cenoura', UPPER('Danvers Half Long') );
INSERT INTO OperacaoCultura (idOperacao, nomeParcela, dataInicial, nomeComum, variedade) VALUES (165, 'Lameiro da ponte', TO_DATE('08/01/2017', 'DD/MM/YYYY'), 'Macieira', UPPER('Royal Gala') );
INSERT INTO OperacaoCultura (idOperacao, nomeParcela, dataInicial, nomeComum, variedade) VALUES (166, 'Lameiro da ponte', TO_DATE('10/12/2018', 'DD/MM/YYYY'), 'Macieira', UPPER('Royal Gala') );
INSERT INTO OperacaoCultura (idOperacao, nomeParcela, dataInicial, nomeComum, variedade) VALUES (167, 'Campo do poço', TO_DATE('03/04/2021', 'DD/MM/YYYY'), 'Milho', UPPER('MAS 24.C') );
INSERT INTO OperacaoCultura (idOperacao, nomeParcela, dataInicial, nomeComum, variedade) VALUES (168, 'Horta nova', TO_DATE('02/06/2021', 'DD/MM/YYYY'), 'Cenoura', UPPER('Danvers Half Long') );
INSERT INTO OperacaoCultura (idOperacao, nomeParcela, dataInicial, nomeComum, variedade) VALUES (169, 'Lameiro da ponte', TO_DATE('08/01/2017', 'DD/MM/YYYY'), 'Macieira', UPPER('Royal Gala') );
INSERT INTO OperacaoCultura (idOperacao, nomeParcela, dataInicial, nomeComum, variedade) VALUES (170, 'Lameiro da ponte', TO_DATE('10/12/2018', 'DD/MM/YYYY'), 'Macieira', UPPER('Royal Gala') );
INSERT INTO OperacaoCultura (idOperacao, nomeParcela, dataInicial, nomeComum, variedade) VALUES (171, 'Horta nova', TO_DATE('02/06/2021', 'DD/MM/YYYY'), 'Cenoura', UPPER('Danvers Half Long') );
INSERT INTO OperacaoCultura (idOperacao, nomeParcela, dataInicial, nomeComum, variedade) VALUES (172, 'Lameiro da ponte', TO_DATE('07/01/2017', 'DD/MM/YYYY'), 'Macieira', UPPER('Jonagored') );
INSERT INTO OperacaoCultura (idOperacao, nomeParcela, dataInicial, nomeComum, variedade) VALUES (173, 'Horta nova', TO_DATE('20/09/2021', 'DD/MM/YYYY'), 'Nabo', UPPER('S. Cosme') );
INSERT INTO OperacaoCultura (idOperacao, nomeParcela, dataInicial, nomeComum, variedade) VALUES (174, 'Lameiro da ponte', TO_DATE('07/01/2017', 'DD/MM/YYYY'), 'Macieira', UPPER('Jonagored') );
INSERT INTO OperacaoCultura (idOperacao, nomeParcela, dataInicial, nomeComum, variedade) VALUES (175, 'Campo da bouça', TO_DATE('03/10/2021', 'DD/MM/YYYY'), 'Tremoço', UPPER('Amarelo') );
INSERT INTO OperacaoCultura (idOperacao, nomeParcela, dataInicial, nomeComum, variedade) VALUES (176, 'Campo do poço', TO_DATE('06/10/2021', 'DD/MM/YYYY'), 'Tremoço', UPPER('Amarelo') );
INSERT INTO OperacaoCultura (idOperacao, nomeParcela, dataInicial, nomeComum, variedade) VALUES (177, 'Lameiro da ponte', TO_DATE('08/01/2017', 'DD/MM/YYYY'), 'Macieira', UPPER('Fuji') );
INSERT INTO OperacaoCultura (idOperacao, nomeParcela, dataInicial, nomeComum, variedade) VALUES (178, 'Lameiro da ponte', TO_DATE('08/01/2017', 'DD/MM/YYYY'), 'Macieira', UPPER('Fuji') );
INSERT INTO OperacaoCultura (idOperacao, nomeParcela, dataInicial, nomeComum, variedade) VALUES (179, 'Campo Grande', TO_DATE('06/10/2016', 'DD/MM/YYYY'), 'Oliveira', UPPER('Galega') );
INSERT INTO OperacaoCultura (idOperacao, nomeParcela, dataInicial, nomeComum, variedade) VALUES (180, 'Campo Grande', TO_DATE('10/10/2016', 'DD/MM/YYYY'), 'Oliveira', UPPER('Picual') );
INSERT INTO OperacaoCultura (idOperacao, nomeParcela, dataInicial, nomeComum, variedade) VALUES (181, 'Horta nova', TO_DATE('20/09/2021', 'DD/MM/YYYY'), 'Nabo', UPPER('S. Cosme') );
INSERT INTO OperacaoCultura (idOperacao, nomeParcela, dataInicial, nomeComum, variedade) VALUES (182, 'Campo Grande', TO_DATE('06/10/2016', 'DD/MM/YYYY'), 'Oliveira', UPPER('Galega') );
INSERT INTO OperacaoCultura (idOperacao, nomeParcela, dataInicial, nomeComum, variedade) VALUES (183, 'Campo Grande', TO_DATE('10/10/2016', 'DD/MM/YYYY'), 'Oliveira', UPPER('Picual') );
INSERT INTO OperacaoCultura (idOperacao, nomeParcela, dataInicial, nomeComum, variedade) VALUES (184, 'Lameiro da ponte', TO_DATE('08/01/2017', 'DD/MM/YYYY'), 'Macieira', UPPER('Royal Gala') );
INSERT INTO OperacaoCultura (idOperacao, nomeParcela, dataInicial, nomeComum, variedade) VALUES (185, 'Lameiro da ponte', TO_DATE('10/12/2018', 'DD/MM/YYYY'), 'Macieira', UPPER('Royal Gala') );
INSERT INTO OperacaoCultura (idOperacao, nomeParcela, dataInicial, nomeComum, variedade) VALUES (186, 'Lameiro da ponte', TO_DATE('07/01/2017', 'DD/MM/YYYY'), 'Macieira', UPPER('Jonagored') );
INSERT INTO OperacaoCultura (idOperacao, nomeParcela, dataInicial, nomeComum, variedade) VALUES (187, 'Vinha', TO_DATE('10/01/2018', 'DD/MM/YYYY'), 'Videira', UPPER('Dona Maria') );
INSERT INTO OperacaoCultura (idOperacao, nomeParcela, dataInicial, nomeComum, variedade) VALUES (188, 'Lameiro da ponte', TO_DATE('08/01/2017', 'DD/MM/YYYY'), 'Macieira', UPPER('Fuji') );
INSERT INTO OperacaoCultura (idOperacao, nomeParcela, dataInicial, nomeComum, variedade) VALUES (189, 'Horta nova', TO_DATE('20/09/2021', 'DD/MM/YYYY'), 'Nabo', UPPER('S. Cosme') );
INSERT INTO OperacaoCultura (idOperacao, nomeParcela, dataInicial, nomeComum, variedade) VALUES (190, 'Vinha', TO_DATE('11/01/2018', 'DD/MM/YYYY'), 'Videira', UPPER('Cardinal') );
INSERT INTO OperacaoCultura (idOperacao, nomeParcela, dataInicial, nomeComum, variedade) VALUES (191, 'Horta nova', TO_DATE('20/09/2021', 'DD/MM/YYYY'), 'Nabo', UPPER('S. Cosme') );
INSERT INTO OperacaoCultura (idOperacao, nomeParcela, dataInicial, nomeComum, variedade) VALUES (192, 'Vinha', TO_DATE('10/01/2018', 'DD/MM/YYYY'), 'Videira', UPPER('Dona Maria') );
INSERT INTO OperacaoCultura (idOperacao, nomeParcela, dataInicial, nomeComum, variedade) VALUES (193, 'Vinha', TO_DATE('11/01/2018', 'DD/MM/YYYY'), 'Videira', UPPER('Cardinal') );
INSERT INTO OperacaoCultura (idOperacao, nomeParcela, dataInicial, nomeComum, variedade) VALUES (194, 'Horta nova', TO_DATE('06/03/2022', 'DD/MM/YYYY'), 'Cenoura', UPPER('Sugarsnax Hybrid') );
INSERT INTO OperacaoCultura (idOperacao, nomeParcela, dataInicial, nomeComum, variedade) VALUES (195, 'Campo do poço', TO_DATE('06/10/2021', 'DD/MM/YYYY'), 'Tremoço', UPPER('Amarelo') );
INSERT INTO OperacaoCultura (idOperacao, nomeParcela, dataInicial, nomeComum, variedade) VALUES (196, 'Campo da bouça', TO_DATE('03/10/2021', 'DD/MM/YYYY'), 'Tremoço', UPPER('Amarelo') );
INSERT INTO OperacaoCultura (idOperacao, nomeParcela, dataInicial, nomeComum, variedade) VALUES (197, 'Campo do poço', TO_DATE('08/04/2022', 'DD/MM/YYYY'), 'Milho', UPPER('MAS 24.C') );
INSERT INTO OperacaoCultura (idOperacao, nomeParcela, dataInicial, nomeComum, variedade) VALUES (198, 'Campo da bouça', TO_DATE('15/04/2022', 'DD/MM/YYYY'), 'Milho', UPPER('Doce Golden Bantam') );
INSERT INTO OperacaoCultura (idOperacao, nomeParcela, dataInicial, nomeComum, variedade) VALUES (199, 'Horta nova', TO_DATE('06/03/2022', 'DD/MM/YYYY'), 'Cenoura', UPPER('Sugarsnax Hybrid') );
INSERT INTO OperacaoCultura (idOperacao, nomeParcela, dataInicial, nomeComum, variedade) VALUES (200, 'Lameiro da ponte', TO_DATE('07/01/2017', 'DD/MM/YYYY'), 'Macieira', UPPER('Jonagored') );
INSERT INTO OperacaoCultura (idOperacao, nomeParcela, dataInicial, nomeComum, variedade) VALUES (201, 'Lameiro da ponte', TO_DATE('08/01/2017', 'DD/MM/YYYY'), 'Macieira', UPPER('Fuji') );
INSERT INTO OperacaoCultura (idOperacao, nomeParcela, dataInicial, nomeComum, variedade) VALUES (202, 'Lameiro da ponte', TO_DATE('08/01/2017', 'DD/MM/YYYY'), 'Macieira', UPPER('Royal Gala') );
INSERT INTO OperacaoCultura (idOperacao, nomeParcela, dataInicial, nomeComum, variedade) VALUES (203, 'Lameiro da ponte', TO_DATE('10/12/2018', 'DD/MM/YYYY'), 'Macieira', UPPER('Royal Gala') );
INSERT INTO OperacaoCultura (idOperacao, nomeParcela, dataInicial, nomeComum, variedade) VALUES (204, 'Horta nova', TO_DATE('06/03/2022', 'DD/MM/YYYY'), 'Cenoura', UPPER('Sugarsnax Hybrid') );
INSERT INTO OperacaoCultura (idOperacao, nomeParcela, dataInicial, nomeComum, variedade) VALUES (205, 'Horta nova', TO_DATE('30/05/2022', 'DD/MM/YYYY'), 'Cenoura', UPPER('Nelson Hybrid') );
INSERT INTO OperacaoCultura (idOperacao, nomeParcela, dataInicial, nomeComum, variedade) VALUES (206, 'Lameiro da ponte', TO_DATE('07/01/2017', 'DD/MM/YYYY'), 'Macieira', UPPER('Jonagored') );
INSERT INTO OperacaoCultura (idOperacao, nomeParcela, dataInicial, nomeComum, variedade) VALUES (207, 'Lameiro da ponte', TO_DATE('08/01/2017', 'DD/MM/YYYY'), 'Macieira', UPPER('Fuji') );
INSERT INTO OperacaoCultura (idOperacao, nomeParcela, dataInicial, nomeComum, variedade) VALUES (208, 'Lameiro da ponte', TO_DATE('08/01/2017', 'DD/MM/YYYY'), 'Macieira', UPPER('Royal Gala') );
INSERT INTO OperacaoCultura (idOperacao, nomeParcela, dataInicial, nomeComum, variedade) VALUES (209, 'Lameiro da ponte', TO_DATE('10/12/2018', 'DD/MM/YYYY'), 'Macieira', UPPER('Royal Gala') );
INSERT INTO OperacaoCultura (idOperacao, nomeParcela, dataInicial, nomeComum, variedade) VALUES (210, 'Horta nova', TO_DATE('30/05/2022', 'DD/MM/YYYY'), 'Cenoura', UPPER('Nelson Hybrid') );
INSERT INTO OperacaoCultura (idOperacao, nomeParcela, dataInicial, nomeComum, variedade) VALUES (211, 'Lameiro da ponte', TO_DATE('07/01/2017', 'DD/MM/YYYY'), 'Macieira', UPPER('Jonagored') );
INSERT INTO OperacaoCultura (idOperacao, nomeParcela, dataInicial, nomeComum, variedade) VALUES (212, 'Lameiro da ponte', TO_DATE('08/01/2017', 'DD/MM/YYYY'), 'Macieira', UPPER('Fuji') );
INSERT INTO OperacaoCultura (idOperacao, nomeParcela, dataInicial, nomeComum, variedade) VALUES (213, 'Lameiro da ponte', TO_DATE('08/01/2017', 'DD/MM/YYYY'), 'Macieira', UPPER('Royal Gala') );
INSERT INTO OperacaoCultura (idOperacao, nomeParcela, dataInicial, nomeComum, variedade) VALUES (214, 'Lameiro da ponte', TO_DATE('10/12/2018', 'DD/MM/YYYY'), 'Macieira', UPPER('Royal Gala') );
INSERT INTO OperacaoCultura (idOperacao, nomeParcela, dataInicial, nomeComum, variedade) VALUES (215, 'Campo Grande', TO_DATE('10/10/2016', 'DD/MM/YYYY'), 'Oliveira', UPPER('Picual') );
INSERT INTO OperacaoCultura (idOperacao, nomeParcela, dataInicial, nomeComum, variedade) VALUES (216, 'Campo Grande', TO_DATE('06/10/2016', 'DD/MM/YYYY'), 'Oliveira', UPPER('Galega') );
INSERT INTO OperacaoCultura (idOperacao, nomeParcela, dataInicial, nomeComum, variedade) VALUES (217, 'Vinha', TO_DATE('11/01/2018', 'DD/MM/YYYY'), 'Videira', UPPER('Cardinal') );
INSERT INTO OperacaoCultura (idOperacao, nomeParcela, dataInicial, nomeComum, variedade) VALUES (218, 'Campo do poço', TO_DATE('08/04/2022', 'DD/MM/YYYY'), 'Milho', UPPER('MAS 24.C') );
INSERT INTO OperacaoCultura (idOperacao, nomeParcela, dataInicial, nomeComum, variedade) VALUES (219, 'Horta nova', TO_DATE('30/05/2022', 'DD/MM/YYYY'), 'Cenoura', UPPER('Nelson Hybrid') );
INSERT INTO OperacaoCultura (idOperacao, nomeParcela, dataInicial, nomeComum, variedade) VALUES (220, 'Vinha', TO_DATE('10/01/2018', 'DD/MM/YYYY'), 'Videira', UPPER('Dona Maria') );
INSERT INTO OperacaoCultura (idOperacao, nomeParcela, dataInicial, nomeComum, variedade) VALUES (221, 'Vinha', TO_DATE('10/01/2018', 'DD/MM/YYYY'), 'Videira', UPPER('Dona Maria') );
INSERT INTO OperacaoCultura (idOperacao, nomeParcela, dataInicial, nomeComum, variedade) VALUES (222, 'Campo do poço', TO_DATE('08/04/2022', 'DD/MM/YYYY'), 'Milho', UPPER('MAS 24.C') );
INSERT INTO OperacaoCultura (idOperacao, nomeParcela, dataInicial, nomeComum, variedade) VALUES (223, 'Lameiro da ponte', TO_DATE('07/01/2017', 'DD/MM/YYYY'), 'Macieira', UPPER('Jonagored') );
INSERT INTO OperacaoCultura (idOperacao, nomeParcela, dataInicial, nomeComum, variedade) VALUES (224, 'Lameiro da ponte', TO_DATE('08/01/2017', 'DD/MM/YYYY'), 'Macieira', UPPER('Fuji') );
INSERT INTO OperacaoCultura (idOperacao, nomeParcela, dataInicial, nomeComum, variedade) VALUES (225, 'Lameiro da ponte', TO_DATE('08/01/2017', 'DD/MM/YYYY'), 'Macieira', UPPER('Royal Gala') );
INSERT INTO OperacaoCultura (idOperacao, nomeParcela, dataInicial, nomeComum, variedade) VALUES (226, 'Lameiro da ponte', TO_DATE('10/12/2018', 'DD/MM/YYYY'), 'Macieira', UPPER('Royal Gala') );
INSERT INTO OperacaoCultura (idOperacao, nomeParcela, dataInicial, nomeComum, variedade) VALUES (227, 'Horta nova', TO_DATE('30/05/2022', 'DD/MM/YYYY'), 'Cenoura', UPPER('Nelson Hybrid') );
INSERT INTO OperacaoCultura (idOperacao, nomeParcela, dataInicial, nomeComum, variedade) VALUES (228, 'Campo do poço', TO_DATE('08/04/2022', 'DD/MM/YYYY'), 'Milho', UPPER('MAS 24.C') );
INSERT INTO OperacaoCultura (idOperacao, nomeParcela, dataInicial, nomeComum, variedade) VALUES (229, 'Campo Grande', TO_DATE('10/10/2016', 'DD/MM/YYYY'), 'Oliveira', UPPER('Picual') );
INSERT INTO OperacaoCultura (idOperacao, nomeParcela, dataInicial, nomeComum, variedade) VALUES (230, 'Campo Grande', TO_DATE('06/10/2016', 'DD/MM/YYYY'), 'Oliveira', UPPER('Galega') );
INSERT INTO OperacaoCultura (idOperacao, nomeParcela, dataInicial, nomeComum, variedade) VALUES (231, 'Vinha', TO_DATE('11/01/2018', 'DD/MM/YYYY'), 'Videira', UPPER('Cardinal') );
INSERT INTO OperacaoCultura (idOperacao, nomeParcela, dataInicial, nomeComum, variedade) VALUES (232, 'Vinha', TO_DATE('11/01/2018', 'DD/MM/YYYY'), 'Videira', UPPER('Cardinal') );
INSERT INTO OperacaoCultura (idOperacao, nomeParcela, dataInicial, nomeComum, variedade) VALUES (233, 'Campo da bouça', TO_DATE('15/04/2022', 'DD/MM/YYYY'), 'Milho', UPPER('Doce Golden Bantam') );
INSERT INTO OperacaoCultura (idOperacao, nomeParcela, dataInicial, nomeComum, variedade) VALUES (234, 'Horta nova', TO_DATE('30/05/2022', 'DD/MM/YYYY'), 'Cenoura', UPPER('Nelson Hybrid') );
INSERT INTO OperacaoCultura (idOperacao, nomeParcela, dataInicial, nomeComum, variedade) VALUES (235, 'Campo do poço', TO_DATE('08/04/2022', 'DD/MM/YYYY'), 'Milho', UPPER('MAS 24.C') );
INSERT INTO OperacaoCultura (idOperacao, nomeParcela, dataInicial, nomeComum, variedade) VALUES (236, 'Lameiro da ponte', TO_DATE('08/01/2017', 'DD/MM/YYYY'), 'Macieira', UPPER('Royal Gala') );
INSERT INTO OperacaoCultura (idOperacao, nomeParcela, dataInicial, nomeComum, variedade) VALUES (237, 'Lameiro da ponte', TO_DATE('10/12/2018', 'DD/MM/YYYY'), 'Macieira', UPPER('Royal Gala') );
INSERT INTO OperacaoCultura (idOperacao, nomeParcela, dataInicial, nomeComum, variedade) VALUES (238, 'Horta nova', TO_DATE('30/05/2022', 'DD/MM/YYYY'), 'Cenoura', UPPER('Nelson Hybrid') );
INSERT INTO OperacaoCultura (idOperacao, nomeParcela, dataInicial, nomeComum, variedade) VALUES (239, 'Horta nova', TO_DATE('30/05/2022', 'DD/MM/YYYY'), 'Cenoura', UPPER('Nelson Hybrid') );
INSERT INTO OperacaoCultura (idOperacao, nomeParcela, dataInicial, nomeComum, variedade) VALUES (240, 'Lameiro da ponte', TO_DATE('08/01/2017', 'DD/MM/YYYY'), 'Macieira', UPPER('Royal Gala') );
INSERT INTO OperacaoCultura (idOperacao, nomeParcela, dataInicial, nomeComum, variedade) VALUES (241, 'Lameiro da ponte', TO_DATE('10/12/2018', 'DD/MM/YYYY'), 'Macieira', UPPER('Royal Gala') );
INSERT INTO OperacaoCultura (idOperacao, nomeParcela, dataInicial, nomeComum, variedade) VALUES (242, 'Lameiro da ponte', TO_DATE('07/01/2017', 'DD/MM/YYYY'), 'Macieira', UPPER('Jonagored') );
INSERT INTO OperacaoCultura (idOperacao, nomeParcela, dataInicial, nomeComum, variedade) VALUES (243, 'Lameiro da ponte', TO_DATE('07/01/2017', 'DD/MM/YYYY'), 'Macieira', UPPER('Jonagored') );
INSERT INTO OperacaoCultura (idOperacao, nomeParcela, dataInicial, nomeComum, variedade) VALUES (244, 'Horta nova', TO_DATE('20/09/2022', 'DD/MM/YYYY'), 'Nabo greleiro', UPPER('Senhora Conceição') );
INSERT INTO OperacaoCultura (idOperacao, nomeParcela, dataInicial, nomeComum, variedade) VALUES (245, 'Campo do poço', TO_DATE('12/10/2022', 'DD/MM/YYYY'), 'Tremoço', UPPER('Amarelo') );
INSERT INTO OperacaoCultura (idOperacao, nomeParcela, dataInicial, nomeComum, variedade) VALUES (246, 'Lameiro da ponte', TO_DATE('08/01/2017', 'DD/MM/YYYY'), 'Macieira', UPPER('Fuji') );
INSERT INTO OperacaoCultura (idOperacao, nomeParcela, dataInicial, nomeComum, variedade) VALUES (247, 'Lameiro da ponte', TO_DATE('08/01/2017', 'DD/MM/YYYY'), 'Macieira', UPPER('Fuji') );
INSERT INTO OperacaoCultura (idOperacao, nomeParcela, dataInicial, nomeComum, variedade) VALUES (248, 'Campo Grande', TO_DATE('06/10/2016', 'DD/MM/YYYY'), 'Oliveira', UPPER('Galega') );
INSERT INTO OperacaoCultura (idOperacao, nomeParcela, dataInicial, nomeComum, variedade) VALUES (249, 'Campo Grande', TO_DATE('10/10/2016', 'DD/MM/YYYY'), 'Oliveira', UPPER('Picual') );
INSERT INTO OperacaoCultura (idOperacao, nomeParcela, dataInicial, nomeComum, variedade) VALUES (250, 'Campo Grande', TO_DATE('06/10/2016', 'DD/MM/YYYY'), 'Oliveira', UPPER('Galega') );
INSERT INTO OperacaoCultura (idOperacao, nomeParcela, dataInicial, nomeComum, variedade) VALUES (251, 'Campo Grande', TO_DATE('10/10/2016', 'DD/MM/YYYY'), 'Oliveira', UPPER('Picual') );
INSERT INTO OperacaoCultura (idOperacao, nomeParcela, dataInicial, nomeComum, variedade) VALUES (252, 'Horta nova', TO_DATE('20/09/2022', 'DD/MM/YYYY'), 'Nabo greleiro', UPPER('Senhora Conceição') );
INSERT INTO OperacaoCultura (idOperacao, nomeParcela, dataInicial, nomeComum, variedade) VALUES (253, 'Lameiro da ponte', TO_DATE('08/01/2017', 'DD/MM/YYYY'), 'Macieira', UPPER('Royal Gala') );
INSERT INTO OperacaoCultura (idOperacao, nomeParcela, dataInicial, nomeComum, variedade) VALUES (254, 'Lameiro da ponte', TO_DATE('10/12/2018', 'DD/MM/YYYY'), 'Macieira', UPPER('Royal Gala') );
INSERT INTO OperacaoCultura (idOperacao, nomeParcela, dataInicial, nomeComum, variedade) VALUES (255, 'Lameiro da ponte', TO_DATE('07/01/2017', 'DD/MM/YYYY'), 'Macieira', UPPER('Jonagored') );
INSERT INTO OperacaoCultura (idOperacao, nomeParcela, dataInicial, nomeComum, variedade) VALUES (256, 'Campo Grande', TO_DATE('06/10/2016', 'DD/MM/YYYY'), 'Oliveira', UPPER('Galega') );
INSERT INTO OperacaoCultura (idOperacao, nomeParcela, dataInicial, nomeComum, variedade) VALUES (257, 'Campo Grande', TO_DATE('10/10/2016', 'DD/MM/YYYY'), 'Oliveira', UPPER('Picual') );
INSERT INTO OperacaoCultura (idOperacao, nomeParcela, dataInicial, nomeComum, variedade) VALUES (258, 'Vinha', TO_DATE('10/01/2018', 'DD/MM/YYYY'), 'Videira', UPPER('Dona Maria') );
INSERT INTO OperacaoCultura (idOperacao, nomeParcela, dataInicial, nomeComum, variedade) VALUES (259, 'Horta nova', TO_DATE('20/09/2022', 'DD/MM/YYYY'), 'Nabo greleiro', UPPER('Senhora Conceição') );
INSERT INTO OperacaoCultura (idOperacao, nomeParcela, dataInicial, nomeComum, variedade) VALUES (260, 'Vinha', TO_DATE('11/01/2018', 'DD/MM/YYYY'), 'Videira', UPPER('Cardinal') );
INSERT INTO OperacaoCultura (idOperacao, nomeParcela, dataInicial, nomeComum, variedade) VALUES (261, 'Lameiro da ponte', TO_DATE('08/01/2017', 'DD/MM/YYYY'), 'Macieira', UPPER('Fuji') );
INSERT INTO OperacaoCultura (idOperacao, nomeParcela, dataInicial, nomeComum, variedade) VALUES (262, 'Horta nova', TO_DATE('20/09/2022', 'DD/MM/YYYY'), 'Nabo greleiro', UPPER('Senhora Conceição') );
INSERT INTO OperacaoCultura (idOperacao, nomeParcela, dataInicial, nomeComum, variedade) VALUES (263, 'Vinha', TO_DATE('10/01/2018', 'DD/MM/YYYY'), 'Videira', UPPER('Dona Maria') );
INSERT INTO OperacaoCultura (idOperacao, nomeParcela, dataInicial, nomeComum, variedade) VALUES (264, 'Vinha', TO_DATE('11/01/2018', 'DD/MM/YYYY'), 'Videira', UPPER('Cardinal') );
INSERT INTO OperacaoCultura (idOperacao, nomeParcela, dataInicial, nomeComum, variedade) VALUES (265, 'Campo do poço', TO_DATE('12/10/2022', 'DD/MM/YYYY'), 'Tremoço', UPPER('Amarelo') );
INSERT INTO OperacaoCultura (idOperacao, nomeParcela, dataInicial, nomeComum, variedade) VALUES (327, 'Campo Novo', TO_DATE('05/04/2023', 'DD/MM/YYYY'), 'Cenoura', UPPER('Sugarsnax Hybrid') );
INSERT INTO OperacaoCultura (idOperacao, nomeParcela, dataInicial, nomeComum, variedade) VALUES (328, 'Campo Novo', TO_DATE('05/04/2023', 'DD/MM/YYYY'), 'Cenoura', UPPER('Sugarsnax Hybrid') );
INSERT INTO OperacaoCultura (idOperacao, nomeParcela, dataInicial, nomeComum, variedade) VALUES (329, 'Campo Novo', TO_DATE('06/04/2023', 'DD/MM/YYYY'), 'Abóbora Manteiga', UPPER('Butternut') );
INSERT INTO OperacaoCultura (idOperacao, nomeParcela, dataInicial, nomeComum, variedade) VALUES (330, 'Campo Novo', TO_DATE('06/04/2023', 'DD/MM/YYYY'), 'Abóbora Manteiga', UPPER('Butternut') );
INSERT INTO OperacaoCultura (idOperacao, nomeParcela, dataInicial, nomeComum, variedade) VALUES (331, 'Campo Novo', TO_DATE('05/07/2023', 'DD/MM/YYYY'), 'Cenoura', UPPER('Danvers Half Long') );
INSERT INTO OperacaoCultura (idOperacao, nomeParcela, dataInicial, nomeComum, variedade) VALUES (332, 'Campo Novo', TO_DATE('05/07/2023', 'DD/MM/YYYY'), 'Cenoura', UPPER('Danvers Half Long') );
INSERT INTO OperacaoCultura (idOperacao, nomeParcela, dataInicial, nomeComum, variedade) VALUES (333, 'Campo Novo', TO_DATE('05/07/2023', 'DD/MM/YYYY'), 'Cenoura', UPPER('Danvers Half Long') );
INSERT INTO OperacaoCultura (idOperacao, nomeParcela, dataInicial, nomeComum, variedade) VALUES (334, 'Campo Grande', TO_DATE('02/10/2016', 'DD/MM/YYYY'), 'Oliveira', UPPER('Arbequina') );
INSERT INTO OperacaoCultura (idOperacao, nomeParcela, dataInicial, nomeComum, variedade) VALUES (335, 'Campo Grande', TO_DATE('10/10/2016', 'DD/MM/YYYY'), 'Oliveira', UPPER('Picual') );
INSERT INTO OperacaoCultura (idOperacao, nomeParcela, dataInicial, nomeComum, variedade) VALUES (336, 'Campo Grande', TO_DATE('06/10/2016', 'DD/MM/YYYY'), 'Oliveira', UPPER('Galega') );
INSERT INTO OperacaoCultura (idOperacao, nomeParcela, dataInicial, nomeComum, variedade) VALUES (337, 'Lameiro do moinho', TO_DATE('10/01/2019', 'DD/MM/YYYY'), 'Macieira', UPPER('Canada') );
INSERT INTO OperacaoCultura (idOperacao, nomeParcela, dataInicial, nomeComum, variedade) VALUES (338, 'Lameiro do moinho', TO_DATE('11/01/2019', 'DD/MM/YYYY'), 'Macieira', UPPER('Grand Fay') );
INSERT INTO OperacaoCultura (idOperacao, nomeParcela, dataInicial, nomeComum, variedade) VALUES (339, 'Lameiro do moinho', TO_DATE('11/01/2019', 'DD/MM/YYYY'), 'Macieira', UPPER('Grand Fay') );
INSERT INTO OperacaoCultura (idOperacao, nomeParcela, dataInicial, nomeComum, variedade) VALUES (340, 'Lameiro do moinho', TO_DATE('10/01/2019', 'DD/MM/YYYY'), 'Macieira', UPPER('Pipo de Basto') );
INSERT INTO OperacaoCultura (idOperacao, nomeParcela, dataInicial, nomeComum, variedade) VALUES (341, 'Lameiro do moinho', TO_DATE('10/01/2019', 'DD/MM/YYYY'), 'Macieira', UPPER('Pipo de Basto') );
INSERT INTO OperacaoCultura (idOperacao, nomeParcela, dataInicial, nomeComum, variedade) VALUES (342, 'Lameiro do moinho', TO_DATE('11/01/2019', 'DD/MM/YYYY'), 'Macieira', UPPER('Gronho Doce') );
INSERT INTO OperacaoCultura (idOperacao, nomeParcela, dataInicial, nomeComum, variedade) VALUES (343, 'Lameiro do moinho', TO_DATE('09/01/2019', 'DD/MM/YYYY'), 'Macieira', UPPER('Malápio') );
INSERT INTO OperacaoCultura (idOperacao, nomeParcela, dataInicial, nomeComum, variedade) VALUES (344, 'Lameiro do moinho', TO_DATE('09/01/2019', 'DD/MM/YYYY'), 'Macieira', UPPER('Porta da Loja') );
INSERT INTO OperacaoCultura (idOperacao, nomeParcela, dataInicial, nomeComum, variedade) VALUES (345, 'Lameiro do moinho', TO_DATE('09/01/2019', 'DD/MM/YYYY'), 'Macieira', UPPER('Porta da Loja') );
INSERT INTO OperacaoCultura (idOperacao, nomeParcela, dataInicial, nomeComum, variedade) VALUES (346, 'Lameiro da ponte', TO_DATE('08/01/2017', 'DD/MM/YYYY'), 'Macieira', UPPER('Royal Gala') );
INSERT INTO OperacaoCultura (idOperacao, nomeParcela, dataInicial, nomeComum, variedade) VALUES (347, 'Lameiro da ponte', TO_DATE('08/01/2017', 'DD/MM/YYYY'), 'Macieira', UPPER('Royal Gala') );
INSERT INTO OperacaoCultura (idOperacao, nomeParcela, dataInicial, nomeComum, variedade) VALUES (348, 'Lameiro da ponte', TO_DATE('07/01/2017', 'DD/MM/YYYY'), 'Macieira', UPPER('Jonagored') );
INSERT INTO OperacaoCultura (idOperacao, nomeParcela, dataInicial, nomeComum, variedade) VALUES (349, 'Lameiro da ponte', TO_DATE('07/01/2017', 'DD/MM/YYYY'), 'Macieira', UPPER('Jonagored') );
INSERT INTO OperacaoCultura (idOperacao, nomeParcela, dataInicial, nomeComum, variedade) VALUES (350, 'Lameiro da ponte', TO_DATE('08/01/2017', 'DD/MM/YYYY'), 'Macieira', UPPER('Fuji') );
INSERT INTO OperacaoCultura (idOperacao, nomeParcela, dataInicial, nomeComum, variedade) VALUES (351, 'Lameiro da ponte', TO_DATE('08/01/2017', 'DD/MM/YYYY'), 'Macieira', UPPER('Fuji') );
INSERT INTO OperacaoCultura (idOperacao, nomeParcela, dataInicial, nomeComum, variedade) VALUES (352, 'Lameiro do moinho', TO_DATE('09/01/2019', 'DD/MM/YYYY'), 'Macieira', 'PORTA DA LOJA' );
INSERT INTO OperacaoCultura (idOperacao, nomeParcela, dataInicial, nomeComum, variedade) VALUES (353, 'Lameiro do moinho', TO_DATE('09/01/2019', 'DD/MM/YYYY'), 'Macieira', 'MALÁPIO' );
INSERT INTO OperacaoCultura (idOperacao, nomeParcela, dataInicial, nomeComum, variedade) VALUES (354, 'Lameiro do moinho', TO_DATE('10/01/2019', 'DD/MM/YYYY'), 'Macieira', 'PIPO DE BASTO' );
INSERT INTO OperacaoCultura (idOperacao, nomeParcela, dataInicial, nomeComum, variedade) VALUES (355, 'Lameiro do moinho', TO_DATE('10/01/2019', 'DD/MM/YYYY'), 'Macieira', 'CANADA' );
INSERT INTO OperacaoCultura (idOperacao, nomeParcela, dataInicial, nomeComum, variedade) VALUES (356, 'Lameiro do moinho', TO_DATE('11/01/2019', 'DD/MM/YYYY'), 'Macieira', 'GRAND FAY' );
INSERT INTO OperacaoCultura (idOperacao, nomeParcela, dataInicial, nomeComum, variedade) VALUES (357, 'Lameiro do moinho', TO_DATE('11/01/2019', 'DD/MM/YYYY'), 'Macieira', 'GRONHO DOCE' );
INSERT INTO OperacaoCultura (idOperacao, nomeParcela, dataInicial, nomeComum, variedade) VALUES (358, 'Campo Grande', TO_DATE('02/10/2016', 'DD/MM/YYYY'), 'Oliveira', 'ARBEQUINA' );
INSERT INTO OperacaoCultura (idOperacao, nomeParcela, dataInicial, nomeComum, variedade) VALUES (360, 'Lameiro do moinho', TO_DATE('09/01/2019', 'DD/MM/YYYY'), 'Macieira', 'PORTA DA LOJA' );
INSERT INTO OperacaoCultura (idOperacao, nomeParcela, dataInicial, nomeComum, variedade) VALUES (361, 'Lameiro do moinho', TO_DATE('09/01/2019', 'DD/MM/YYYY'), 'Macieira', 'MALÁPIO' );
INSERT INTO OperacaoCultura (idOperacao, nomeParcela, dataInicial, nomeComum, variedade) VALUES (362, 'Lameiro do moinho', TO_DATE('10/01/2019', 'DD/MM/YYYY'), 'Macieira', 'PIPO DE BASTO' );
INSERT INTO OperacaoCultura (idOperacao, nomeParcela, dataInicial, nomeComum, variedade) VALUES (363, 'Lameiro do moinho', TO_DATE('10/01/2019', 'DD/MM/YYYY'), 'Macieira', 'CANADA' );
INSERT INTO OperacaoCultura (idOperacao, nomeParcela, dataInicial, nomeComum, variedade) VALUES (364, 'Lameiro do moinho', TO_DATE('11/01/2019', 'DD/MM/YYYY'), 'Macieira', 'GRAND FAY' );
INSERT INTO OperacaoCultura (idOperacao, nomeParcela, dataInicial, nomeComum, variedade) VALUES (365, 'Lameiro do moinho', TO_DATE('11/01/2019', 'DD/MM/YYYY'), 'Macieira', 'GRONHO DOCE' );
INSERT INTO OperacaoCultura (idOperacao, nomeParcela, dataInicial, nomeComum, variedade) VALUES (366, 'Lameiro do moinho', TO_DATE('09/01/2019', 'DD/MM/YYYY'), 'Macieira', 'PORTA DA LOJA' );
INSERT INTO OperacaoCultura (idOperacao, nomeParcela, dataInicial, nomeComum, variedade) VALUES (367, 'Lameiro do moinho', TO_DATE('09/01/2019', 'DD/MM/YYYY'), 'Macieira', 'MALÁPIO' );
INSERT INTO OperacaoCultura (idOperacao, nomeParcela, dataInicial, nomeComum, variedade) VALUES (368, 'Lameiro do moinho', TO_DATE('10/01/2019', 'DD/MM/YYYY'), 'Macieira', 'PIPO DE BASTO' );
INSERT INTO OperacaoCultura (idOperacao, nomeParcela, dataInicial, nomeComum, variedade) VALUES (369, 'Lameiro do moinho', TO_DATE('10/01/2019', 'DD/MM/YYYY'), 'Macieira', 'CANADA' );
INSERT INTO OperacaoCultura (idOperacao, nomeParcela, dataInicial, nomeComum, variedade) VALUES (370, 'Lameiro do moinho', TO_DATE('11/01/2019', 'DD/MM/YYYY'), 'Macieira', 'GRAND FAY' );
INSERT INTO OperacaoCultura (idOperacao, nomeParcela, dataInicial, nomeComum, variedade) VALUES (371, 'Lameiro do moinho', TO_DATE('11/01/2019', 'DD/MM/YYYY'), 'Macieira', 'GRONHO DOCE' );
INSERT INTO OperacaoCultura (idOperacao, nomeParcela, dataInicial, nomeComum, variedade) VALUES (372, 'Lameiro do moinho', TO_DATE('09/01/2019', 'DD/MM/YYYY'), 'Macieira', 'PORTA DA LOJA' );
INSERT INTO OperacaoCultura (idOperacao, nomeParcela, dataInicial, nomeComum, variedade) VALUES (373, 'Lameiro do moinho', TO_DATE('09/01/2019', 'DD/MM/YYYY'), 'Macieira', 'MALÁPIO' );
INSERT INTO OperacaoCultura (idOperacao, nomeParcela, dataInicial, nomeComum, variedade) VALUES (374, 'Lameiro do moinho', TO_DATE('10/01/2019', 'DD/MM/YYYY'), 'Macieira', 'PIPO DE BASTO' );
INSERT INTO OperacaoCultura (idOperacao, nomeParcela, dataInicial, nomeComum, variedade) VALUES (375, 'Lameiro do moinho', TO_DATE('10/01/2019', 'DD/MM/YYYY'), 'Macieira', 'CANADA' );
INSERT INTO OperacaoCultura (idOperacao, nomeParcela, dataInicial, nomeComum, variedade) VALUES (376, 'Lameiro do moinho', TO_DATE('11/01/2019', 'DD/MM/YYYY'), 'Macieira', 'GRAND FAY' );
INSERT INTO OperacaoCultura (idOperacao, nomeParcela, dataInicial, nomeComum, variedade) VALUES (377, 'Lameiro do moinho', TO_DATE('11/01/2019', 'DD/MM/YYYY'), 'Macieira', 'GRONHO DOCE' );
INSERT INTO OperacaoCultura (idOperacao, nomeParcela, dataInicial, nomeComum, variedade) VALUES (378, 'Lameiro do moinho', TO_DATE('09/01/2019', 'DD/MM/YYYY'), 'Macieira', 'PORTA DA LOJA' );
INSERT INTO OperacaoCultura (idOperacao, nomeParcela, dataInicial, nomeComum, variedade) VALUES (379, 'Lameiro do moinho', TO_DATE('09/01/2019', 'DD/MM/YYYY'), 'Macieira', 'MALÁPIO' );
INSERT INTO OperacaoCultura (idOperacao, nomeParcela, dataInicial, nomeComum, variedade) VALUES (380, 'Lameiro do moinho', TO_DATE('10/01/2019', 'DD/MM/YYYY'), 'Macieira', 'PIPO DE BASTO' );
INSERT INTO OperacaoCultura (idOperacao, nomeParcela, dataInicial, nomeComum, variedade) VALUES (381, 'Lameiro do moinho', TO_DATE('10/01/2019', 'DD/MM/YYYY'), 'Macieira', 'CANADA' );
INSERT INTO OperacaoCultura (idOperacao, nomeParcela, dataInicial, nomeComum, variedade) VALUES (382, 'Lameiro do moinho', TO_DATE('11/01/2019', 'DD/MM/YYYY'), 'Macieira', 'GRAND FAY' );
INSERT INTO OperacaoCultura (idOperacao, nomeParcela, dataInicial, nomeComum, variedade) VALUES (383, 'Lameiro do moinho', TO_DATE('11/01/2019', 'DD/MM/YYYY'), 'Macieira', 'GRONHO DOCE' );
INSERT INTO OperacaoCultura (idOperacao, nomeParcela, dataInicial, nomeComum, variedade) VALUES (384, 'Campo Grande', TO_DATE('10/10/2016', 'DD/MM/YYYY'), 'Oliveira', 'PICUAL' );
INSERT INTO OperacaoCultura (idOperacao, nomeParcela, dataInicial, nomeComum, variedade) VALUES (385, 'Campo Grande', TO_DATE('06/10/2016', 'DD/MM/YYYY'), 'Oliveira', 'GALEGA' );
INSERT INTO OperacaoCultura (idOperacao, nomeParcela, dataInicial, nomeComum, variedade) VALUES (386, 'Campo Grande', TO_DATE('02/10/2016', 'DD/MM/YYYY'), 'Oliveira', 'ARBEQUINA' );
INSERT INTO OperacaoCultura (idOperacao, nomeParcela, dataInicial, nomeComum, variedade) VALUES (387, 'Campo Grande', TO_DATE('10/10/2016', 'DD/MM/YYYY'), 'Oliveira', 'PICUAL' );
INSERT INTO OperacaoCultura (idOperacao, nomeParcela, dataInicial, nomeComum, variedade) VALUES (388, 'Campo Grande', TO_DATE('06/10/2016', 'DD/MM/YYYY'), 'Oliveira', 'GALEGA' );
INSERT INTO OperacaoCultura (idOperacao, nomeParcela, dataInicial, nomeComum, variedade) VALUES (389, 'Campo Grande', TO_DATE('02/10/2016', 'DD/MM/YYYY'), 'Oliveira', 'ARBEQUINA' );
INSERT INTO OperacaoCultura (idOperacao, nomeParcela, dataInicial, nomeComum, variedade) VALUES (390, 'Campo Grande', TO_DATE('10/10/2016', 'DD/MM/YYYY'), 'Oliveira', 'PICUAL' );
INSERT INTO OperacaoCultura (idOperacao, nomeParcela, dataInicial, nomeComum, variedade) VALUES (391, 'Campo Grande', TO_DATE('06/10/2016', 'DD/MM/YYYY'), 'Oliveira', 'GALEGA' );
INSERT INTO OperacaoCultura (idOperacao, nomeParcela, dataInicial, nomeComum, variedade) VALUES (392, 'Campo Grande', TO_DATE('02/10/2016', 'DD/MM/YYYY'), 'Oliveira', 'ARBEQUINA' );
INSERT INTO OperacaoCultura (idOperacao, nomeParcela, dataInicial, nomeComum, variedade) VALUES (395, 'Campo Novo', TO_DATE('05/04/2023', 'DD/MM/YYYY'), 'Cenoura', 'SUGARSNAX HYBRID' );
INSERT INTO OperacaoCultura (idOperacao, nomeParcela, dataInicial, nomeComum, variedade) VALUES (396, 'Campo Novo', TO_DATE('06/04/2023', 'DD/MM/YYYY'), 'Abóbora Manteiga', UPPER('Butternut') );
INSERT INTO OperacaoCultura (idOperacao, nomeParcela, dataInicial, nomeComum, variedade) VALUES (397, 'Campo Novo', TO_DATE('05/07/2023', 'DD/MM/YYYY'), 'Cenoura', 'DANVERS HALF LONG' );
INSERT INTO OperacaoCultura (idOperacao, nomeParcela, dataInicial, nomeComum, variedade) VALUES (398, 'Campo Novo', TO_DATE('12/10/2023', 'DD/MM/YYYY'), 'Tremoço', 'AMARELO' );
INSERT INTO OperacaoCultura (idOperacao, nomeParcela, dataInicial, nomeComum, variedade) VALUES (399, 'Campo Novo', TO_DATE('05/07/2023', 'DD/MM/YYYY'), 'Cenoura', 'DANVERS HALF LONG' );
INSERT INTO OperacaoCultura (idOperacao, nomeParcela, dataInicial, nomeComum, variedade) VALUES (400, 'Campo Novo', TO_DATE('05/07/2023', 'DD/MM/YYYY'), 'Cenoura', 'DANVERS HALF LONG' );
INSERT INTO OperacaoCultura (idOperacao, nomeParcela, dataInicial, nomeComum, variedade) VALUES (401, 'Campo Novo', TO_DATE('06/04/2023', 'DD/MM/YYYY'),'Abóbora Manteiga', UPPER('Butternut') );
INSERT INTO OperacaoCultura (idOperacao, nomeParcela, dataInicial, nomeComum, variedade) VALUES (402, 'Campo Novo', TO_DATE('06/04/2023', 'DD/MM/YYYY'),'Abóbora Manteiga', UPPER('Butternut') );
INSERT INTO OperacaoCultura (idOperacao, nomeParcela, dataInicial, nomeComum, variedade) VALUES (471, 'Lameiro da ponte', TO_DATE('08/01/2017', 'DD/MM/YYYY'), 'Macieira', UPPER('Royal Gala') );
INSERT INTO OperacaoCultura (idOperacao, nomeParcela, dataInicial, nomeComum, variedade) VALUES (472, 'Lameiro da ponte', TO_DATE('10/12/2018', 'DD/MM/YYYY'), 'Macieira', UPPER('Royal Gala') );
INSERT INTO OperacaoCultura (idOperacao, nomeParcela, dataInicial, nomeComum, variedade) VALUES (473, 'Lameiro da ponte', TO_DATE('07/01/2017', 'DD/MM/YYYY'), 'Macieira', UPPER('Jonagored') );
INSERT INTO OperacaoCultura (idOperacao, nomeParcela, dataInicial, nomeComum, variedade) VALUES (474, 'Lameiro da ponte', TO_DATE('07/01/2017', 'DD/MM/YYYY'), 'Macieira', UPPER('Jonagored') );
INSERT INTO OperacaoCultura (idOperacao, nomeParcela, dataInicial, nomeComum, variedade) VALUES (475, 'Lameiro da ponte', TO_DATE('08/01/2017', 'DD/MM/YYYY'), 'Macieira', UPPER('Fuji') );
INSERT INTO OperacaoCultura (idOperacao, nomeParcela, dataInicial, nomeComum, variedade) VALUES (476, 'Lameiro da ponte', TO_DATE('08/01/2017', 'DD/MM/YYYY'), 'Macieira', UPPER('Fuji') );
INSERT INTO OperacaoCultura (idOperacao, nomeParcela, dataInicial, nomeComum, variedade) VALUES (477, 'Lameiro do moinho', TO_DATE('10/01/2019', 'DD/MM/YYYY'), 'Macieira', UPPER('Canada') );
INSERT INTO OperacaoCultura (idOperacao, nomeParcela, dataInicial, nomeComum, variedade) VALUES (478, 'Lameiro do moinho', TO_DATE('11/01/2019', 'DD/MM/YYYY'), 'Macieira', UPPER('Grand Fay') );
INSERT INTO OperacaoCultura (idOperacao, nomeParcela, dataInicial, nomeComum, variedade) VALUES (479, 'Lameiro do moinho', TO_DATE('11/01/2019', 'DD/MM/YYYY'), 'Macieira', UPPER('Grand Fay') );
INSERT INTO OperacaoCultura (idOperacao, nomeParcela, dataInicial, nomeComum, variedade) VALUES (480, 'Lameiro do moinho', TO_DATE('10/01/2019', 'DD/MM/YYYY'), 'Macieira', UPPER('Pipo de Basto') );
INSERT INTO OperacaoCultura (idOperacao, nomeParcela, dataInicial, nomeComum, variedade) VALUES (481, 'Lameiro do moinho', TO_DATE('10/01/2019', 'DD/MM/YYYY'), 'Macieira', UPPER('Pipo de Basto') );
INSERT INTO OperacaoCultura (idOperacao, nomeParcela, dataInicial, nomeComum, variedade) VALUES (482, 'Lameiro do moinho', TO_DATE('11/01/2019', 'DD/MM/YYYY'), 'Macieira', UPPER('Gronho Doce') );
INSERT INTO OperacaoCultura (idOperacao, nomeParcela, dataInicial, nomeComum, variedade) VALUES (483, 'Lameiro do moinho', TO_DATE('09/01/2019', 'DD/MM/YYYY'), 'Macieira', UPPER('Malápio') );
INSERT INTO OperacaoCultura (idOperacao, nomeParcela, dataInicial, nomeComum, variedade) VALUES (484, 'Lameiro do moinho', TO_DATE('09/01/2019', 'DD/MM/YYYY'), 'Macieira', UPPER('Porta da Loja') );
INSERT INTO OperacaoCultura (idOperacao, nomeParcela, dataInicial, nomeComum, variedade) VALUES (485, 'Lameiro do moinho', TO_DATE('09/01/2019', 'DD/MM/YYYY'), 'Macieira', UPPER('Porta da Loja') );
INSERT INTO OperacaoCultura (idOperacao, nomeParcela, dataInicial, nomeComum, variedade) VALUES (486, 'Campo Grande', TO_DATE('12/10/2016', 'DD/MM/YYYY'), 'Oliveira', UPPER('Arbequina') );
INSERT INTO OperacaoCultura (idOperacao, nomeParcela, dataInicial, nomeComum, variedade) VALUES (487, 'Campo Grande', TO_DATE('10/10/2016', 'DD/MM/YYYY'), 'Oliveira', UPPER('Picual') );
INSERT INTO OperacaoCultura (idOperacao, nomeParcela, dataInicial, nomeComum, variedade) VALUES (488, 'Campo Grande', TO_DATE('06/10/2016', 'DD/MM/YYYY'), 'Oliveira', UPPER('Galega') );
INSERT INTO OperacaoCultura (idOperacao, nomeParcela, dataInicial, nomeComum, variedade) VALUES (489, 'Campo Novo', TO_DATE('05/04/2023', 'DD/MM/YYYY'), 'Cenoura', UPPER('Sugarsnax Hybrid') );
INSERT INTO OperacaoCultura (idOperacao, nomeParcela, dataInicial, nomeComum, variedade) VALUES (490, 'Campo Novo', TO_DATE('05/04/2023', 'DD/MM/YYYY'), 'Cenoura', UPPER('Sugarsnax Hybrid') );
INSERT INTO OperacaoCultura (idOperacao, nomeParcela, dataInicial, nomeComum, variedade) VALUES (491, 'Campo Novo', TO_DATE('06/04/2023', 'DD/MM/YYYY'), 'Abóbora Manteiga', UPPER('Butternut') );
INSERT INTO OperacaoCultura (idOperacao, nomeParcela, dataInicial, nomeComum, variedade) VALUES (492, 'Campo Novo', TO_DATE('06/04/2023', 'DD/MM/YYYY'), 'Abóbora Manteiga', UPPER('Butternut') );
INSERT INTO OperacaoCultura (idOperacao, nomeParcela, dataInicial, nomeComum, variedade) VALUES (493, 'Campo Novo', TO_DATE('05/07/2023', 'DD/MM/YYYY'), 'Cenoura', UPPER('Danvers Half Long') );
INSERT INTO OperacaoCultura (idOperacao, nomeParcela, dataInicial, nomeComum, variedade) VALUES (494, 'Campo Novo', TO_DATE('05/07/2023', 'DD/MM/YYYY'), 'Cenoura', UPPER('Danvers Half Long') );
INSERT INTO OperacaoCultura (idOperacao, nomeParcela, dataInicial, nomeComum, variedade) VALUES (495, 'Campo Novo', TO_DATE('05/07/2023', 'DD/MM/YYYY'), 'Cenoura', UPPER('Danvers Half Long') );
INSERT INTO OperacaoCultura (idOperacao, nomeParcela, dataInicial, nomeComum, variedade) VALUES (496, 'Lameiro do moinho', TO_DATE('09/01/2019', 'DD/MM/YYYY'), 'Macieira', UPPER('Porta da Loja') );
INSERT INTO OperacaoCultura (idOperacao, nomeParcela, dataInicial, nomeComum, variedade) VALUES (497, 'Lameiro do moinho', TO_DATE('09/01/2019', 'DD/MM/YYYY'), 'Macieira', UPPER('Malápio') );
INSERT INTO OperacaoCultura (idOperacao, nomeParcela, dataInicial, nomeComum, variedade) VALUES (498, 'Lameiro do moinho', TO_DATE('10/01/2019', 'DD/MM/YYYY'), 'Macieira', UPPER('Pipo de Basto') );
INSERT INTO OperacaoCultura (idOperacao, nomeParcela, dataInicial, nomeComum, variedade) VALUES (499, 'Lameiro do moinho', TO_DATE('10/01/2019', 'DD/MM/YYYY'), 'Macieira', UPPER('Canada') );
INSERT INTO OperacaoCultura (idOperacao, nomeParcela, dataInicial, nomeComum, variedade) VALUES (500, 'Lameiro do moinho', TO_DATE('11/01/2019', 'DD/MM/YYYY'), 'Macieira', UPPER('Grand Fay') );
INSERT INTO OperacaoCultura (idOperacao, nomeParcela, dataInicial, nomeComum, variedade) VALUES (501, 'Lameiro do moinho', TO_DATE('11/01/2019', 'DD/MM/YYYY'), 'Macieira', UPPER('Gronho Doce') );
INSERT INTO OperacaoCultura (idOperacao, nomeParcela, dataInicial, nomeComum, variedade) VALUES (502, 'Campo Grande', TO_DATE('12/10/2016', 'DD/MM/YYYY'), 'Oliveira', UPPER('Arbequina') );
INSERT INTO OperacaoCultura (idOperacao, nomeParcela, dataInicial, nomeComum, variedade) VALUES (503, 'Lameiro do moinho', TO_DATE('09/01/2019', 'DD/MM/YYYY'), 'Macieira', UPPER('Porta da Loja') );
INSERT INTO OperacaoCultura (idOperacao, nomeParcela, dataInicial, nomeComum, variedade) VALUES (504, 'Lameiro do moinho', TO_DATE('09/01/2019', 'DD/MM/YYYY'), 'Macieira', UPPER('Malápio') );
INSERT INTO OperacaoCultura (idOperacao, nomeParcela, dataInicial, nomeComum, variedade) VALUES (505, 'Lameiro do moinho', TO_DATE('10/01/2019', 'DD/MM/YYYY'), 'Macieira', UPPER('Pipo de Basto') );
INSERT INTO OperacaoCultura (idOperacao, nomeParcela, dataInicial, nomeComum, variedade) VALUES (506, 'Lameiro do moinho', TO_DATE('10/01/2019', 'DD/MM/YYYY'), 'Macieira', UPPER('Canada') );
INSERT INTO OperacaoCultura (idOperacao, nomeParcela, dataInicial, nomeComum, variedade) VALUES (507, 'Lameiro do moinho', TO_DATE('11/01/2019', 'DD/MM/YYYY'), 'Macieira', UPPER('Grand Fay') );
INSERT INTO OperacaoCultura (idOperacao, nomeParcela, dataInicial, nomeComum, variedade) VALUES (508, 'Lameiro do moinho', TO_DATE('11/01/2019', 'DD/MM/YYYY'), 'Macieira', UPPER('Gronho Doce') );
INSERT INTO OperacaoCultura (idOperacao, nomeParcela, dataInicial, nomeComum, variedade) VALUES (509, 'Lameiro do moinho', TO_DATE('09/01/2019', 'DD/MM/YYYY'), 'Macieira', UPPER('Porta da Loja') );
INSERT INTO OperacaoCultura (idOperacao, nomeParcela, dataInicial, nomeComum, variedade) VALUES (510, 'Lameiro do moinho', TO_DATE('09/01/2019', 'DD/MM/YYYY'), 'Macieira', UPPER('Malápio') );
INSERT INTO OperacaoCultura (idOperacao, nomeParcela, dataInicial, nomeComum, variedade) VALUES (511, 'Lameiro do moinho', TO_DATE('10/01/2019', 'DD/MM/YYYY'), 'Macieira', UPPER('Pipo de Basto') );
INSERT INTO OperacaoCultura (idOperacao, nomeParcela, dataInicial, nomeComum, variedade) VALUES (512, 'Lameiro do moinho', TO_DATE('10/01/2019', 'DD/MM/YYYY'), 'Macieira', UPPER('Canada') );
INSERT INTO OperacaoCultura (idOperacao, nomeParcela, dataInicial, nomeComum, variedade) VALUES (513, 'Lameiro do moinho', TO_DATE('11/01/2019', 'DD/MM/YYYY'), 'Macieira', UPPER('Grand Fay') );
INSERT INTO OperacaoCultura (idOperacao, nomeParcela, dataInicial, nomeComum, variedade) VALUES (514, 'Lameiro do moinho', TO_DATE('11/01/2019', 'DD/MM/YYYY'), 'Macieira', UPPER('Gronho Doce') );
INSERT INTO OperacaoCultura (idOperacao, nomeParcela, dataInicial, nomeComum, variedade) VALUES (515, 'Lameiro do moinho', TO_DATE('09/01/2019', 'DD/MM/YYYY'), 'Macieira', UPPER('Porta da Loja') );
INSERT INTO OperacaoCultura (idOperacao, nomeParcela, dataInicial, nomeComum, variedade) VALUES (517, 'Lameiro do moinho', TO_DATE('09/01/2019', 'DD/MM/YYYY'), 'Macieira', UPPER('Malápio') );
INSERT INTO OperacaoCultura (idOperacao, nomeParcela, dataInicial, nomeComum, variedade) VALUES (518, 'Lameiro do moinho', TO_DATE('10/01/2019', 'DD/MM/YYYY'), 'Macieira', UPPER('Pipo de Basto') );
INSERT INTO OperacaoCultura (idOperacao, nomeParcela, dataInicial, nomeComum, variedade) VALUES (519, 'Lameiro do moinho', TO_DATE('10/01/2019', 'DD/MM/YYYY'), 'Macieira', UPPER('Canada') );
INSERT INTO OperacaoCultura (idOperacao, nomeParcela, dataInicial, nomeComum, variedade) VALUES (520, 'Lameiro do moinho', TO_DATE('11/01/2019', 'DD/MM/YYYY'), 'Macieira', UPPER('Grand Fay') );
INSERT INTO OperacaoCultura (idOperacao, nomeParcela, dataInicial, nomeComum, variedade) VALUES (521, 'Lameiro do moinho', TO_DATE('11/01/2019', 'DD/MM/YYYY'), 'Macieira', UPPER('Gronho Doce') );
INSERT INTO OperacaoCultura (idOperacao, nomeParcela, dataInicial, nomeComum, variedade) VALUES (522, 'Lameiro do moinho', TO_DATE('09/01/2019', 'DD/MM/YYYY'), 'Macieira', UPPER('Porta da Loja') );
INSERT INTO OperacaoCultura (idOperacao, nomeParcela, dataInicial, nomeComum, variedade) VALUES (523, 'Lameiro do moinho', TO_DATE('09/01/2019', 'DD/MM/YYYY'), 'Macieira', UPPER('Malápio') );
INSERT INTO OperacaoCultura (idOperacao, nomeParcela, dataInicial, nomeComum, variedade) VALUES (524, 'Lameiro do moinho', TO_DATE('10/01/2019', 'DD/MM/YYYY'), 'Macieira', UPPER('Pipo de Basto') );
INSERT INTO OperacaoCultura (idOperacao, nomeParcela, dataInicial, nomeComum, variedade) VALUES (525, 'Lameiro do moinho', TO_DATE('10/01/2019', 'DD/MM/YYYY'), 'Macieira', UPPER('Canada') );
INSERT INTO OperacaoCultura (idOperacao, nomeParcela, dataInicial, nomeComum, variedade) VALUES (526, 'Lameiro do moinho', TO_DATE('11/01/2019', 'DD/MM/YYYY'), 'Macieira', UPPER('Grand Fay') );
INSERT INTO OperacaoCultura (idOperacao, nomeParcela, dataInicial, nomeComum, variedade) VALUES (527, 'Lameiro do moinho', TO_DATE('11/01/2019', 'DD/MM/YYYY'), 'Macieira', UPPER('Gronho Doce') );
INSERT INTO OperacaoCultura (idOperacao, nomeParcela, dataInicial, nomeComum, variedade) VALUES (528, 'Campo Grande', TO_DATE('10/10/2016', 'DD/MM/YYYY'), 'Oliveira', UPPER('Picual') );
INSERT INTO OperacaoCultura (idOperacao, nomeParcela, dataInicial, nomeComum, variedade) VALUES (529, 'Campo Grande', TO_DATE('06/10/2016', 'DD/MM/YYYY'), 'Oliveira', UPPER('Galega') );
INSERT INTO OperacaoCultura (idOperacao, nomeParcela, dataInicial, nomeComum, variedade) VALUES (530, 'Campo Grande', TO_DATE('12/10/2016', 'DD/MM/YYYY'), 'Oliveira', UPPER('Arbequina') );
INSERT INTO OperacaoCultura (idOperacao, nomeParcela, dataInicial, nomeComum, variedade) VALUES (531, 'Campo Grande', TO_DATE('10/10/2016', 'DD/MM/YYYY'), 'Oliveira', UPPER('Picual') );
INSERT INTO OperacaoCultura (idOperacao, nomeParcela, dataInicial, nomeComum, variedade) VALUES (532, 'Campo Grande', TO_DATE('06/10/2016', 'DD/MM/YYYY'), 'Oliveira', UPPER('Galega') );
INSERT INTO OperacaoCultura (idOperacao, nomeParcela, dataInicial, nomeComum, variedade) VALUES (533, 'Campo Grande', TO_DATE('12/10/2016', 'DD/MM/YYYY'), 'Oliveira', UPPER('Arbequina') );
INSERT INTO OperacaoCultura (idOperacao, nomeParcela, dataInicial, nomeComum, variedade) VALUES (534, 'Campo Grande', TO_DATE('10/10/2016', 'DD/MM/YYYY'), 'Oliveira', UPPER('Picual') );
INSERT INTO OperacaoCultura (idOperacao, nomeParcela, dataInicial, nomeComum, variedade) VALUES (535, 'Campo Grande', TO_DATE('06/10/2016', 'DD/MM/YYYY'), 'Oliveira', UPPER('Galega') );
INSERT INTO OperacaoCultura (idOperacao, nomeParcela, dataInicial, nomeComum, variedade) VALUES (536, 'Campo Grande', TO_DATE('12/10/2016', 'DD/MM/YYYY'), 'Oliveira', UPPER('Arbequina') );
INSERT INTO OperacaoCultura (idOperacao, nomeParcela, dataInicial, nomeComum, variedade) VALUES (539, 'Campo Novo', TO_DATE('05/04/2023', 'DD/MM/YYYY'), 'Cenoura', UPPER('Sugarsnax Hybrid') );
INSERT INTO OperacaoCultura (idOperacao, nomeParcela, dataInicial, nomeComum, variedade) VALUES (540, 'Campo Novo', TO_DATE('06/04/2023', 'DD/MM/YYYY'), 'Abóbora Manteiga', UPPER('Butternut'));
INSERT INTO OperacaoCultura (idOperacao, nomeParcela, dataInicial, nomeComum, variedade) VALUES (541, 'Campo Novo', TO_DATE('05/07/2023', 'DD/MM/YYYY'), 'Cenoura', UPPER('Danvers Half Long') );
INSERT INTO OperacaoCultura (idOperacao, nomeParcela, dataInicial, nomeComum, variedade) VALUES (542, 'Campo Novo', TO_DATE('12/10/2023', 'DD/MM/YYYY'), 'Tremoço', UPPER('Amarelo') );
INSERT INTO OperacaoCultura (idOperacao, nomeParcela, dataInicial, nomeComum, variedade) VALUES (543, 'Campo Novo', TO_DATE('05/04/2023', 'DD/MM/YYYY'), 'Cenoura', UPPER('Sugarsnax Hybrid') );
INSERT INTO OperacaoCultura (idOperacao, nomeParcela, dataInicial, nomeComum, variedade) VALUES (544, 'Campo Novo', TO_DATE('06/04/2023', 'DD/MM/YYYY'), 'Abóbora Manteiga', UPPER('Butternut') );
INSERT INTO OperacaoCultura (idOperacao, nomeParcela, dataInicial, nomeComum, variedade) VALUES (545, 'Campo Novo', TO_DATE('06/04/2023', 'DD/MM/YYYY'), 'Abóbora Manteiga', UPPER('Butternut') );
INSERT INTO OperacaoCultura (idOperacao, nomeParcela, dataInicial, nomeComum, variedade) VALUES (546, 'Campo Novo', TO_DATE('05/07/2023', 'DD/MM/YYYY'), 'Cenoura', UPPER('Danvers Half Long') );


--WORKS
INSERT INTO DataAcaoAgricola(DESIGNACAOTIPOACAOAGRICOLA, intervaloTempo) VALUES ('Sementeira/Plantação', 'Abril a junho');
INSERT INTO DataAcaoAgricola(DESIGNACAOTIPOACAOAGRICOLA, intervaloTempo) VALUES ('Sementeira/Plantação', 'Março a setembro');
INSERT INTO DataAcaoAgricola(DESIGNACAOTIPOACAOAGRICOLA, intervaloTempo) VALUES ('Sementeira/Plantação', 'Fevereiro a abril, agosto a outubro');
INSERT INTO DataAcaoAgricola(DESIGNACAOTIPOACAOAGRICOLA, intervaloTempo) VALUES ('Poda', 'Novembro a dezembro');
INSERT INTO DataAcaoAgricola(DESIGNACAOTIPOACAOAGRICOLA, intervaloTempo) VALUES ('Poda', 'Janeiro');
INSERT INTO DataAcaoAgricola(DESIGNACAOTIPOACAOAGRICOLA, intervaloTempo) VALUES ('Poda', 'Dezembro a janeiro');
INSERT INTO DataAcaoAgricola(DESIGNACAOTIPOACAOAGRICOLA, intervaloTempo) VALUES ('Floração', 'Fevereiro a março');
INSERT INTO DataAcaoAgricola(DESIGNACAOTIPOACAOAGRICOLA, intervaloTempo) VALUES ('Floração', 'Abril a maio');
INSERT INTO DataAcaoAgricola(DESIGNACAOTIPOACAOAGRICOLA, intervaloTempo) VALUES ('Floração', 'Março a abril');
INSERT INTO DataAcaoAgricola(DESIGNACAOTIPOACAOAGRICOLA, intervaloTempo) VALUES ('Floração', 'Maio');
INSERT INTO DataAcaoAgricola(DESIGNACAOTIPOACAOAGRICOLA, intervaloTempo) VALUES ('Colheita', 'Julho a agosto');
INSERT INTO DataAcaoAgricola(DESIGNACAOTIPOACAOAGRICOLA, intervaloTempo) VALUES ('Colheita', 'Agosto a setembro');
INSERT INTO DataAcaoAgricola(DESIGNACAOTIPOACAOAGRICOLA, intervaloTempo) VALUES ('Colheita', 'Novembro a dezembro');
INSERT INTO DataAcaoAgricola(DESIGNACAOTIPOACAOAGRICOLA, intervaloTempo) VALUES ('Colheita', '80 dias');
INSERT INTO DataAcaoAgricola(DESIGNACAOTIPOACAOAGRICOLA, intervaloTempo) VALUES ('Colheita', 'Julho a setembro');
INSERT INTO DataAcaoAgricola(DESIGNACAOTIPOACAOAGRICOLA, intervaloTempo) VALUES ('Colheita', 'Junho a fevereiro');
INSERT INTO DataAcaoAgricola(DESIGNACAOTIPOACAOAGRICOLA, intervaloTempo) VALUES ('Colheita', 'Outubro a novembro');
INSERT INTO DataAcaoAgricola(DESIGNACAOTIPOACAOAGRICOLA, intervaloTempo) VALUES ('Colheita', '90 dias');
INSERT INTO DataAcaoAgricola(DESIGNACAOTIPOACAOAGRICOLA, intervaloTempo) VALUES ('Sementeira/Plantação', 'Primavera');
INSERT INTO DataAcaoAgricola(DESIGNACAOTIPOACAOAGRICOLA, intervaloTempo) VALUES ('Colheita', 'Final Verão ou Outono');
INSERT INTO DataAcaoAgricola(DESIGNACAOTIPOACAOAGRICOLA, intervaloTempo) VALUES ('Colheita', 'Junho a agosto');

--WORKS
INSERT INTO CalendarioAcaoAgricola(variedade, nomeComum, DESIGNACAOTIPOACAOAGRICOLA, INTERVALOTEMPO) VALUES ('MAS 24.C', 'Milho', 'Sementeira/Plantação', 'Abril a junho');
INSERT INTO CalendarioAcaoAgricola(variedade, nomeComum, DESIGNACAOTIPOACAOAGRICOLA, INTERVALOTEMPO) VALUES ('DOCE GOLDEN BANTAM', 'Milho', 'Sementeira/Plantação', 'Abril a junho');
INSERT INTO CalendarioAcaoAgricola(variedade, nomeComum, DESIGNACAOTIPOACAOAGRICOLA, INTERVALOTEMPO) VALUES ('SENHORA CONCEIÇÃO', 'Nabo greleiro', 'Sementeira/Plantação', 'Março a setembro');
INSERT INTO CalendarioAcaoAgricola(variedade, nomeComum, DESIGNACAOTIPOACAOAGRICOLA, INTERVALOTEMPO) VALUES ('S. COSME', 'Nabo', 'Sementeira/Plantação', 'Fevereiro a abril, agosto a outubro');
INSERT INTO CalendarioAcaoAgricola(variedade, nomeComum, DESIGNACAOTIPOACAOAGRICOLA, INTERVALOTEMPO) VALUES ('RAINHA CLAUDIA CARANGUEJEIRA', 'Ameixoeira', 'Poda', 'Novembro a dezembro');
INSERT INTO CalendarioAcaoAgricola(variedade, nomeComum, DESIGNACAOTIPOACAOAGRICOLA, INTERVALOTEMPO) VALUES ('PRESIDENT', 'Ameixoeira', 'Poda', 'Novembro a dezembro');
INSERT INTO CalendarioAcaoAgricola(variedade, nomeComum, DESIGNACAOTIPOACAOAGRICOLA, INTERVALOTEMPO) VALUES ('STANLEY', 'Ameixoeira', 'Poda', 'Novembro a dezembro');
INSERT INTO CalendarioAcaoAgricola(variedade, nomeComum, DESIGNACAOTIPOACAOAGRICOLA, INTERVALOTEMPO) VALUES ('ANGELENO', 'Ameixoeira', 'Poda', 'Novembro a dezembro');
INSERT INTO CalendarioAcaoAgricola(variedade, nomeComum, DESIGNACAOTIPOACAOAGRICOLA, INTERVALOTEMPO) VALUES ('BLACK BEAUTY', 'Ameixoeira', 'Poda', 'Novembro a dezembro');
INSERT INTO CalendarioAcaoAgricola(variedade, nomeComum, DESIGNACAOTIPOACAOAGRICOLA, INTERVALOTEMPO) VALUES ('BLACK STAR', 'Ameixoeira', 'Poda', 'Novembro a dezembro');
INSERT INTO CalendarioAcaoAgricola(variedade, nomeComum, DESIGNACAOTIPOACAOAGRICOLA, INTERVALOTEMPO) VALUES ('BLACK GOLD', 'Ameixoeira', 'Poda', 'Novembro a dezembro');
INSERT INTO CalendarioAcaoAgricola(variedade, nomeComum, DESIGNACAOTIPOACAOAGRICOLA, INTERVALOTEMPO) VALUES ('BLACK DIAMOND', 'Ameixoeira', 'Poda', 'Novembro a dezembro');
INSERT INTO CalendarioAcaoAgricola(variedade, nomeComum, DESIGNACAOTIPOACAOAGRICOLA, INTERVALOTEMPO) VALUES ('BLACK AMBER', 'Ameixoeira', 'Poda', 'Novembro a dezembro');
INSERT INTO CalendarioAcaoAgricola(variedade, nomeComum, DESIGNACAOTIPOACAOAGRICOLA, INTERVALOTEMPO) VALUES ('BLACK SPLENDOR', 'Ameixoeira', 'Poda', 'Novembro a dezembro');
INSERT INTO CalendarioAcaoAgricola(variedade, nomeComum, DESIGNACAOTIPOACAOAGRICOLA, INTERVALOTEMPO) VALUES ('FORTUNA', 'Ameixoeira', 'Poda', 'Novembro a dezembro');
INSERT INTO CalendarioAcaoAgricola(variedade, nomeComum, DESIGNACAOTIPOACAOAGRICOLA, INTERVALOTEMPO) VALUES ('FRIAR', 'Ameixoeira', 'Poda', 'Novembro a dezembro');
INSERT INTO CalendarioAcaoAgricola(variedade, nomeComum, DESIGNACAOTIPOACAOAGRICOLA, INTERVALOTEMPO) VALUES ('EL DORADO', 'Ameixoeira', 'Poda', 'Novembro a dezembro');
INSERT INTO CalendarioAcaoAgricola(variedade, nomeComum, DESIGNACAOTIPOACAOAGRICOLA, INTERVALOTEMPO) VALUES ('ELEPHANT HEART', 'Ameixoeira', 'Poda', 'Novembro a dezembro');
INSERT INTO CalendarioAcaoAgricola(variedade, nomeComum, DESIGNACAOTIPOACAOAGRICOLA, INTERVALOTEMPO) VALUES ('GOLDEN JAPAN', 'Ameixoeira', 'Poda', 'Novembro a dezembro');
INSERT INTO CalendarioAcaoAgricola(variedade, nomeComum, DESIGNACAOTIPOACAOAGRICOLA, INTERVALOTEMPO) VALUES ('HARRY PITCHON', 'Ameixoeira', 'Poda', 'Novembro a dezembro');
INSERT INTO CalendarioAcaoAgricola(variedade, nomeComum, DESIGNACAOTIPOACAOAGRICOLA, INTERVALOTEMPO) VALUES ('LAETITIA', 'Ameixoeira', 'Poda', 'Novembro a dezembro');
INSERT INTO CalendarioAcaoAgricola(variedade, nomeComum, DESIGNACAOTIPOACAOAGRICOLA, INTERVALOTEMPO) VALUES ('METLEY', 'Ameixoeira', 'Poda', 'Novembro a dezembro');
INSERT INTO CalendarioAcaoAgricola(variedade, nomeComum, DESIGNACAOTIPOACAOAGRICOLA, INTERVALOTEMPO) VALUES ('MIRABELLE DE NANCY', 'Ameixoeira', 'Poda', 'Novembro a dezembro');
INSERT INTO CalendarioAcaoAgricola(variedade, nomeComum, DESIGNACAOTIPOACAOAGRICOLA, INTERVALOTEMPO) VALUES ('QUEEN ROSE', 'Ameixoeira', 'Poda', 'Novembro a dezembro');
INSERT INTO CalendarioAcaoAgricola(variedade, nomeComum, DESIGNACAOTIPOACAOAGRICOLA, INTERVALOTEMPO) VALUES ('RED BEAUT', 'Ameixoeira', 'Poda', 'Novembro a dezembro');
INSERT INTO CalendarioAcaoAgricola(variedade, nomeComum, DESIGNACAOTIPOACAOAGRICOLA, INTERVALOTEMPO) VALUES ('SANTA ROSA', 'Ameixoeira', 'Poda', 'Novembro a dezembro');
INSERT INTO CalendarioAcaoAgricola(variedade, nomeComum, DESIGNACAOTIPOACAOAGRICOLA, INTERVALOTEMPO) VALUES ('SHIRO', 'Ameixoeira', 'Poda', 'Novembro a dezembro');
INSERT INTO CalendarioAcaoAgricola(variedade, nomeComum, DESIGNACAOTIPOACAOAGRICOLA, INTERVALOTEMPO) VALUES ('SUNGOLD', 'Ameixoeira', 'Poda', 'Novembro a dezembro');
INSERT INTO CalendarioAcaoAgricola(variedade, nomeComum, DESIGNACAOTIPOACAOAGRICOLA, INTERVALOTEMPO) VALUES ('WILSON PERFECTION', 'Ameixoeira', 'Poda', 'Novembro a dezembro');
INSERT INTO CalendarioAcaoAgricola(variedade, nomeComum, DESIGNACAOTIPOACAOAGRICOLA, INTERVALOTEMPO) VALUES ('AUTUMN GIANT', 'Ameixoeira', 'Poda', 'Novembro a dezembro');
INSERT INTO CalendarioAcaoAgricola(variedade, nomeComum, DESIGNACAOTIPOACAOAGRICOLA, INTERVALOTEMPO) VALUES ('BULIDA', 'Damasqueiro', 'Poda', 'Novembro a dezembro');
INSERT INTO CalendarioAcaoAgricola(variedade, nomeComum, DESIGNACAOTIPOACAOAGRICOLA, INTERVALOTEMPO) VALUES ('CANINO', 'Damasqueiro', 'Poda', 'Novembro a dezembro');
INSERT INTO CalendarioAcaoAgricola(variedade, nomeComum, DESIGNACAOTIPOACAOAGRICOLA, INTERVALOTEMPO) VALUES ('LIABAUD', 'Damasqueiro', 'Poda', 'Novembro a dezembro');
INSERT INTO CalendarioAcaoAgricola(variedade, nomeComum, DESIGNACAOTIPOACAOAGRICOLA, INTERVALOTEMPO) VALUES ('MAILLOT JAUNE', 'Damasqueiro', 'Poda', 'Novembro a dezembro');
INSERT INTO CalendarioAcaoAgricola(variedade, nomeComum, DESIGNACAOTIPOACAOAGRICOLA, INTERVALOTEMPO) VALUES ('POLONAIS', 'Damasqueiro', 'Poda', 'Novembro a dezembro');
INSERT INTO CalendarioAcaoAgricola(variedade, nomeComum, DESIGNACAOTIPOACAOAGRICOLA, INTERVALOTEMPO) VALUES ('AKANE', 'Macieira', 'Poda', 'Novembro a dezembro');
INSERT INTO CalendarioAcaoAgricola(variedade, nomeComum, DESIGNACAOTIPOACAOAGRICOLA, INTERVALOTEMPO) VALUES ('BELGOLDEN', 'Macieira', 'Poda', 'Novembro a dezembro');
INSERT INTO CalendarioAcaoAgricola(variedade, nomeComum, DESIGNACAOTIPOACAOAGRICOLA, INTERVALOTEMPO) VALUES ('BRAVO DE ESMOLFE', 'Macieira', 'Poda', 'Novembro a dezembro');
INSERT INTO CalendarioAcaoAgricola(variedade, nomeComum, DESIGNACAOTIPOACAOAGRICOLA, INTERVALOTEMPO) VALUES ('CASA NOVA DE ALCOBAÇA', 'Macieira', 'Poda', 'Novembro a dezembro');
INSERT INTO CalendarioAcaoAgricola(variedade, nomeComum, DESIGNACAOTIPOACAOAGRICOLA, INTERVALOTEMPO) VALUES ('EROVAN', 'Macieira', 'Poda', 'Novembro a dezembro');
INSERT INTO CalendarioAcaoAgricola(variedade, nomeComum, DESIGNACAOTIPOACAOAGRICOLA, INTERVALOTEMPO) VALUES ('FUJI', 'Macieira', 'Poda', 'Novembro a dezembro');
INSERT INTO CalendarioAcaoAgricola(variedade, nomeComum, DESIGNACAOTIPOACAOAGRICOLA, INTERVALOTEMPO) VALUES ('GRANNY SMITH', 'Macieira', 'Poda', 'Novembro a dezembro');
INSERT INTO CalendarioAcaoAgricola(variedade, nomeComum, DESIGNACAOTIPOACAOAGRICOLA, INTERVALOTEMPO) VALUES ('GOLDEN DELICIOUS', 'Macieira', 'Poda', 'Novembro a dezembro');
INSERT INTO CalendarioAcaoAgricola(variedade, nomeComum, DESIGNACAOTIPOACAOAGRICOLA, INTERVALOTEMPO) VALUES ('HI-EARLY', 'Macieira', 'Poda', 'Novembro a dezembro');
INSERT INTO CalendarioAcaoAgricola(variedade, nomeComum, DESIGNACAOTIPOACAOAGRICOLA, INTERVALOTEMPO) VALUES ('JONAGORED', 'Macieira', 'Poda', 'Novembro a dezembro');
INSERT INTO CalendarioAcaoAgricola(variedade, nomeComum, DESIGNACAOTIPOACAOAGRICOLA, INTERVALOTEMPO) VALUES ('LYSGOLDEN', 'Macieira', 'Poda', 'Novembro a dezembro');
INSERT INTO CalendarioAcaoAgricola(variedade, nomeComum, DESIGNACAOTIPOACAOAGRICOLA, INTERVALOTEMPO) VALUES ('MUTSU', 'Macieira', 'Poda', 'Novembro a dezembro');
INSERT INTO CalendarioAcaoAgricola(variedade, nomeComum, DESIGNACAOTIPOACAOAGRICOLA, INTERVALOTEMPO) VALUES ('PORTA DA LOJA', 'Macieira', 'Poda', 'Janeiro');
INSERT INTO CalendarioAcaoAgricola(variedade, nomeComum, DESIGNACAOTIPOACAOAGRICOLA, INTERVALOTEMPO) VALUES ('CANADA', 'Macieira', 'Poda', 'Novembro a dezembro');
INSERT INTO CalendarioAcaoAgricola(variedade, nomeComum, DESIGNACAOTIPOACAOAGRICOLA, INTERVALOTEMPO) VALUES ('GRAND FAY', 'Macieira', 'Poda', 'Novembro a dezembro');
INSERT INTO CalendarioAcaoAgricola(variedade, nomeComum, DESIGNACAOTIPOACAOAGRICOLA, INTERVALOTEMPO) VALUES ('RISCADINHA DE PALMELA', 'Macieira', 'Poda', 'Novembro a dezembro');
INSERT INTO CalendarioAcaoAgricola(variedade, nomeComum, DESIGNACAOTIPOACAOAGRICOLA, INTERVALOTEMPO) VALUES ('ROYAL GALA', 'Macieira', 'Poda', 'Novembro a dezembro');
INSERT INTO CalendarioAcaoAgricola(variedade, nomeComum, DESIGNACAOTIPOACAOAGRICOLA, INTERVALOTEMPO) VALUES ('REDCHIEF', 'Macieira', 'Poda', 'Novembro a dezembro');
INSERT INTO CalendarioAcaoAgricola(variedade, nomeComum, DESIGNACAOTIPOACAOAGRICOLA, INTERVALOTEMPO) VALUES ('STARKING', 'Macieira', 'Poda', 'Novembro a dezembro');
INSERT INTO CalendarioAcaoAgricola(variedade, nomeComum, DESIGNACAOTIPOACAOAGRICOLA, INTERVALOTEMPO) VALUES ('SUMMER RED', 'Macieira', 'Poda', 'Novembro a dezembro');
INSERT INTO CalendarioAcaoAgricola(variedade, nomeComum, DESIGNACAOTIPOACAOAGRICOLA, INTERVALOTEMPO) VALUES ('WELLSPUR DELICIOUS', 'Macieira', 'Poda', 'Novembro a dezembro');
INSERT INTO CalendarioAcaoAgricola(variedade, nomeComum, DESIGNACAOTIPOACAOAGRICOLA, INTERVALOTEMPO) VALUES ('NOIVA', 'Macieira', 'Poda', 'Novembro a dezembro');
INSERT INTO CalendarioAcaoAgricola(variedade, nomeComum, DESIGNACAOTIPOACAOAGRICOLA, INTERVALOTEMPO) VALUES ('OLHO ABERTO', 'Macieira', 'Poda', 'Novembro a dezembro');
INSERT INTO CalendarioAcaoAgricola(variedade, nomeComum, DESIGNACAOTIPOACAOAGRICOLA, INTERVALOTEMPO) VALUES ('CAMOESA ROSA', 'Macieira', 'Poda', 'Novembro a dezembro');
INSERT INTO CalendarioAcaoAgricola(variedade, nomeComum, DESIGNACAOTIPOACAOAGRICOLA, INTERVALOTEMPO) VALUES ('MALÁPIO', 'Macieira', 'Poda', 'Novembro a dezembro');
INSERT INTO CalendarioAcaoAgricola(variedade, nomeComum, DESIGNACAOTIPOACAOAGRICOLA, INTERVALOTEMPO) VALUES ('GRONHO DOCE', 'Macieira', 'Poda', 'Novembro a dezembro');
INSERT INTO CalendarioAcaoAgricola(variedade, nomeComum, DESIGNACAOTIPOACAOAGRICOLA, INTERVALOTEMPO) VALUES ('PÉ DE BOI ', 'Macieira', 'Poda', 'Novembro a dezembro');
INSERT INTO CalendarioAcaoAgricola(variedade, nomeComum, DESIGNACAOTIPOACAOAGRICOLA, INTERVALOTEMPO) VALUES ('PINOVA', 'Macieira', 'Poda', 'Novembro a dezembro');
INSERT INTO CalendarioAcaoAgricola(variedade, nomeComum, DESIGNACAOTIPOACAOAGRICOLA, INTERVALOTEMPO) VALUES ('PARDO LINDO', 'Macieira', 'Poda', 'Novembro a dezembro');
INSERT INTO CalendarioAcaoAgricola(variedade, nomeComum, DESIGNACAOTIPOACAOAGRICOLA, INTERVALOTEMPO) VALUES ('PIPO DE BASTO', 'Macieira', 'Poda', 'Novembro a dezembro');
INSERT INTO CalendarioAcaoAgricola(variedade, nomeComum, DESIGNACAOTIPOACAOAGRICOLA, INTERVALOTEMPO) VALUES ('PRIMA', 'Macieira', 'Poda', 'Novembro a dezembro');
INSERT INTO CalendarioAcaoAgricola(variedade, nomeComum, DESIGNACAOTIPOACAOAGRICOLA, INTERVALOTEMPO) VALUES ('QUERINA', 'Macieira', 'Poda', 'Novembro a dezembro');
INSERT INTO CalendarioAcaoAgricola(variedade, nomeComum, DESIGNACAOTIPOACAOAGRICOLA, INTERVALOTEMPO) VALUES ('VISTA BELLA', 'Macieira', 'Poda', 'Novembro a dezembro');
INSERT INTO CalendarioAcaoAgricola(variedade, nomeComum, DESIGNACAOTIPOACAOAGRICOLA, INTERVALOTEMPO) VALUES ('GOLDEN SMOOTHEE', 'Macieira', 'Poda', 'Novembro a dezembro');
INSERT INTO CalendarioAcaoAgricola(variedade, nomeComum, DESIGNACAOTIPOACAOAGRICOLA, INTERVALOTEMPO) VALUES ('GOLDEN SUPREMA', 'Macieira', 'Poda', 'Novembro a dezembro');
INSERT INTO CalendarioAcaoAgricola(variedade, nomeComum, DESIGNACAOTIPOACAOAGRICOLA, INTERVALOTEMPO) VALUES ('GLOSTER 69', 'Macieira', 'Poda', 'Novembro a dezembro');
INSERT INTO CalendarioAcaoAgricola(variedade, nomeComum, DESIGNACAOTIPOACAOAGRICOLA, INTERVALOTEMPO) VALUES ('FREEDOM', 'Macieira', 'Poda', 'Novembro a dezembro');
INSERT INTO CalendarioAcaoAgricola(variedade, nomeComum, DESIGNACAOTIPOACAOAGRICOLA, INTERVALOTEMPO) VALUES ('DONA MARIA', 'Videira', 'Poda', 'Dezembro a janeiro');
INSERT INTO CalendarioAcaoAgricola(variedade, nomeComum, DESIGNACAOTIPOACAOAGRICOLA, INTERVALOTEMPO) VALUES ('CARDINAL', 'Videira', 'Poda', 'Dezembro a janeiro');
INSERT INTO CalendarioAcaoAgricola(variedade, nomeComum, DESIGNACAOTIPOACAOAGRICOLA, INTERVALOTEMPO) VALUES ('RAINHA CLAUDIA CARANGUEJEIRA', 'Ameixoeira', 'Floração', 'Fevereiro a março');
INSERT INTO CalendarioAcaoAgricola(variedade, nomeComum, DESIGNACAOTIPOACAOAGRICOLA, INTERVALOTEMPO) VALUES ('PRESIDENT', 'Ameixoeira', 'Floração', 'Fevereiro a março');
INSERT INTO CalendarioAcaoAgricola(variedade, nomeComum, DESIGNACAOTIPOACAOAGRICOLA, INTERVALOTEMPO) VALUES ('STANLEY', 'Ameixoeira', 'Floração', 'Fevereiro a março');
INSERT INTO CalendarioAcaoAgricola(variedade, nomeComum, DESIGNACAOTIPOACAOAGRICOLA, INTERVALOTEMPO) VALUES ('ANGELENO', 'Ameixoeira', 'Floração', 'Fevereiro a março');
INSERT INTO CalendarioAcaoAgricola(variedade, nomeComum, DESIGNACAOTIPOACAOAGRICOLA, INTERVALOTEMPO) VALUES ('BLACK BEAUTY', 'Ameixoeira', 'Floração', 'Fevereiro a março');
INSERT INTO CalendarioAcaoAgricola(variedade, nomeComum, DESIGNACAOTIPOACAOAGRICOLA, INTERVALOTEMPO) VALUES ('BLACK STAR', 'Ameixoeira', 'Floração', 'Fevereiro a março');
INSERT INTO CalendarioAcaoAgricola(variedade, nomeComum, DESIGNACAOTIPOACAOAGRICOLA, INTERVALOTEMPO) VALUES ('BLACK GOLD', 'Ameixoeira', 'Floração', 'Fevereiro a março');
INSERT INTO CalendarioAcaoAgricola(variedade, nomeComum, DESIGNACAOTIPOACAOAGRICOLA, INTERVALOTEMPO) VALUES ('BLACK DIAMOND', 'Ameixoeira', 'Floração', 'Fevereiro a março');
INSERT INTO CalendarioAcaoAgricola(variedade, nomeComum, DESIGNACAOTIPOACAOAGRICOLA, INTERVALOTEMPO) VALUES ('BLACK AMBER', 'Ameixoeira', 'Floração', 'Fevereiro a março');
INSERT INTO CalendarioAcaoAgricola(variedade, nomeComum, DESIGNACAOTIPOACAOAGRICOLA, INTERVALOTEMPO) VALUES ('BLACK SPLENDOR', 'Ameixoeira', 'Floração', 'Fevereiro a março');
INSERT INTO CalendarioAcaoAgricola(variedade, nomeComum, DESIGNACAOTIPOACAOAGRICOLA, INTERVALOTEMPO) VALUES ('FORTUNA', 'Ameixoeira', 'Floração', 'Fevereiro a março');
INSERT INTO CalendarioAcaoAgricola(variedade, nomeComum, DESIGNACAOTIPOACAOAGRICOLA, INTERVALOTEMPO) VALUES ('FRIAR', 'Ameixoeira', 'Floração', 'Fevereiro a março');
INSERT INTO CalendarioAcaoAgricola(variedade, nomeComum, DESIGNACAOTIPOACAOAGRICOLA, INTERVALOTEMPO) VALUES ('EL DORADO', 'Ameixoeira', 'Floração', 'Fevereiro a março');
INSERT INTO CalendarioAcaoAgricola(variedade, nomeComum, DESIGNACAOTIPOACAOAGRICOLA, INTERVALOTEMPO) VALUES ('ELEPHANT HEART', 'Ameixoeira', 'Floração', 'Fevereiro a março');
INSERT INTO CalendarioAcaoAgricola(variedade, nomeComum, DESIGNACAOTIPOACAOAGRICOLA, INTERVALOTEMPO) VALUES ('GOLDEN JAPAN', 'Ameixoeira', 'Floração', 'Fevereiro a março');
INSERT INTO CalendarioAcaoAgricola(variedade, nomeComum, DESIGNACAOTIPOACAOAGRICOLA, INTERVALOTEMPO) VALUES ('HARRY PITCHON', 'Ameixoeira', 'Floração', 'Fevereiro a março');
INSERT INTO CalendarioAcaoAgricola(variedade, nomeComum, DESIGNACAOTIPOACAOAGRICOLA, INTERVALOTEMPO) VALUES ('LAETITIA', 'Ameixoeira', 'Floração', 'Fevereiro a março');
INSERT INTO CalendarioAcaoAgricola(variedade, nomeComum, DESIGNACAOTIPOACAOAGRICOLA, INTERVALOTEMPO) VALUES ('METLEY', 'Ameixoeira', 'Floração', 'Fevereiro a março');
INSERT INTO CalendarioAcaoAgricola(variedade, nomeComum, DESIGNACAOTIPOACAOAGRICOLA, INTERVALOTEMPO) VALUES ('MIRABELLE DE NANCY', 'Ameixoeira', 'Floração', 'Fevereiro a março');
INSERT INTO CalendarioAcaoAgricola(variedade, nomeComum, DESIGNACAOTIPOACAOAGRICOLA, INTERVALOTEMPO) VALUES ('QUEEN ROSE', 'Ameixoeira', 'Floração', 'Fevereiro a março');
INSERT INTO CalendarioAcaoAgricola(variedade, nomeComum, DESIGNACAOTIPOACAOAGRICOLA, INTERVALOTEMPO) VALUES ('RED BEAUT', 'Ameixoeira', 'Floração', 'Fevereiro a março');
INSERT INTO CalendarioAcaoAgricola(variedade, nomeComum, DESIGNACAOTIPOACAOAGRICOLA, INTERVALOTEMPO) VALUES ('SANTA ROSA', 'Ameixoeira', 'Floração', 'Fevereiro a março');
INSERT INTO CalendarioAcaoAgricola(variedade, nomeComum, DESIGNACAOTIPOACAOAGRICOLA, INTERVALOTEMPO) VALUES ('SHIRO', 'Ameixoeira', 'Floração', 'Fevereiro a março');
INSERT INTO CalendarioAcaoAgricola(variedade, nomeComum, DESIGNACAOTIPOACAOAGRICOLA, INTERVALOTEMPO) VALUES ('SUNGOLD', 'Ameixoeira', 'Floração', 'Fevereiro a março');
INSERT INTO CalendarioAcaoAgricola(variedade, nomeComum, DESIGNACAOTIPOACAOAGRICOLA, INTERVALOTEMPO) VALUES ('WILSON PERFECTION', 'Ameixoeira', 'Floração', 'Fevereiro a março');
INSERT INTO CalendarioAcaoAgricola(variedade, nomeComum, DESIGNACAOTIPOACAOAGRICOLA, INTERVALOTEMPO) VALUES ('AUTUMN GIANT', 'Ameixoeira', 'Floração', 'Fevereiro a março');
INSERT INTO CalendarioAcaoAgricola(variedade, nomeComum, DESIGNACAOTIPOACAOAGRICOLA, INTERVALOTEMPO) VALUES ('BULIDA', 'Damasqueiro', 'Floração', 'Fevereiro a março');
INSERT INTO CalendarioAcaoAgricola(variedade, nomeComum, DESIGNACAOTIPOACAOAGRICOLA, INTERVALOTEMPO) VALUES ('CANINO', 'Damasqueiro', 'Floração', 'Fevereiro a março');
INSERT INTO CalendarioAcaoAgricola(variedade, nomeComum, DESIGNACAOTIPOACAOAGRICOLA, INTERVALOTEMPO) VALUES ('LIABAUD', 'Damasqueiro', 'Floração', 'Fevereiro a março');
INSERT INTO CalendarioAcaoAgricola(variedade, nomeComum, DESIGNACAOTIPOACAOAGRICOLA, INTERVALOTEMPO) VALUES ('MAILLOT JAUNE', 'Damasqueiro', 'Floração', 'Fevereiro a março');
INSERT INTO CalendarioAcaoAgricola(variedade, nomeComum, DESIGNACAOTIPOACAOAGRICOLA, INTERVALOTEMPO) VALUES ('POLONAIS', 'Damasqueiro', 'Floração', 'Fevereiro a março');
INSERT INTO CalendarioAcaoAgricola(variedade, nomeComum, DESIGNACAOTIPOACAOAGRICOLA, INTERVALOTEMPO) VALUES ('AKANE', 'Macieira', 'Floração', 'Março a abril');
INSERT INTO CalendarioAcaoAgricola(variedade, nomeComum, DESIGNACAOTIPOACAOAGRICOLA, INTERVALOTEMPO) VALUES ('BELGOLDEN', 'Macieira', 'Floração', 'Março a abril');
INSERT INTO CalendarioAcaoAgricola(variedade, nomeComum, DESIGNACAOTIPOACAOAGRICOLA, INTERVALOTEMPO) VALUES ('BRAVO DE ESMOLFE', 'Macieira', 'Floração', 'Março a abril');
INSERT INTO CalendarioAcaoAgricola(variedade, nomeComum, DESIGNACAOTIPOACAOAGRICOLA, INTERVALOTEMPO) VALUES ('CASA NOVA DE ALCOBAÇA', 'Macieira', 'Floração', 'Março a abril');
INSERT INTO CalendarioAcaoAgricola(variedade, nomeComum, DESIGNACAOTIPOACAOAGRICOLA, INTERVALOTEMPO) VALUES ('EROVAN', 'Macieira', 'Floração', 'Março a abril');
INSERT INTO CalendarioAcaoAgricola(variedade, nomeComum, DESIGNACAOTIPOACAOAGRICOLA, INTERVALOTEMPO) VALUES ('FUJI', 'Macieira', 'Floração', 'Março a abril');
INSERT INTO CalendarioAcaoAgricola(variedade, nomeComum, DESIGNACAOTIPOACAOAGRICOLA, INTERVALOTEMPO) VALUES ('GRANNY SMITH', 'Macieira', 'Floração', 'Março a abril');
INSERT INTO CalendarioAcaoAgricola(variedade, nomeComum, DESIGNACAOTIPOACAOAGRICOLA, INTERVALOTEMPO) VALUES ('GOLDEN DELICIOUS', 'Macieira', 'Floração', 'Março a abril');
INSERT INTO CalendarioAcaoAgricola(variedade, nomeComum, DESIGNACAOTIPOACAOAGRICOLA, INTERVALOTEMPO) VALUES ('HI-EARLY', 'Macieira', 'Floração', 'Março a abril');
INSERT INTO CalendarioAcaoAgricola(variedade, nomeComum, DESIGNACAOTIPOACAOAGRICOLA, INTERVALOTEMPO) VALUES ('JONAGORED', 'Macieira', 'Floração', 'Março a abril');
INSERT INTO CalendarioAcaoAgricola(variedade, nomeComum, DESIGNACAOTIPOACAOAGRICOLA, INTERVALOTEMPO) VALUES ('LYSGOLDEN', 'Macieira', 'Floração', 'Março a abril');
INSERT INTO CalendarioAcaoAgricola(variedade, nomeComum, DESIGNACAOTIPOACAOAGRICOLA, INTERVALOTEMPO) VALUES ('MUTSU', 'Macieira', 'Floração', 'Março a abril');
INSERT INTO CalendarioAcaoAgricola(variedade, nomeComum, DESIGNACAOTIPOACAOAGRICOLA, INTERVALOTEMPO) VALUES ('PORTA DA LOJA', 'Macieira', 'Floração', 'Abril a maio');
INSERT INTO CalendarioAcaoAgricola(variedade, nomeComum, DESIGNACAOTIPOACAOAGRICOLA, INTERVALOTEMPO) VALUES ('CANADA', 'Macieira', 'Floração', 'Março a abril');
INSERT INTO CalendarioAcaoAgricola(variedade, nomeComum, DESIGNACAOTIPOACAOAGRICOLA, INTERVALOTEMPO) VALUES ('GRAND FAY', 'Macieira', 'Floração', 'Março a abril');
INSERT INTO CalendarioAcaoAgricola(variedade, nomeComum, DESIGNACAOTIPOACAOAGRICOLA, INTERVALOTEMPO) VALUES ('RISCADINHA DE PALMELA', 'Macieira', 'Floração', 'Março a abril');
INSERT INTO CalendarioAcaoAgricola(variedade, nomeComum, DESIGNACAOTIPOACAOAGRICOLA, INTERVALOTEMPO) VALUES ('ROYAL GALA', 'Macieira', 'Floração', 'Março a abril');
INSERT INTO CalendarioAcaoAgricola(variedade, nomeComum, DESIGNACAOTIPOACAOAGRICOLA, INTERVALOTEMPO) VALUES ('REDCHIEF', 'Macieira', 'Floração', 'Março a abril');
INSERT INTO CalendarioAcaoAgricola(variedade, nomeComum, DESIGNACAOTIPOACAOAGRICOLA, INTERVALOTEMPO) VALUES ('STARKING', 'Macieira', 'Floração', 'Março a abril');
INSERT INTO CalendarioAcaoAgricola(variedade, nomeComum, DESIGNACAOTIPOACAOAGRICOLA, INTERVALOTEMPO) VALUES ('SUMMER RED', 'Macieira', 'Floração', 'Março a abril');
INSERT INTO CalendarioAcaoAgricola(variedade, nomeComum, DESIGNACAOTIPOACAOAGRICOLA, INTERVALOTEMPO) VALUES ('WELLSPUR DELICIOUS', 'Macieira', 'Floração', 'Março a abril');
INSERT INTO CalendarioAcaoAgricola(variedade, nomeComum, DESIGNACAOTIPOACAOAGRICOLA, INTERVALOTEMPO) VALUES ('NOIVA', 'Macieira', 'Floração', 'Março a abril');
INSERT INTO CalendarioAcaoAgricola(variedade, nomeComum, DESIGNACAOTIPOACAOAGRICOLA, INTERVALOTEMPO) VALUES ('OLHO ABERTO', 'Macieira', 'Floração', 'Março a abril');
INSERT INTO CalendarioAcaoAgricola(variedade, nomeComum, DESIGNACAOTIPOACAOAGRICOLA, INTERVALOTEMPO) VALUES ('CAMOESA ROSA', 'Macieira', 'Floração', 'Março a abril');
INSERT INTO CalendarioAcaoAgricola(variedade, nomeComum, DESIGNACAOTIPOACAOAGRICOLA, INTERVALOTEMPO) VALUES ('MALÁPIO', 'Macieira', 'Floração', 'Março a abril');
INSERT INTO CalendarioAcaoAgricola(variedade, nomeComum, DESIGNACAOTIPOACAOAGRICOLA, INTERVALOTEMPO) VALUES ('GRONHO DOCE', 'Macieira', 'Floração', 'Março a abril');
INSERT INTO CalendarioAcaoAgricola(variedade, nomeComum, DESIGNACAOTIPOACAOAGRICOLA, INTERVALOTEMPO) VALUES ('PÉ DE BOI ', 'Macieira', 'Floração', 'Março a abril');
INSERT INTO CalendarioAcaoAgricola(variedade, nomeComum, DESIGNACAOTIPOACAOAGRICOLA, INTERVALOTEMPO) VALUES ('PINOVA', 'Macieira', 'Floração', 'Março a abril');
INSERT INTO CalendarioAcaoAgricola(variedade, nomeComum, DESIGNACAOTIPOACAOAGRICOLA, INTERVALOTEMPO) VALUES ('PARDO LINDO', 'Macieira', 'Floração', 'Março a abril');
INSERT INTO CalendarioAcaoAgricola(variedade, nomeComum, DESIGNACAOTIPOACAOAGRICOLA, INTERVALOTEMPO) VALUES ('PIPO DE BASTO', 'Macieira', 'Floração', 'Março a abril');
INSERT INTO CalendarioAcaoAgricola(variedade, nomeComum, DESIGNACAOTIPOACAOAGRICOLA, INTERVALOTEMPO) VALUES ('PRIMA', 'Macieira', 'Floração', 'Março a abril');
INSERT INTO CalendarioAcaoAgricola(variedade, nomeComum, DESIGNACAOTIPOACAOAGRICOLA, INTERVALOTEMPO) VALUES ('QUERINA', 'Macieira', 'Floração', 'Março a abril');
INSERT INTO CalendarioAcaoAgricola(variedade, nomeComum, DESIGNACAOTIPOACAOAGRICOLA, INTERVALOTEMPO) VALUES ('VISTA BELLA', 'Macieira', 'Floração', 'Março a abril');
INSERT INTO CalendarioAcaoAgricola(variedade, nomeComum, DESIGNACAOTIPOACAOAGRICOLA, INTERVALOTEMPO) VALUES ('GOLDEN SMOOTHEE', 'Macieira', 'Floração', 'Março a abril');
INSERT INTO CalendarioAcaoAgricola(variedade, nomeComum, DESIGNACAOTIPOACAOAGRICOLA, INTERVALOTEMPO) VALUES ('GOLDEN SUPREMA', 'Macieira', 'Floração', 'Março a abril');
INSERT INTO CalendarioAcaoAgricola(variedade, nomeComum, DESIGNACAOTIPOACAOAGRICOLA, INTERVALOTEMPO) VALUES ('GLOSTER 69', 'Macieira', 'Floração', 'Março a abril');
INSERT INTO CalendarioAcaoAgricola(variedade, nomeComum, DESIGNACAOTIPOACAOAGRICOLA, INTERVALOTEMPO) VALUES ('FREEDOM', 'Macieira', 'Floração', 'Março a abril');
INSERT INTO CalendarioAcaoAgricola(variedade, nomeComum, DESIGNACAOTIPOACAOAGRICOLA, INTERVALOTEMPO) VALUES ('DONA MARIA', 'Videira', 'Floração', 'Maio');
INSERT INTO CalendarioAcaoAgricola(variedade, nomeComum, DESIGNACAOTIPOACAOAGRICOLA, INTERVALOTEMPO) VALUES ('CARDINAL', 'Videira', 'Floração', 'Maio');
INSERT INTO CalendarioAcaoAgricola(variedade, nomeComum, DESIGNACAOTIPOACAOAGRICOLA, INTERVALOTEMPO) VALUES ('RAINHA CLAUDIA CARANGUEJEIRA', 'Ameixoeira', 'Colheita', 'Julho a agosto');
INSERT INTO CalendarioAcaoAgricola(variedade, nomeComum, DESIGNACAOTIPOACAOAGRICOLA, INTERVALOTEMPO) VALUES ('PRESIDENT', 'Ameixoeira', 'Colheita', 'Julho a agosto');
INSERT INTO CalendarioAcaoAgricola(variedade, nomeComum, DESIGNACAOTIPOACAOAGRICOLA, INTERVALOTEMPO) VALUES ('STANLEY', 'Ameixoeira', 'Colheita', 'Julho a agosto');
INSERT INTO CalendarioAcaoAgricola(variedade, nomeComum, DESIGNACAOTIPOACAOAGRICOLA, INTERVALOTEMPO) VALUES ('ANGELENO', 'Ameixoeira', 'Colheita', 'Julho a agosto');
INSERT INTO CalendarioAcaoAgricola(variedade, nomeComum, DESIGNACAOTIPOACAOAGRICOLA, INTERVALOTEMPO) VALUES ('BLACK BEAUTY', 'Ameixoeira', 'Colheita', 'Julho a agosto');
INSERT INTO CalendarioAcaoAgricola(variedade, nomeComum, DESIGNACAOTIPOACAOAGRICOLA, INTERVALOTEMPO) VALUES ('BLACK STAR', 'Ameixoeira', 'Colheita', 'Julho a agosto');
INSERT INTO CalendarioAcaoAgricola(variedade, nomeComum, DESIGNACAOTIPOACAOAGRICOLA, INTERVALOTEMPO) VALUES ('BLACK GOLD', 'Ameixoeira', 'Colheita', 'Julho a agosto');
INSERT INTO CalendarioAcaoAgricola(variedade, nomeComum, DESIGNACAOTIPOACAOAGRICOLA, INTERVALOTEMPO) VALUES ('BLACK DIAMOND', 'Ameixoeira', 'Colheita', 'Julho a agosto');
INSERT INTO CalendarioAcaoAgricola(variedade, nomeComum, DESIGNACAOTIPOACAOAGRICOLA, INTERVALOTEMPO) VALUES ('BLACK AMBER', 'Ameixoeira', 'Colheita', 'Julho a agosto');
INSERT INTO CalendarioAcaoAgricola(variedade, nomeComum, DESIGNACAOTIPOACAOAGRICOLA, INTERVALOTEMPO) VALUES ('BLACK SPLENDOR', 'Ameixoeira', 'Colheita', 'Julho a agosto');
INSERT INTO CalendarioAcaoAgricola(variedade, nomeComum, DESIGNACAOTIPOACAOAGRICOLA, INTERVALOTEMPO) VALUES ('FORTUNA', 'Ameixoeira', 'Colheita', 'Julho a agosto');
INSERT INTO CalendarioAcaoAgricola(variedade, nomeComum, DESIGNACAOTIPOACAOAGRICOLA, INTERVALOTEMPO) VALUES ('FRIAR', 'Ameixoeira', 'Colheita', 'Julho a agosto');
INSERT INTO CalendarioAcaoAgricola(variedade, nomeComum, DESIGNACAOTIPOACAOAGRICOLA, INTERVALOTEMPO) VALUES ('EL DORADO', 'Ameixoeira', 'Colheita', 'Julho a agosto');
INSERT INTO CalendarioAcaoAgricola(variedade, nomeComum, DESIGNACAOTIPOACAOAGRICOLA, INTERVALOTEMPO) VALUES ('ELEPHANT HEART', 'Ameixoeira', 'Colheita', 'Julho a agosto');
INSERT INTO CalendarioAcaoAgricola(variedade, nomeComum, DESIGNACAOTIPOACAOAGRICOLA, INTERVALOTEMPO) VALUES ('GOLDEN JAPAN', 'Ameixoeira', 'Colheita', 'Julho a agosto');
INSERT INTO CalendarioAcaoAgricola(variedade, nomeComum, DESIGNACAOTIPOACAOAGRICOLA, INTERVALOTEMPO) VALUES ('HARRY PITCHON', 'Ameixoeira', 'Colheita', 'Julho a agosto');
INSERT INTO CalendarioAcaoAgricola(variedade, nomeComum, DESIGNACAOTIPOACAOAGRICOLA, INTERVALOTEMPO) VALUES ('LAETITIA', 'Ameixoeira', 'Colheita', 'Julho a agosto');
INSERT INTO CalendarioAcaoAgricola(variedade, nomeComum, DESIGNACAOTIPOACAOAGRICOLA, INTERVALOTEMPO) VALUES ('METLEY', 'Ameixoeira', 'Colheita', 'Julho a agosto');
INSERT INTO CalendarioAcaoAgricola(variedade, nomeComum, DESIGNACAOTIPOACAOAGRICOLA, INTERVALOTEMPO) VALUES ('MIRABELLE DE NANCY', 'Ameixoeira', 'Colheita', 'Julho a agosto');
INSERT INTO CalendarioAcaoAgricola(variedade, nomeComum, DESIGNACAOTIPOACAOAGRICOLA, INTERVALOTEMPO) VALUES ('QUEEN ROSE', 'Ameixoeira', 'Colheita', 'Julho a agosto');
INSERT INTO CalendarioAcaoAgricola(variedade, nomeComum, DESIGNACAOTIPOACAOAGRICOLA, INTERVALOTEMPO) VALUES ('RED BEAUT', 'Ameixoeira', 'Colheita', 'Julho a agosto');
INSERT INTO CalendarioAcaoAgricola(variedade, nomeComum, DESIGNACAOTIPOACAOAGRICOLA, INTERVALOTEMPO) VALUES ('SANTA ROSA', 'Ameixoeira', 'Colheita', 'Julho a agosto');
INSERT INTO CalendarioAcaoAgricola(variedade, nomeComum, DESIGNACAOTIPOACAOAGRICOLA, INTERVALOTEMPO) VALUES ('SHIRO', 'Ameixoeira', 'Colheita', 'Julho a agosto');
INSERT INTO CalendarioAcaoAgricola(variedade, nomeComum, DESIGNACAOTIPOACAOAGRICOLA, INTERVALOTEMPO) VALUES ('SUNGOLD', 'Ameixoeira', 'Colheita', 'Julho a agosto');
INSERT INTO CalendarioAcaoAgricola(variedade, nomeComum, DESIGNACAOTIPOACAOAGRICOLA, INTERVALOTEMPO) VALUES ('WILSON PERFECTION', 'Ameixoeira', 'Colheita', 'Julho a agosto');
INSERT INTO CalendarioAcaoAgricola(variedade, nomeComum, DESIGNACAOTIPOACAOAGRICOLA, INTERVALOTEMPO) VALUES ('AUTUMN GIANT', 'Ameixoeira', 'Colheita', 'Julho a agosto');
INSERT INTO CalendarioAcaoAgricola(variedade, nomeComum, DESIGNACAOTIPOACAOAGRICOLA, INTERVALOTEMPO) VALUES ('BULIDA', 'Damasqueiro', 'Colheita', 'Julho a agosto');
INSERT INTO CalendarioAcaoAgricola(variedade, nomeComum, DESIGNACAOTIPOACAOAGRICOLA, INTERVALOTEMPO) VALUES ('CANINO', 'Damasqueiro', 'Colheita', 'Julho a agosto');
INSERT INTO CalendarioAcaoAgricola(variedade, nomeComum, DESIGNACAOTIPOACAOAGRICOLA, INTERVALOTEMPO) VALUES ('LIABAUD', 'Damasqueiro', 'Colheita', 'Julho a agosto');
INSERT INTO CalendarioAcaoAgricola(variedade, nomeComum, DESIGNACAOTIPOACAOAGRICOLA, INTERVALOTEMPO) VALUES ('MAILLOT JAUNE', 'Damasqueiro', 'Colheita', 'Julho a agosto');
INSERT INTO CalendarioAcaoAgricola(variedade, nomeComum, DESIGNACAOTIPOACAOAGRICOLA, INTERVALOTEMPO) VALUES ('POLONAIS', 'Damasqueiro', 'Colheita', 'Julho a agosto');
INSERT INTO CalendarioAcaoAgricola(variedade, nomeComum, DESIGNACAOTIPOACAOAGRICOLA, INTERVALOTEMPO) VALUES ('AKANE', 'Macieira', 'Colheita', 'Agosto a setembro');
INSERT INTO CalendarioAcaoAgricola(variedade, nomeComum, DESIGNACAOTIPOACAOAGRICOLA, INTERVALOTEMPO) VALUES ('BELGOLDEN', 'Macieira', 'Colheita', 'Agosto a setembro');
INSERT INTO CalendarioAcaoAgricola(variedade, nomeComum, DESIGNACAOTIPOACAOAGRICOLA, INTERVALOTEMPO) VALUES ('BRAVO DE ESMOLFE', 'Macieira', 'Colheita', 'Agosto a setembro');
INSERT INTO CalendarioAcaoAgricola(variedade, nomeComum, DESIGNACAOTIPOACAOAGRICOLA, INTERVALOTEMPO) VALUES ('CASA NOVA DE ALCOBAÇA', 'Macieira', 'Colheita', 'Agosto a setembro');
INSERT INTO CalendarioAcaoAgricola(variedade, nomeComum, DESIGNACAOTIPOACAOAGRICOLA, INTERVALOTEMPO) VALUES ('EROVAN', 'Macieira', 'Colheita', 'Agosto a setembro');
INSERT INTO CalendarioAcaoAgricola(variedade, nomeComum, DESIGNACAOTIPOACAOAGRICOLA, INTERVALOTEMPO) VALUES ('FUJI', 'Macieira', 'Colheita', 'Agosto a setembro');
INSERT INTO CalendarioAcaoAgricola(variedade, nomeComum, DESIGNACAOTIPOACAOAGRICOLA, INTERVALOTEMPO) VALUES ('GRANNY SMITH', 'Macieira', 'Colheita', 'Agosto a setembro');
INSERT INTO CalendarioAcaoAgricola(variedade, nomeComum, DESIGNACAOTIPOACAOAGRICOLA, INTERVALOTEMPO) VALUES ('GOLDEN DELICIOUS', 'Macieira', 'Colheita', 'Agosto a setembro');
INSERT INTO CalendarioAcaoAgricola(variedade, nomeComum, DESIGNACAOTIPOACAOAGRICOLA, INTERVALOTEMPO) VALUES ('HI-EARLY', 'Macieira', 'Colheita', 'Agosto a setembro');
INSERT INTO CalendarioAcaoAgricola(variedade, nomeComum, DESIGNACAOTIPOACAOAGRICOLA, INTERVALOTEMPO) VALUES ('JONAGORED', 'Macieira', 'Colheita', 'Agosto a setembro');
INSERT INTO CalendarioAcaoAgricola(variedade, nomeComum, DESIGNACAOTIPOACAOAGRICOLA, INTERVALOTEMPO) VALUES ('LYSGOLDEN', 'Macieira', 'Colheita', 'Agosto a setembro');
INSERT INTO CalendarioAcaoAgricola(variedade, nomeComum, DESIGNACAOTIPOACAOAGRICOLA, INTERVALOTEMPO) VALUES ('MUTSU', 'Macieira', 'Colheita', 'Agosto a setembro');
INSERT INTO CalendarioAcaoAgricola(variedade, nomeComum, DESIGNACAOTIPOACAOAGRICOLA, INTERVALOTEMPO) VALUES ('PORTA DA LOJA', 'Macieira', 'Colheita', 'Novembro a dezembro');
INSERT INTO CalendarioAcaoAgricola(variedade, nomeComum, DESIGNACAOTIPOACAOAGRICOLA, INTERVALOTEMPO) VALUES ('CANADA', 'Macieira', 'Colheita', 'Agosto a setembro');
INSERT INTO CalendarioAcaoAgricola(variedade, nomeComum, DESIGNACAOTIPOACAOAGRICOLA, INTERVALOTEMPO) VALUES ('GRAND FAY', 'Macieira', 'Colheita', 'Agosto a setembro');
INSERT INTO CalendarioAcaoAgricola(variedade, nomeComum, DESIGNACAOTIPOACAOAGRICOLA, INTERVALOTEMPO) VALUES ('RISCADINHA DE PALMELA', 'Macieira', 'Colheita', 'Agosto a setembro');
INSERT INTO CalendarioAcaoAgricola(variedade, nomeComum, DESIGNACAOTIPOACAOAGRICOLA, INTERVALOTEMPO) VALUES ('ROYAL GALA', 'Macieira', 'Colheita', 'Agosto a setembro');
INSERT INTO CalendarioAcaoAgricola(variedade, nomeComum, DESIGNACAOTIPOACAOAGRICOLA, INTERVALOTEMPO) VALUES ('REDCHIEF', 'Macieira', 'Colheita', 'Agosto a setembro');
INSERT INTO CalendarioAcaoAgricola(variedade, nomeComum, DESIGNACAOTIPOACAOAGRICOLA, INTERVALOTEMPO) VALUES ('STARKING', 'Macieira', 'Colheita', 'Agosto a setembro');
INSERT INTO CalendarioAcaoAgricola(variedade, nomeComum, DESIGNACAOTIPOACAOAGRICOLA, INTERVALOTEMPO) VALUES ('SUMMER RED', 'Macieira', 'Colheita', 'Agosto a setembro');
INSERT INTO CalendarioAcaoAgricola(variedade, nomeComum, DESIGNACAOTIPOACAOAGRICOLA, INTERVALOTEMPO) VALUES ('WELLSPUR DELICIOUS', 'Macieira', 'Colheita', 'Agosto a setembro');
INSERT INTO CalendarioAcaoAgricola(variedade, nomeComum, DESIGNACAOTIPOACAOAGRICOLA, INTERVALOTEMPO) VALUES ('NOIVA', 'Macieira', 'Colheita', 'Agosto a setembro');
INSERT INTO CalendarioAcaoAgricola(variedade, nomeComum, DESIGNACAOTIPOACAOAGRICOLA, INTERVALOTEMPO) VALUES ('OLHO ABERTO', 'Macieira', 'Colheita', 'Agosto a setembro');
INSERT INTO CalendarioAcaoAgricola(variedade, nomeComum, DESIGNACAOTIPOACAOAGRICOLA, INTERVALOTEMPO) VALUES ('CAMOESA ROSA', 'Macieira', 'Colheita', 'Agosto a setembro');
INSERT INTO CalendarioAcaoAgricola(variedade, nomeComum, DESIGNACAOTIPOACAOAGRICOLA, INTERVALOTEMPO) VALUES ('MALÁPIO', 'Macieira', 'Colheita', 'Agosto a setembro');
INSERT INTO CalendarioAcaoAgricola(variedade, nomeComum, DESIGNACAOTIPOACAOAGRICOLA, INTERVALOTEMPO) VALUES ('GRONHO DOCE', 'Macieira', 'Colheita', 'Agosto a setembro');
INSERT INTO CalendarioAcaoAgricola(variedade, nomeComum, DESIGNACAOTIPOACAOAGRICOLA, INTERVALOTEMPO) VALUES ('PÉ DE BOI ', 'Macieira', 'Colheita', 'Agosto a setembro');
INSERT INTO CalendarioAcaoAgricola(variedade, nomeComum, DESIGNACAOTIPOACAOAGRICOLA, INTERVALOTEMPO) VALUES ('PINOVA', 'Macieira', 'Colheita', 'Agosto a setembro');
INSERT INTO CalendarioAcaoAgricola(variedade, nomeComum, DESIGNACAOTIPOACAOAGRICOLA, INTERVALOTEMPO) VALUES ('PARDO LINDO', 'Macieira', 'Colheita', 'Agosto a setembro');
INSERT INTO CalendarioAcaoAgricola(variedade, nomeComum, DESIGNACAOTIPOACAOAGRICOLA, INTERVALOTEMPO) VALUES ('PIPO DE BASTO', 'Macieira', 'Colheita', 'Agosto a setembro');
INSERT INTO CalendarioAcaoAgricola(variedade, nomeComum, DESIGNACAOTIPOACAOAGRICOLA, INTERVALOTEMPO) VALUES ('PRIMA', 'Macieira', 'Colheita', 'Agosto a setembro');
INSERT INTO CalendarioAcaoAgricola(variedade, nomeComum, DESIGNACAOTIPOACAOAGRICOLA, INTERVALOTEMPO) VALUES ('QUERINA', 'Macieira', 'Colheita', 'Agosto a setembro');
INSERT INTO CalendarioAcaoAgricola(variedade, nomeComum, DESIGNACAOTIPOACAOAGRICOLA, INTERVALOTEMPO) VALUES ('VISTA BELLA', 'Macieira', 'Colheita', 'Agosto a setembro');
INSERT INTO CalendarioAcaoAgricola(variedade, nomeComum, DESIGNACAOTIPOACAOAGRICOLA, INTERVALOTEMPO) VALUES ('GOLDEN SMOOTHEE', 'Macieira', 'Colheita', 'Agosto a setembro');
INSERT INTO CalendarioAcaoAgricola(variedade, nomeComum, DESIGNACAOTIPOACAOAGRICOLA, INTERVALOTEMPO) VALUES ('GOLDEN SUPREMA', 'Macieira', 'Colheita', 'Agosto a setembro');
INSERT INTO CalendarioAcaoAgricola(variedade, nomeComum, DESIGNACAOTIPOACAOAGRICOLA, INTERVALOTEMPO) VALUES ('GLOSTER 69', 'Macieira', 'Colheita', 'Agosto a setembro');
INSERT INTO CalendarioAcaoAgricola(variedade, nomeComum, DESIGNACAOTIPOACAOAGRICOLA, INTERVALOTEMPO) VALUES ('FREEDOM', 'Macieira', 'Colheita', 'Agosto a setembro');
INSERT INTO CalendarioAcaoAgricola(variedade, nomeComum, DESIGNACAOTIPOACAOAGRICOLA, INTERVALOTEMPO) VALUES ('CARSON HYBRID', 'Cenoura', 'Colheita', '80 dias');
INSERT INTO CalendarioAcaoAgricola(variedade, nomeComum, DESIGNACAOTIPOACAOAGRICOLA, INTERVALOTEMPO) VALUES ('RED CORED CHANTENAY', 'Cenoura', 'Colheita', '80 dias');
INSERT INTO CalendarioAcaoAgricola(variedade, nomeComum, DESIGNACAOTIPOACAOAGRICOLA, INTERVALOTEMPO) VALUES ('DANVERS HALF LONG', 'Cenoura', 'Colheita', '80 dias');
INSERT INTO CalendarioAcaoAgricola(variedade, nomeComum, DESIGNACAOTIPOACAOAGRICOLA, INTERVALOTEMPO) VALUES ('IMPERATOR 58', 'Cenoura', 'Colheita', '80 dias');
INSERT INTO CalendarioAcaoAgricola(variedade, nomeComum, DESIGNACAOTIPOACAOAGRICOLA, INTERVALOTEMPO) VALUES ('SUGARSNAX HYBRID', 'Cenoura', 'Colheita', '80 dias');
INSERT INTO CalendarioAcaoAgricola(variedade, nomeComum, DESIGNACAOTIPOACAOAGRICOLA, INTERVALOTEMPO) VALUES ('NELSON HYBRID', 'Cenoura', 'Colheita', '80 dias');
INSERT INTO CalendarioAcaoAgricola(variedade, nomeComum, DESIGNACAOTIPOACAOAGRICOLA, INTERVALOTEMPO) VALUES ('SCARLET NANTES', 'Cenoura', 'Colheita', '80 dias');
INSERT INTO CalendarioAcaoAgricola(variedade, nomeComum, DESIGNACAOTIPOACAOAGRICOLA, INTERVALOTEMPO) VALUES ('MAS 24.C', 'Milho', 'Colheita', 'Julho a setembro');
INSERT INTO CalendarioAcaoAgricola(variedade, nomeComum, DESIGNACAOTIPOACAOAGRICOLA, INTERVALOTEMPO) VALUES ('DOCE GOLDEN BANTAM', 'Milho', 'Colheita', 'Julho a setembro');
INSERT INTO CalendarioAcaoAgricola(variedade, nomeComum, DESIGNACAOTIPOACAOAGRICOLA, INTERVALOTEMPO) VALUES ('SENHORA CONCEIÇÃO', 'Nabo greleiro', 'Colheita', 'Junho a fevereiro');
INSERT INTO CalendarioAcaoAgricola(variedade, nomeComum, DESIGNACAOTIPOACAOAGRICOLA, INTERVALOTEMPO) VALUES ('COBRANÇOSA', 'Oliveira', 'Colheita', 'Outubro a novembro');
INSERT INTO CalendarioAcaoAgricola(variedade, nomeComum, DESIGNACAOTIPOACAOAGRICOLA, INTERVALOTEMPO) VALUES ('ARBEQUINA', 'Oliveira', 'Colheita', 'Outubro a novembro');
INSERT INTO CalendarioAcaoAgricola(variedade, nomeComum, DESIGNACAOTIPOACAOAGRICOLA, INTERVALOTEMPO) VALUES ('HOJIBLANCA', 'Oliveira', 'Colheita', 'Outubro a novembro');
INSERT INTO CalendarioAcaoAgricola(variedade, nomeComum, DESIGNACAOTIPOACAOAGRICOLA, INTERVALOTEMPO) VALUES ('NEGRINHA DO FREIXO', 'Oliveira', 'Colheita', 'Outubro a novembro');
INSERT INTO CalendarioAcaoAgricola(variedade, nomeComum, DESIGNACAOTIPOACAOAGRICOLA, INTERVALOTEMPO) VALUES ('PICUAL', 'Oliveira', 'Colheita', 'Outubro a novembro');
INSERT INTO CalendarioAcaoAgricola(variedade, nomeComum, DESIGNACAOTIPOACAOAGRICOLA, INTERVALOTEMPO) VALUES ('MAÇANILHA', 'Oliveira', 'Colheita', 'Outubro a novembro');
INSERT INTO CalendarioAcaoAgricola(variedade, nomeComum, DESIGNACAOTIPOACAOAGRICOLA, INTERVALOTEMPO) VALUES ('CONSERVA DE ELVAS', 'Oliveira', 'Colheita', 'Outubro a novembro');
INSERT INTO CalendarioAcaoAgricola(variedade, nomeComum, DESIGNACAOTIPOACAOAGRICOLA, INTERVALOTEMPO) VALUES ('GALEGA', 'Oliveira', 'Colheita', 'Outubro a novembro');
INSERT INTO CalendarioAcaoAgricola(variedade, nomeComum, DESIGNACAOTIPOACAOAGRICOLA, INTERVALOTEMPO) VALUES ('S. COSME', 'Nabo', 'Colheita', '90 dias');
INSERT INTO CalendarioAcaoAgricola(variedade, nomeComum, DESIGNACAOTIPOACAOAGRICOLA, INTERVALOTEMPO) VALUES ('DONA MARIA', 'Videira', 'Colheita', 'Junho a agosto');
INSERT INTO CalendarioAcaoAgricola(variedade, nomeComum, DESIGNACAOTIPOACAOAGRICOLA, INTERVALOTEMPO) VALUES ('CARDINAL', 'Videira', 'Colheita', 'Junho a agosto');
INSERT INTO CalendarioAcaoAgricola(variedade, nomeComum, DESIGNACAOTIPOACAOAGRICOLA, INTERVALOTEMPO) VALUES ('BUTTERNUT', 'Abóbora Manteiga', 'Sementeira/Plantação', 'Primavera');
INSERT INTO CalendarioAcaoAgricola(variedade, nomeComum, DESIGNACAOTIPOACAOAGRICOLA, INTERVALOTEMPO) VALUES ('BUTTERNUT', 'Abóbora Manteiga', 'Colheita', 'Final Verão ou Outono');

--WORKS
INSERT INTO Rega (idOperacao, designacaoSetor, duracao) VALUES (266,21, 120);
INSERT INTO Rega (idOperacao, designacaoSetor, duracao) VALUES (267,21, 120);
INSERT INTO Rega (idOperacao, designacaoSetor, duracao) VALUES (268,21, 120);
INSERT INTO Rega (idOperacao, designacaoSetor, duracao) VALUES (269,21, 120);
INSERT INTO Rega (idOperacao, designacaoSetor, duracao) VALUES (270,21, 180);
INSERT INTO Rega (idOperacao, designacaoSetor, duracao) VALUES (271,21, 180);
INSERT INTO Rega (idOperacao, designacaoSetor, duracao) VALUES (272,21, 180);
INSERT INTO Rega (idOperacao, designacaoSetor, duracao) VALUES (273,21, 180);
INSERT INTO Rega (idOperacao, designacaoSetor, duracao) VALUES (274,21, 150);
INSERT INTO Rega (idOperacao, designacaoSetor, duracao) VALUES (275,21, 150);
INSERT INTO Rega (idOperacao, designacaoSetor, duracao) VALUES (276,21, 150);
INSERT INTO Rega (idOperacao, designacaoSetor, duracao) VALUES (277,21, 120);
INSERT INTO Rega (idOperacao, designacaoSetor, duracao) VALUES (278,21, 120);
INSERT INTO Rega (idOperacao, designacaoSetor, duracao) VALUES (279,21, 120);
INSERT INTO Rega (idOperacao, designacaoSetor, duracao) VALUES (280,22, 120);
INSERT INTO Rega (idOperacao, designacaoSetor, duracao) VALUES (281,22, 120);
INSERT INTO Rega (idOperacao, designacaoSetor, duracao) VALUES (282,22, 120);
INSERT INTO Rega (idOperacao, designacaoSetor, duracao) VALUES (283,22, 120);
INSERT INTO Rega (idOperacao, designacaoSetor, duracao) VALUES (284,22, 180);
INSERT INTO Rega (idOperacao, designacaoSetor, duracao) VALUES (285,22, 180);
INSERT INTO Rega (idOperacao, designacaoSetor, duracao) VALUES (286,22, 180);
INSERT INTO Rega (idOperacao, designacaoSetor, duracao) VALUES (287,22, 180);
INSERT INTO Rega (idOperacao, designacaoSetor, duracao) VALUES (288,22, 150);
INSERT INTO Rega (idOperacao, designacaoSetor, duracao) VALUES (289,22, 150);
INSERT INTO Rega (idOperacao, designacaoSetor, duracao) VALUES (290,22, 150);
INSERT INTO Rega (idOperacao, designacaoSetor, duracao) VALUES (291,22, 120);
INSERT INTO Rega (idOperacao, designacaoSetor, duracao) VALUES (292,22, 120);
INSERT INTO Rega (idOperacao, designacaoSetor, duracao) VALUES (293,22, 120);
INSERT INTO Rega (idOperacao, designacaoSetor, duracao) VALUES (294,22, 120);
INSERT INTO Rega (idOperacao, designacaoSetor, duracao) VALUES (295,10, 60);
INSERT INTO Rega (idOperacao, designacaoSetor, duracao) VALUES (296,10, 120);
INSERT INTO Rega (idOperacao, designacaoSetor, duracao) VALUES (297,10, 180);
INSERT INTO Rega (idOperacao, designacaoSetor, duracao) VALUES (298,10, 120);
INSERT INTO Rega (idOperacao, designacaoSetor, duracao) VALUES (299,10, 60);
INSERT INTO Rega (idOperacao, designacaoSetor, duracao) VALUES (300,42, 60);
INSERT INTO Rega (idOperacao, designacaoSetor, duracao) VALUES (301,42, 60);
INSERT INTO Rega (idOperacao, designacaoSetor, duracao) VALUES (302,42, 120);
INSERT INTO Rega (idOperacao, designacaoSetor, duracao) VALUES (303,42, 120);
INSERT INTO Rega (idOperacao, designacaoSetor, duracao) VALUES (304,42, 120);
INSERT INTO Rega (idOperacao, designacaoSetor, duracao) VALUES (305,42, 150);
INSERT INTO Rega (idOperacao, designacaoSetor, duracao) VALUES (306,42, 150);
INSERT INTO Rega (idOperacao, designacaoSetor, duracao) VALUES (307,42, 120);
INSERT INTO Rega (idOperacao, designacaoSetor, duracao) VALUES (308,42, 120);
INSERT INTO Rega (idOperacao, designacaoSetor, duracao) VALUES (309,42, 120);
INSERT INTO Rega (idOperacao, designacaoSetor, duracao) VALUES (310,42, 120);
INSERT INTO Rega (idOperacao, designacaoSetor, duracao) VALUES (311,42, 120);
INSERT INTO Rega (idOperacao, designacaoSetor, duracao) VALUES (312,42, 120);
INSERT INTO Rega (idOperacao, designacaoSetor, duracao) VALUES (313,41, 120);
INSERT INTO Rega (idOperacao, designacaoSetor, duracao) VALUES (314,41, 120);
INSERT INTO Rega (idOperacao, designacaoSetor, duracao) VALUES (315,41, 120);
INSERT INTO Rega (idOperacao, designacaoSetor, duracao) VALUES (316,41, 120);
INSERT INTO Rega (idOperacao, designacaoSetor, duracao) VALUES (317,41, 120);
INSERT INTO Rega (idOperacao, designacaoSetor, duracao) VALUES (318,41, 120);
INSERT INTO Rega (idOperacao, designacaoSetor, duracao) VALUES (319,41, 120);
INSERT INTO Rega (idOperacao, designacaoSetor, duracao) VALUES (320,41, 120);
INSERT INTO Rega (idOperacao, designacaoSetor, duracao) VALUES (321,41, 120);
INSERT INTO Rega (idOperacao, designacaoSetor, duracao) VALUES (322,41, 120);
INSERT INTO Rega (idOperacao, designacaoSetor, duracao) VALUES (323,41, 120);
INSERT INTO Rega (idOperacao, designacaoSetor, duracao) VALUES (324,41, 120);
INSERT INTO Rega (idOperacao, designacaoSetor, duracao) VALUES (325,41, 120);
INSERT INTO Rega (idOperacao, designacaoSetor, duracao) VALUES (326,41, 120);
INSERT INTO Rega (idOperacao, designacaoSetor, duracao) VALUES (458,10, 60);
INSERT INTO Rega (idOperacao, designacaoSetor, duracao) VALUES (459,10, 120);
INSERT INTO Rega (idOperacao, designacaoSetor, duracao) VALUES (460,10, 180);
INSERT INTO Rega (idOperacao, designacaoSetor, duracao) VALUES (461,22, 120);
INSERT INTO Rega (idOperacao, designacaoSetor, duracao) VALUES (462,22, 180);
INSERT INTO Rega (idOperacao, designacaoSetor, duracao) VALUES (463,22, 150);
INSERT INTO Rega (idOperacao, designacaoSetor, duracao) VALUES (464,22, 120);
INSERT INTO Rega (idOperacao, designacaoSetor, duracao) VALUES (465,42, 120);
INSERT INTO Rega (idOperacao, designacaoSetor, duracao) VALUES (466,42, 120);
INSERT INTO Rega (idOperacao, designacaoSetor, duracao) VALUES (467,42, 150);
INSERT INTO Rega (idOperacao, designacaoSetor, duracao) VALUES (468,42, 120);
INSERT INTO Rega (idOperacao, designacaoSetor, duracao) VALUES (469,41, 120);
INSERT INTO Rega (idOperacao, designacaoSetor, duracao) VALUES (470,41, 120);
INSERT INTO Rega (idOperacao, designacaoSetor, duracao) VALUES (405,21,120);
INSERT INTO Rega (idOperacao, designacaoSetor, duracao) VALUES (406,21,120);
INSERT INTO Rega (idOperacao, designacaoSetor, duracao) VALUES (407,21,120);
INSERT INTO Rega (idOperacao, designacaoSetor, duracao) VALUES (408,21,120);
INSERT INTO Rega (idOperacao, designacaoSetor, duracao) VALUES (409,21,180);
INSERT INTO Rega (idOperacao, designacaoSetor, duracao) VALUES (410,21,180);
INSERT INTO Rega (idOperacao, designacaoSetor, duracao) VALUES (411,21,180);
INSERT INTO Rega (idOperacao, designacaoSetor, duracao) VALUES (412,21,180);
INSERT INTO Rega (idOperacao, designacaoSetor, duracao) VALUES (413,21,150);
INSERT INTO Rega (idOperacao, designacaoSetor, duracao) VALUES (414,21,150);
INSERT INTO Rega (idOperacao, designacaoSetor, duracao) VALUES (415,21,150);
INSERT INTO Rega (idOperacao, designacaoSetor, duracao) VALUES (416,21,120);
INSERT INTO Rega (idOperacao, designacaoSetor, duracao) VALUES (417,21,120);
INSERT INTO Rega (idOperacao, designacaoSetor, duracao) VALUES (418,21,120);
INSERT INTO Rega (idOperacao, designacaoSetor, duracao) VALUES (419,21,120);
INSERT INTO Rega (idOperacao, designacaoSetor, duracao) VALUES (420,10,30);
INSERT INTO Rega (idOperacao, designacaoSetor, duracao) VALUES (421,10,30);
INSERT INTO Rega (idOperacao, designacaoSetor, duracao) VALUES (422,10,60);
INSERT INTO Rega (idOperacao, designacaoSetor, duracao) VALUES (423,10,120);
INSERT INTO Rega (idOperacao, designacaoSetor, duracao) VALUES (424,10,30);
INSERT INTO Rega (idOperacao, designacaoSetor, duracao) VALUES (425,10,60);
INSERT INTO Rega (idOperacao, designacaoSetor, duracao) VALUES (426,22,120);
INSERT INTO Rega (idOperacao, designacaoSetor, duracao) VALUES (427,22,120);
INSERT INTO Rega (idOperacao, designacaoSetor, duracao) VALUES (428,22,120);
INSERT INTO Rega (idOperacao, designacaoSetor, duracao) VALUES (429,22,180);
INSERT INTO Rega (idOperacao, designacaoSetor, duracao) VALUES (430,22,180);
INSERT INTO Rega (idOperacao, designacaoSetor, duracao) VALUES (431,22,180);
INSERT INTO Rega (idOperacao, designacaoSetor, duracao) VALUES (432,22,150);
INSERT INTO Rega (idOperacao, designacaoSetor, duracao) VALUES (433,22,150);
INSERT INTO Rega (idOperacao, designacaoSetor, duracao) VALUES (434,22,120);
INSERT INTO Rega (idOperacao, designacaoSetor, duracao) VALUES (435,22,120);
INSERT INTO Rega (idOperacao, designacaoSetor, duracao) VALUES (436,22,120);
INSERT INTO Rega (idOperacao, designacaoSetor, duracao) VALUES (437,42,60);
INSERT INTO Rega (idOperacao, designacaoSetor, duracao) VALUES (438,42,60);
INSERT INTO Rega (idOperacao, designacaoSetor, duracao) VALUES (439,42,120);
INSERT INTO Rega (idOperacao, designacaoSetor, duracao) VALUES (440,42,150);
INSERT INTO Rega (idOperacao, designacaoSetor, duracao) VALUES (441,42,120);
INSERT INTO Rega (idOperacao, designacaoSetor, duracao) VALUES (442,42,120);
INSERT INTO Rega (idOperacao, designacaoSetor, duracao) VALUES (443,42,120);
INSERT INTO Rega (idOperacao, designacaoSetor, duracao) VALUES (444,42,120);
INSERT INTO Rega (idOperacao, designacaoSetor, duracao) VALUES (445,42,120);
INSERT INTO Rega (idOperacao, designacaoSetor, duracao) VALUES (446,41,120);
INSERT INTO Rega (idOperacao, designacaoSetor, duracao) VALUES (447,41,120);
INSERT INTO Rega (idOperacao, designacaoSetor, duracao) VALUES (448,41,120);
INSERT INTO Rega (idOperacao, designacaoSetor, duracao) VALUES (449,41,120);
INSERT INTO Rega (idOperacao, designacaoSetor, duracao) VALUES (450,41,120);
INSERT INTO Rega (idOperacao, designacaoSetor, duracao) VALUES (451,41,120);
INSERT INTO Rega (idOperacao, designacaoSetor, duracao) VALUES (452,41,120);
INSERT INTO Rega (idOperacao, designacaoSetor, duracao) VALUES (453,41,120);
INSERT INTO Rega (idOperacao, designacaoSetor, duracao) VALUES (454,41,120);
INSERT INTO Rega (idOperacao, designacaoSetor, duracao) VALUES (455,41,120);
INSERT INTO Rega (idOperacao, designacaoSetor, duracao) VALUES (456,41,120);
INSERT INTO Rega (idOperacao, designacaoSetor, duracao) VALUES (457,41,120);

--TO BE TESTED
INSERT INTO ProdutoColhido (idOperacao, nomeProduto, designacaoUnidade, quantidade) VALUES (91,'Cenoura','kg', 2200);
INSERT INTO ProdutoColhido (idOperacao, nomeProduto, designacaoUnidade, quantidade) VALUES (92,'Cenoura','kg', 1400);
INSERT INTO ProdutoColhido (idOperacao, nomeProduto, designacaoUnidade, quantidade) VALUES (107,'Milho','kg', 330);
INSERT INTO ProdutoColhido (idOperacao, nomeProduto, designacaoUnidade, quantidade) VALUES (108,'Cenoura','kg', 600);
INSERT INTO ProdutoColhido (idOperacao, nomeProduto, designacaoUnidade, quantidade) VALUES (109,'Cenoura','kg', 1800);
INSERT INTO ProdutoColhido (idOperacao, nomeProduto, designacaoUnidade, quantidade) VALUES (115,'Maçã','kg', 600);
INSERT INTO ProdutoColhido (idOperacao, nomeProduto, designacaoUnidade, quantidade) VALUES (124,'Maçã','kg', 2500);
INSERT INTO ProdutoColhido (idOperacao, nomeProduto, designacaoUnidade, quantidade) VALUES (126,'Maçã','kg', 2900);
INSERT INTO ProdutoColhido (idOperacao, nomeProduto, designacaoUnidade, quantidade) VALUES (138,'Cenoura','kg', 2200);
INSERT INTO ProdutoColhido (idOperacao, nomeProduto, designacaoUnidade, quantidade) VALUES (139,'Cenoura','kg', 1400);
INSERT INTO ProdutoColhido (idOperacao, nomeProduto, designacaoUnidade, quantidade) VALUES (152,'Uvas','kg', 300);
INSERT INTO ProdutoColhido (idOperacao, nomeProduto, designacaoUnidade, quantidade) VALUES (153,'Uvas','kg', 400);
INSERT INTO ProdutoColhido (idOperacao, nomeProduto, designacaoUnidade, quantidade) VALUES (163,'Cenoura','kg', 3300);
INSERT INTO ProdutoColhido (idOperacao, nomeProduto, designacaoUnidade, quantidade) VALUES (165,'Maçã','kg', 899);
INSERT INTO ProdutoColhido (idOperacao, nomeProduto, designacaoUnidade, quantidade) VALUES (166,'Maçã','kg', 900);
INSERT INTO ProdutoColhido (idOperacao, nomeProduto, designacaoUnidade, quantidade) VALUES (167,'Milho','kg', 3300);
INSERT INTO ProdutoColhido (idOperacao, nomeProduto, designacaoUnidade, quantidade) VALUES (168,'Cenoura','kg', 600);
INSERT INTO ProdutoColhido (idOperacao, nomeProduto, designacaoUnidade, quantidade) VALUES (169,'Maçã','kg', 800);
INSERT INTO ProdutoColhido (idOperacao, nomeProduto, designacaoUnidade, quantidade) VALUES (170,'Maçã','kg', 800);
INSERT INTO ProdutoColhido (idOperacao, nomeProduto, designacaoUnidade, quantidade) VALUES (171,'Cenoura','kg', 1800);
INSERT INTO ProdutoColhido (idOperacao, nomeProduto, designacaoUnidade, quantidade) VALUES (172,'Maçã','kg', 800);
INSERT INTO ProdutoColhido (idOperacao, nomeProduto, designacaoUnidade, quantidade) VALUES (174,'Maçã','kg', 1200);
INSERT INTO ProdutoColhido (idOperacao, nomeProduto, designacaoUnidade, quantidade) VALUES (177,'Maçã','kg', 950);
INSERT INTO ProdutoColhido (idOperacao, nomeProduto, designacaoUnidade, quantidade) VALUES (178,'Maçã','kg', 750);
INSERT INTO ProdutoColhido (idOperacao, nomeProduto, designacaoUnidade, quantidade) VALUES (179,'Azeitona','kg', 210);
INSERT INTO ProdutoColhido (idOperacao, nomeProduto, designacaoUnidade, quantidade) VALUES (180,'Azeitona','kg', 120);
INSERT INTO ProdutoColhido (idOperacao, nomeProduto, designacaoUnidade, quantidade) VALUES (181,'Maçã','kg', 600);
INSERT INTO ProdutoColhido (idOperacao, nomeProduto, designacaoUnidade, quantidade) VALUES (189,'Maçã','kg', 2500);
INSERT INTO ProdutoColhido (idOperacao, nomeProduto, designacaoUnidade, quantidade) VALUES (191,'Maçã','kg', 2900);
INSERT INTO ProdutoColhido (idOperacao, nomeProduto, designacaoUnidade, quantidade) VALUES (199,'Cenoura','kg', 2250);
INSERT INTO ProdutoColhido (idOperacao, nomeProduto, designacaoUnidade, quantidade) VALUES (204,'Cenoura','kg', 1300);
INSERT INTO ProdutoColhido (idOperacao, nomeProduto, designacaoUnidade, quantidade) VALUES (220,'Uvas','kg', 600);
INSERT INTO ProdutoColhido (idOperacao, nomeProduto, designacaoUnidade, quantidade) VALUES (221,'Uvas','kg', 500);
INSERT INTO ProdutoColhido (idOperacao, nomeProduto, designacaoUnidade, quantidade) VALUES (231,'Uvas','kg', 1200);
INSERT INTO ProdutoColhido (idOperacao, nomeProduto, designacaoUnidade, quantidade) VALUES (232,'Uvas','kg', 600);
INSERT INTO ProdutoColhido (idOperacao, nomeProduto, designacaoUnidade, quantidade) VALUES (233,'Cenoura','kg', 3500);
INSERT INTO ProdutoColhido (idOperacao, nomeProduto, designacaoUnidade, quantidade) VALUES (235,'Milho','kg', 3300);
INSERT INTO ProdutoColhido (idOperacao, nomeProduto, designacaoUnidade, quantidade) VALUES (236,'Maçã','kg', 950);
INSERT INTO ProdutoColhido (idOperacao, nomeProduto, designacaoUnidade, quantidade) VALUES (237,'Maçã','kg', 950);
INSERT INTO ProdutoColhido (idOperacao, nomeProduto, designacaoUnidade, quantidade) VALUES (238,'Cenoura','kg', 650);
INSERT INTO ProdutoColhido (idOperacao, nomeProduto, designacaoUnidade, quantidade) VALUES (239,'Cenoura','kg', 1900);
INSERT INTO ProdutoColhido (idOperacao, nomeProduto, designacaoUnidade, quantidade) VALUES (240,'Maçã','kg', 830);
INSERT INTO ProdutoColhido (idOperacao, nomeProduto, designacaoUnidade, quantidade) VALUES (241,'Maçã','kg', 830);
INSERT INTO ProdutoColhido (idOperacao, nomeProduto, designacaoUnidade, quantidade) VALUES (242,'Maçã','kg', 750);
INSERT INTO ProdutoColhido (idOperacao, nomeProduto, designacaoUnidade, quantidade) VALUES (243,'Maçã','kg', 1150);
INSERT INTO ProdutoColhido (idOperacao, nomeProduto, designacaoUnidade, quantidade) VALUES (246,'Maçã','kg', 850);
INSERT INTO ProdutoColhido (idOperacao, nomeProduto, designacaoUnidade, quantidade) VALUES (247,'Maçã','kg', 900);
INSERT INTO ProdutoColhido (idOperacao, nomeProduto, designacaoUnidade, quantidade) VALUES (250,'Azeitona','kg', 300);
INSERT INTO ProdutoColhido (idOperacao, nomeProduto, designacaoUnidade, quantidade) VALUES (251,'Azeitona','kg', 200);
INSERT INTO ProdutoColhido (idOperacao, nomeProduto, designacaoUnidade, quantidade) VALUES (252,'Nabo','kg', 50);
INSERT INTO ProdutoColhido (idOperacao, nomeProduto, designacaoUnidade, quantidade) VALUES (259,'Nabo','kg', 200);
INSERT INTO ProdutoColhido (idOperacao, nomeProduto, designacaoUnidade, quantidade) VALUES (262,'Nabo','kg', 250);
INSERT INTO ProdutoColhido (idOperacao, nomeProduto, designacaoUnidade, quantidade) VALUES (327,'Cenoura','kg', 1500);
INSERT INTO ProdutoColhido (idOperacao, nomeProduto, designacaoUnidade, quantidade) VALUES (328,'Cenoura','kg', 2500);
INSERT INTO ProdutoColhido (idOperacao, nomeProduto, designacaoUnidade, quantidade) VALUES (329,'Abóbora','kg', 8000);
INSERT INTO ProdutoColhido (idOperacao, nomeProduto, designacaoUnidade, quantidade) VALUES (330,'Abóbora','kg', 5000);
INSERT INTO ProdutoColhido (idOperacao, nomeProduto, designacaoUnidade, quantidade) VALUES (331,'Cenoura','kg', 900);
INSERT INTO ProdutoColhido (idOperacao, nomeProduto, designacaoUnidade, quantidade) VALUES (332,'Cenoura','kg', 1500);
INSERT INTO ProdutoColhido (idOperacao, nomeProduto, designacaoUnidade, quantidade) VALUES (333,'Cenoura','kg', 1200);
INSERT INTO ProdutoColhido (idOperacao, nomeProduto, designacaoUnidade, quantidade) VALUES (334,'Azeitona','kg', 400);
INSERT INTO ProdutoColhido (idOperacao, nomeProduto, designacaoUnidade, quantidade) VALUES (335,'Azeitona','kg', 300);
INSERT INTO ProdutoColhido (idOperacao, nomeProduto, designacaoUnidade, quantidade) VALUES (336,'Azeitona','kg', 500);
INSERT INTO ProdutoColhido (idOperacao, nomeProduto, designacaoUnidade, quantidade) VALUES (337,'Maçã','kg', 700);
INSERT INTO ProdutoColhido (idOperacao, nomeProduto, designacaoUnidade, quantidade) VALUES (338,'Maçã','kg', 600);
INSERT INTO ProdutoColhido (idOperacao, nomeProduto, designacaoUnidade, quantidade) VALUES (339,'Maçã','kg', 700);
INSERT INTO ProdutoColhido (idOperacao, nomeProduto, designacaoUnidade, quantidade) VALUES (340,'Maçã','kg', 600);
INSERT INTO ProdutoColhido (idOperacao, nomeProduto, designacaoUnidade, quantidade) VALUES (341,'Maçã','kg', 700);
INSERT INTO ProdutoColhido (idOperacao, nomeProduto, designacaoUnidade, quantidade) VALUES (342,'Maçã','kg', 1200);
INSERT INTO ProdutoColhido (idOperacao, nomeProduto, designacaoUnidade, quantidade) VALUES (343,'Maçã','kg', 700);
INSERT INTO ProdutoColhido (idOperacao, nomeProduto, designacaoUnidade, quantidade) VALUES (344,'Maçã','kg', 700);
INSERT INTO ProdutoColhido (idOperacao, nomeProduto, designacaoUnidade, quantidade) VALUES (345,'Maçã','kg', 800);
INSERT INTO ProdutoColhido (idOperacao, nomeProduto, designacaoUnidade, quantidade) VALUES (346,'Maçã','kg', 700);
INSERT INTO ProdutoColhido (idOperacao, nomeProduto, designacaoUnidade, quantidade) VALUES (347,'Maçã','kg', 900);
INSERT INTO ProdutoColhido (idOperacao, nomeProduto, designacaoUnidade, quantidade) VALUES (348,'Maçã','kg', 900);
INSERT INTO ProdutoColhido (idOperacao, nomeProduto, designacaoUnidade, quantidade) VALUES (349,'Maçã','kg', 1050);
INSERT INTO ProdutoColhido (idOperacao, nomeProduto, designacaoUnidade, quantidade) VALUES (350,'Maçã','kg', 950);
INSERT INTO ProdutoColhido (idOperacao, nomeProduto, designacaoUnidade, quantidade) VALUES (351,'Maçã','kg', 800);

--TO BE TESTED
INSERT INTO PlanoRega (dataInicial, nomeParcela,variedade,nomeComum,idSetor,dataInicio,dataFim) VALUES (TO_DATE('06/10/2016', 'DD/MM/YYYY'),'Campo Grande',  UPPER('Galega'), 'Oliveira',10, TO_DATE('01/05/2017', 'DD/MM/YYYY'), NULL);
INSERT INTO PlanoRega (dataInicial, nomeParcela,variedade,nomeComum,idSetor,dataInicio,dataFim) VALUES (TO_DATE('10/10/2016', 'DD/MM/YYYY'),'Campo Grande',  UPPER('Picual'), 'Oliveira',10, TO_DATE('01/05/2017', 'DD/MM/YYYY'), NULL);
INSERT INTO PlanoRega (dataInicial, nomeParcela,variedade,nomeComum,idSetor,dataInicio,dataFim) VALUES (TO_DATE('12/10/2016', 'DD/MM/YYYY'),'Campo Grande',  UPPER('Arbequina'), 'Oliveira',11, TO_DATE('01/05/2017', 'DD/MM/YYYY'), NULL);
INSERT INTO PlanoRega (dataInicial, nomeParcela,variedade,nomeComum,idSetor,dataInicio,dataFim) VALUES (TO_DATE('07/01/2017', 'DD/MM/YYYY'),'Lameiro da ponte',  UPPER('Jonagored'), 'Macieira',21, TO_DATE('01/05/2017', 'DD/MM/YYYY'), NULL);
INSERT INTO PlanoRega (dataInicial, nomeParcela,variedade,nomeComum,idSetor,dataInicio,dataFim) VALUES (TO_DATE('08/01/2017', 'DD/MM/YYYY'),'Lameiro da ponte',  UPPER('Fuji'), 'Macieira',21, TO_DATE('01/05/2017', 'DD/MM/YYYY'), NULL);
INSERT INTO PlanoRega (dataInicial, nomeParcela,variedade,nomeComum,idSetor,dataInicio,dataFim) VALUES (TO_DATE('08/01/2017', 'DD/MM/YYYY'),'Lameiro da ponte',  UPPER('Royal Gala'), 'Macieira',21, TO_DATE('01/05/2017', 'DD/MM/YYYY'), NULL);
INSERT INTO PlanoRega (dataInicial, nomeParcela,variedade,nomeComum,idSetor,dataInicio,dataFim) VALUES (TO_DATE('10/12/2018', 'DD/MM/YYYY'),'Lameiro da ponte',  UPPER('Royal Gala'), 'Macieira',21, TO_DATE('01/05/2019', 'DD/MM/YYYY'), NULL);
INSERT INTO PlanoRega (dataInicial, nomeParcela,variedade,nomeComum,idSetor,dataInicio,dataFim) VALUES (TO_DATE('10/01/2019', 'DD/MM/YYYY'),'Lameiro do moinho',  UPPER('Pipo de Basto'), 'Macieira',21, TO_DATE('01/05/2019', 'DD/MM/YYYY'), NULL);
INSERT INTO PlanoRega (dataInicial, nomeParcela,variedade,nomeComum,idSetor,dataInicio,dataFim) VALUES (TO_DATE('09/01/2019', 'DD/MM/YYYY'),'Lameiro do moinho',  UPPER('Porta da Loja'), 'Macieira',22, TO_DATE('01/05/2019', 'DD/MM/YYYY'), NULL);
INSERT INTO PlanoRega (dataInicial, nomeParcela,variedade,nomeComum,idSetor,dataInicio,dataFim) VALUES (TO_DATE('09/01/2019', 'DD/MM/YYYY'),'Lameiro do moinho',  UPPER('Malápio'), 'Macieira',22, TO_DATE('01/05/2019', 'DD/MM/YYYY'), NULL);
INSERT INTO PlanoRega (dataInicial, nomeParcela,variedade,nomeComum,idSetor,dataInicio,dataFim) VALUES (TO_DATE('10/01/2019', 'DD/MM/YYYY'),'Lameiro do moinho',  UPPER('Canada'), 'Macieira',22, TO_DATE('01/05/2019', 'DD/MM/YYYY'),NULL);
INSERT INTO PlanoRega (dataInicial, nomeParcela,variedade,nomeComum,idSetor,dataInicio,dataFim) VALUES (TO_DATE('11/01/2019', 'DD/MM/YYYY'),'Lameiro do moinho',  UPPER('Grand Fay'), 'Macieira',22, TO_DATE('01/05/2019', 'DD/MM/YYYY'), NULL);
INSERT INTO PlanoRega (dataInicial, nomeParcela,variedade,nomeComum,idSetor,dataInicio,dataFim) VALUES (TO_DATE('11/01/2019', 'DD/MM/YYYY'),'Lameiro do moinho',  UPPER('Gronho Doce'), 'Macieira',22, TO_DATE('01/05/2019', 'DD/MM/YYYY'), NULL);
INSERT INTO PlanoRega (dataInicial, nomeParcela,variedade,nomeComum,idSetor,dataInicio,dataFim) VALUES (TO_DATE('05/04/2023', 'DD/MM/YYYY'),'Campo Novo',  UPPER('Sugarsnax Hybrid'), 'Cenoura',41, TO_DATE('05/04/2023', 'DD/MM/YYYY'), TO_DATE('31/05/2023', 'DD/MM/YYYY'));
INSERT INTO PlanoRega (dataInicial, nomeParcela,variedade,nomeComum,idSetor,dataInicio,dataFim) VALUES (TO_DATE('05/07/2023', 'DD/MM/YYYY'),'Campo Novo',  UPPER('Danvers Half Long'), 'Cenoura',41, TO_DATE('05/04/2023', 'DD/MM/YYYY'), TO_DATE('08/10/2023', 'DD/MM/YYYY'));
INSERT INTO PlanoRega (dataInicial, nomeParcela,variedade,nomeComum,idSetor,dataInicio,dataFim) VALUES (TO_DATE('06/04/2023', 'DD/MM/YYYY'),'Campo Novo',  UPPER('Butternut'), 'Abóbora Manteiga',42, TO_DATE('06/04/2023', 'DD/MM/YYYY'), TO_DATE('10/09/2023', 'DD/MM/YYYY'));



