-- tabela Armazem
INSERT INTO Armazem(idEdificio, designacaoTipoArmazem) VALUES ( 201, 'Armazém');
INSERT INTO Armazem(idEdificio, designacaoTipoArmazem) VALUES ( 202, 'Armazém');


-- tabela CalendarioOperacao
INSERT INTO CalendarioOperacao(sementeira, poda, colheita, floracao) VALUES (null, 'Novembro a dezembro', 'Julho a agosto', 'Fevereiro a março');
INSERT INTO CalendarioOperacao(sementeira, poda, colheita, floracao) VALUES (null, 'Novembro a dezembro', 'Julho a agosto', 'Fevereiro a março');
INSERT INTO CalendarioOperacao(sementeira, poda, colheita, floracao) VALUES (null, 'Novembro a dezembro', 'Julho a agosto', 'Fevereiro a março');
INSERT INTO CalendarioOperacao(sementeira, poda, colheita, floracao) VALUES (null, 'Novembro a dezembro', 'Julho a agosto', 'Fevereiro a março');
INSERT INTO CalendarioOperacao(sementeira, poda, colheita, floracao) VALUES (null, 'Novembro a dezembro', 'Julho a agosto', 'Fevereiro a março');
INSERT INTO CalendarioOperacao(sementeira, poda, colheita, floracao) VALUES (null, 'Novembro a dezembro', 'Julho a agosto', 'Fevereiro a março');
INSERT INTO CalendarioOperacao(sementeira, poda, colheita, floracao) VALUES (null, 'Novembro a dezembro', 'Julho a agosto', 'Fevereiro a março');
INSERT INTO CalendarioOperacao(sementeira, poda, colheita, floracao) VALUES (null, 'Novembro a dezembro', 'Julho a agosto', 'Fevereiro a março');
INSERT INTO CalendarioOperacao(sementeira, poda, colheita, floracao) VALUES (null, 'Novembro a dezembro', 'Julho a agosto', 'Fevereiro a março');
INSERT INTO CalendarioOperacao(sementeira, poda, colheita, floracao) VALUES (null, 'Novembro a dezembro', 'Julho a agosto', 'Fevereiro a março');
INSERT INTO CalendarioOperacao(sementeira, poda, colheita, floracao) VALUES (null, 'Novembro a dezembro', 'Julho a agosto', 'Fevereiro a março');
INSERT INTO CalendarioOperacao(sementeira, poda, colheita, floracao) VALUES (null, 'Novembro a dezembro', 'Julho a agosto', 'Fevereiro a março');
INSERT INTO CalendarioOperacao(sementeira, poda, colheita, floracao) VALUES (null, 'Novembro a dezembro', 'Julho a agosto', 'Fevereiro a março');
INSERT INTO CalendarioOperacao(sementeira, poda, colheita, floracao) VALUES (null, 'Novembro a dezembro', 'Julho a agosto', 'Fevereiro a março');
INSERT INTO CalendarioOperacao(sementeira, poda, colheita, floracao) VALUES (null, 'Novembro a dezembro', 'Julho a agosto', 'Fevereiro a março');
INSERT INTO CalendarioOperacao(sementeira, poda, colheita, floracao) VALUES (null, 'Novembro a dezembro', 'Julho a agosto', 'Fevereiro a março');
INSERT INTO CalendarioOperacao(sementeira, poda, colheita, floracao) VALUES (null, 'Novembro a dezembro', 'Julho a agosto', 'Fevereiro a março');
INSERT INTO CalendarioOperacao(sementeira, poda, colheita, floracao) VALUES (null, 'Novembro a dezembro', 'Julho a agosto', 'Fevereiro a março');
INSERT INTO CalendarioOperacao(sementeira, poda, colheita, floracao) VALUES (null, 'Novembro a dezembro', 'Julho a agosto', 'Fevereiro a março');
INSERT INTO CalendarioOperacao(sementeira, poda, colheita, floracao) VALUES (null, 'Novembro a dezembro', 'Julho a agosto', 'Fevereiro a março');
INSERT INTO CalendarioOperacao(sementeira, poda, colheita, floracao) VALUES (null, 'Novembro a dezembro', 'Julho a agosto', 'Fevereiro a março');
INSERT INTO CalendarioOperacao(sementeira, poda, colheita, floracao) VALUES (null, 'Novembro a dezembro', 'Julho a agosto', 'Fevereiro a março');
INSERT INTO CalendarioOperacao(sementeira, poda, colheita, floracao) VALUES (null, 'Novembro a dezembro', 'Julho a agosto', 'Fevereiro a março');
INSERT INTO CalendarioOperacao(sementeira, poda, colheita, floracao) VALUES (null, 'Novembro a dezembro', 'Julho a agosto', 'Fevereiro a março');
INSERT INTO CalendarioOperacao(sementeira, poda, colheita, floracao) VALUES (null, 'Novembro a dezembro', 'Julho a agosto', 'Fevereiro a março');
INSERT INTO CalendarioOperacao(sementeira, poda, colheita, floracao) VALUES (null, 'Novembro a dezembro', 'Julho a agosto', 'Fevereiro a março');
INSERT INTO CalendarioOperacao(sementeira, poda, colheita, floracao) VALUES (null, 'Novembro a dezembro', 'Julho a agosto', 'Fevereiro a março');
INSERT INTO CalendarioOperacao(sementeira, poda, colheita, floracao) VALUES (null, 'Novembro a dezembro', 'Julho a agosto', 'Fevereiro a março');
INSERT INTO CalendarioOperacao(sementeira, poda, colheita, floracao) VALUES (null, 'Novembro a dezembro', 'Julho a agosto', 'Fevereiro a março');
INSERT INTO CalendarioOperacao(sementeira, poda, colheita, floracao) VALUES (null, 'Novembro a dezembro', 'Julho a agosto', 'Fevereiro a março');
INSERT INTO CalendarioOperacao(sementeira, poda, colheita, floracao) VALUES (null, 'Novembro a dezembro', 'Julho a agosto', 'Fevereiro a março');
INSERT INTO CalendarioOperacao(sementeira, poda, colheita, floracao) VALUES (null, 'Novembro a dezembro', 'Agosto a setembro', 'Março a abril');
INSERT INTO CalendarioOperacao(sementeira, poda, colheita, floracao) VALUES (null, 'Novembro a dezembro', 'Agosto a setembro', 'Março a abril');
INSERT INTO CalendarioOperacao(sementeira, poda, colheita, floracao) VALUES (null, 'Novembro a dezembro', 'Agosto a setembro', 'Março a abril');
INSERT INTO CalendarioOperacao(sementeira, poda, colheita, floracao) VALUES (null, 'Novembro a dezembro', 'Agosto a setembro', 'Março a abril');
INSERT INTO CalendarioOperacao(sementeira, poda, colheita, floracao) VALUES (null, 'Novembro a dezembro', 'Agosto a setembro', 'Março a abril');
INSERT INTO CalendarioOperacao(sementeira, poda, colheita, floracao) VALUES (null, 'Novembro a dezembro', 'Agosto a setembro', 'Março a abril');
INSERT INTO CalendarioOperacao(sementeira, poda, colheita, floracao) VALUES (null, 'Novembro a dezembro', 'Agosto a setembro', 'Março a abril');
INSERT INTO CalendarioOperacao(sementeira, poda, colheita, floracao) VALUES (null, 'Novembro a dezembro', 'Agosto a setembro', 'Março a abril');
INSERT INTO CalendarioOperacao(sementeira, poda, colheita, floracao) VALUES (null, 'Novembro a dezembro', 'Agosto a setembro', 'Março a abril');
INSERT INTO CalendarioOperacao(sementeira, poda, colheita, floracao) VALUES (null, 'Novembro a dezembro', 'Agosto a setembro', 'Março a abril');
INSERT INTO CalendarioOperacao(sementeira, poda, colheita, floracao) VALUES (null, 'Novembro a dezembro', 'Agosto a setembro', 'Março a abril');
INSERT INTO CalendarioOperacao(sementeira, poda, colheita, floracao) VALUES (null, 'Novembro a dezembro', 'Agosto a setembro', 'Março a abril');
INSERT INTO CalendarioOperacao(sementeira, poda, colheita, floracao) VALUES (null, 'Janeiro', 'Novembro a dezembro', 'Abril a maio');
INSERT INTO CalendarioOperacao(sementeira, poda, colheita, floracao) VALUES (null, 'Novembro a dezembro', 'Agosto a setembro', 'Março a abril');
INSERT INTO CalendarioOperacao(sementeira, poda, colheita, floracao) VALUES (null, 'Novembro a dezembro', 'Agosto a setembro', 'Março a abril');
INSERT INTO CalendarioOperacao(sementeira, poda, colheita, floracao) VALUES (null, 'Novembro a dezembro', 'Agosto a setembro', 'Março a abril');
INSERT INTO CalendarioOperacao(sementeira, poda, colheita, floracao) VALUES (null, 'Novembro a dezembro', 'Agosto a setembro', 'Março a abril');
INSERT INTO CalendarioOperacao(sementeira, poda, colheita, floracao) VALUES (null, 'Novembro a dezembro', 'Agosto a setembro', 'Março a abril');
INSERT INTO CalendarioOperacao(sementeira, poda, colheita, floracao) VALUES (null, 'Novembro a dezembro', 'Agosto a setembro', 'Março a abril');
INSERT INTO CalendarioOperacao(sementeira, poda, colheita, floracao) VALUES (null, 'Novembro a dezembro', 'Agosto a setembro', 'Março a abril');
INSERT INTO CalendarioOperacao(sementeira, poda, colheita, floracao) VALUES (null, 'Novembro a dezembro', 'Agosto a setembro', 'Março a abril');
INSERT INTO CalendarioOperacao(sementeira, poda, colheita, floracao) VALUES (null, 'Novembro a dezembro', 'Agosto a setembro', 'Março a abril');
INSERT INTO CalendarioOperacao(sementeira, poda, colheita, floracao) VALUES (null, 'Novembro a dezembro', 'Agosto a setembro', 'Março a abril');
INSERT INTO CalendarioOperacao(sementeira, poda, colheita, floracao) VALUES (null, 'Novembro a dezembro', 'Agosto a setembro', 'Março a abril');
INSERT INTO CalendarioOperacao(sementeira, poda, colheita, floracao) VALUES (null, 'Novembro a dezembro', 'Agosto a setembro', 'Março a abril');
INSERT INTO CalendarioOperacao(sementeira, poda, colheita, floracao) VALUES (null, 'Novembro a dezembro', 'Agosto a setembro', 'Março a abril');
INSERT INTO CalendarioOperacao(sementeira, poda, colheita, floracao) VALUES (null, 'Novembro a dezembro', 'Agosto a setembro', 'Março a abril');
INSERT INTO CalendarioOperacao(sementeira, poda, colheita, floracao) VALUES (null, 'Novembro a dezembro', 'Agosto a setembro', 'Março a abril');
INSERT INTO CalendarioOperacao(sementeira, poda, colheita, floracao) VALUES (null, 'Novembro a dezembro', 'Agosto a setembro', 'Março a abril');
INSERT INTO CalendarioOperacao(sementeira, poda, colheita, floracao) VALUES (null, 'Novembro a dezembro', 'Agosto a setembro', 'Março a abril');
INSERT INTO CalendarioOperacao(sementeira, poda, colheita, floracao) VALUES (null, 'Novembro a dezembro', 'Agosto a setembro', 'Março a abril');
INSERT INTO CalendarioOperacao(sementeira, poda, colheita, floracao) VALUES (null, 'Novembro a dezembro', 'Agosto a setembro', 'Março a abril');
INSERT INTO CalendarioOperacao(sementeira, poda, colheita, floracao) VALUES (null, 'Novembro a dezembro', 'Agosto a setembro', 'Março a abril');
INSERT INTO CalendarioOperacao(sementeira, poda, colheita, floracao) VALUES (null, 'Novembro a dezembro', 'Agosto a setembro', 'Março a abril');
INSERT INTO CalendarioOperacao(sementeira, poda, colheita, floracao) VALUES (null, 'Novembro a dezembro', 'Agosto a setembro', 'Março a abril');
INSERT INTO CalendarioOperacao(sementeira, poda, colheita, floracao) VALUES (null, 'Novembro a dezembro', 'Agosto a setembro', 'Março a abril');
INSERT INTO CalendarioOperacao(sementeira, poda, colheita, floracao) VALUES (null, 'Novembro a dezembro', 'Agosto a setembro', 'Março a abril');
INSERT INTO CalendarioOperacao(sementeira, poda, colheita, floracao) VALUES (null, null, null, null);
INSERT INTO CalendarioOperacao(sementeira, poda, colheita, floracao) VALUES (null, null, null, null);
INSERT INTO CalendarioOperacao(sementeira, poda, colheita, floracao) VALUES (null, null, null, null);
INSERT INTO CalendarioOperacao(sementeira, poda, colheita, floracao) VALUES (null, null, null, null);
INSERT INTO CalendarioOperacao(sementeira, poda, colheita, floracao) VALUES (null, null, '80 dias', null);
INSERT INTO CalendarioOperacao(sementeira, poda, colheita, floracao) VALUES (null, null, '80 dias', null);
INSERT INTO CalendarioOperacao(sementeira, poda, colheita, floracao) VALUES (null, null, '80 dias', null);
INSERT INTO CalendarioOperacao(sementeira, poda, colheita, floracao) VALUES (null, null, '80 dias', null);
INSERT INTO CalendarioOperacao(sementeira, poda, colheita, floracao) VALUES (null, null, '80 dias', null);
INSERT INTO CalendarioOperacao(sementeira, poda, colheita, floracao) VALUES (null, null, '80 dias', null);
INSERT INTO CalendarioOperacao(sementeira, poda, colheita, floracao) VALUES (null, null, '80 dias', null);
INSERT INTO CalendarioOperacao(sementeira, poda, colheita, floracao) VALUES (null, null, null, null);
INSERT INTO CalendarioOperacao(sementeira, poda, colheita, floracao) VALUES (null, null, null, null);
INSERT INTO CalendarioOperacao(sementeira, poda, colheita, floracao) VALUES ('Abril a junho', null, 'Julho a setembro', null);
INSERT INTO CalendarioOperacao(sementeira, poda, colheita, floracao) VALUES ('Abril a junho', null, 'Julho a setembro', null);
INSERT INTO CalendarioOperacao(sementeira, poda, colheita, floracao) VALUES ('Março a setembro', null, 'Junho a fevereiro', null);
INSERT INTO CalendarioOperacao(sementeira, poda, colheita, floracao) VALUES (null, null, 'Outubro a novembro', null);
INSERT INTO CalendarioOperacao(sementeira, poda, colheita, floracao) VALUES (null, null, 'Outubro a novembro', null);
INSERT INTO CalendarioOperacao(sementeira, poda, colheita, floracao) VALUES (null, null, 'Outubro a novembro', null);
INSERT INTO CalendarioOperacao(sementeira, poda, colheita, floracao) VALUES (null, null, 'Outubro a novembro', null);
INSERT INTO CalendarioOperacao(sementeira, poda, colheita, floracao) VALUES (null, null, 'Outubro a novembro', null);
INSERT INTO CalendarioOperacao(sementeira, poda, colheita, floracao) VALUES (null, null, 'Outubro a novembro', null);
INSERT INTO CalendarioOperacao(sementeira, poda, colheita, floracao) VALUES (null, null, 'Outubro a novembro', null);
INSERT INTO CalendarioOperacao(sementeira, poda, colheita, floracao) VALUES (null, null, 'Outubro a novembro', null);


-- tabela Classificacao
INSERT INTO Classificacao(classificacao) VALUES ('Fitofármaco');
INSERT INTO Classificacao(classificacao) VALUES ('Adubo');
INSERT INTO Classificacao(classificacao) VALUES ('Corretor');



-- tabela ComponenteQuimico
INSERT INTO ComponenteQuimico(formulaQuimica) VALUES ('CU');
INSERT INTO ComponenteQuimico(formulaQuimica) VALUES ('S');
INSERT INTO ComponenteQuimico(formulaQuimica) VALUES ('K');
INSERT INTO ComponenteQuimico(formulaQuimica) VALUES ('Mg');
INSERT INTO ComponenteQuimico(formulaQuimica) VALUES ('CaCO3');
INSERT INTO ComponenteQuimico(formulaQuimica) VALUES ('MgCO3');
INSERT INTO ComponenteQuimico(formulaQuimica) VALUES ('B');
INSERT INTO ComponenteQuimico(formulaQuimica) VALUES ('MgO');
INSERT INTO ComponenteQuimico(formulaQuimica) VALUES ('Mn');


-- tabela ConstituicaoQuimica
INSERT INTO ConstituicaoQuimica(formulaQuimica, idFichaTecnica, designacaoUnidade, quantidade) VALUES ('CU', 1, '%', 20.0);
INSERT INTO ConstituicaoQuimica(formulaQuimica, idFichaTecnica, designacaoUnidade, quantidade) VALUES ('S',  2, '%', 80.0);
INSERT INTO ConstituicaoQuimica(formulaQuimica, idFichaTecnica, designacaoUnidade, quantidade) VALUES ('K', 3, '%', 24.9);
INSERT INTO ConstituicaoQuimica(formulaQuimica, idFichaTecnica, designacaoUnidade, quantidade) VALUES ('Mg', 3, '%', 6.0);
INSERT INTO ConstituicaoQuimica(formulaQuimica, idFichaTecnica, designacaoUnidade, quantidade) VALUES ('S', 3, '%', 17.6);
INSERT INTO ConstituicaoQuimica(formulaQuimica, idFichaTecnica, designacaoUnidade, quantidade) VALUES ('Mg', 4, '%', 15.1);
INSERT INTO ConstituicaoQuimica(formulaQuimica, idFichaTecnica, designacaoUnidade, quantidade) VALUES ('S', 4, '%', 20.8);
INSERT INTO ConstituicaoQuimica(formulaQuimica, idFichaTecnica, designacaoUnidade, quantidade) VALUES ('Mg', 5, '%', 9.0);
INSERT INTO ConstituicaoQuimica(formulaQuimica, idFichaTecnica, designacaoUnidade, quantidade) VALUES ('S', 5, '%', 12.4);
INSERT INTO ConstituicaoQuimica(formulaQuimica, idFichaTecnica, designacaoUnidade, quantidade) VALUES ('B', 5, '%', 0.9);
INSERT INTO ConstituicaoQuimica(formulaQuimica, idFichaTecnica, designacaoUnidade, quantidade) VALUES ('Mn', 5, '%', 1.0);
INSERT INTO ConstituicaoQuimica(formulaQuimica, idFichaTecnica, designacaoUnidade, quantidade) VALUES ('Mg', 6, '%', 9.6);
INSERT INTO ConstituicaoQuimica(formulaQuimica, idFichaTecnica, designacaoUnidade, quantidade) VALUES ('S', 6, '%', 13.0);
INSERT INTO ConstituicaoQuimica(formulaQuimica, idFichaTecnica, designacaoUnidade, quantidade) VALUES ('CaCO3', 7, '%', 88.2);
INSERT INTO ConstituicaoQuimica(formulaQuimica, idFichaTecnica, designacaoUnidade, quantidade) VALUES ('MgCO3', 7, '%', 1.9);
INSERT INTO ConstituicaoQuimica(formulaQuimica, idFichaTecnica, designacaoUnidade, quantidade) VALUES ('CaCO3', 8, '%', 71.7);
INSERT INTO ConstituicaoQuimica(formulaQuimica, idFichaTecnica, designacaoUnidade, quantidade) VALUES ('MgCO3', 8, '%', 14.8);
INSERT INTO ConstituicaoQuimica(formulaQuimica, idFichaTecnica, designacaoUnidade, quantidade) VALUES ('MgO', 8, '%', 7.9);


-- tabela Cultura
INSERT INTO Cultura(idCultura, variedade, nomeComum) VALUES (1, 'Galega', 'Oliveira');
INSERT INTO Cultura(idCultura, variedade, nomeComum) VALUES (2, 'Picual', 'Oliveira');
INSERT INTO Cultura(idCultura, variedade, nomeComum) VALUES (3, 'Jonagored', 'Macieira');
INSERT INTO Cultura(idCultura, variedade, nomeComum) VALUES (4, 'Fuji', 'Macieira');
INSERT INTO Cultura(idCultura, variedade, nomeComum) VALUES (5, 'Royal Gala', 'Macieira');
INSERT INTO Cultura(idCultura, variedade, nomeComum) VALUES (6, 'Amarelo', 'Tremoço');
INSERT INTO Cultura(idCultura, variedade, nomeComum) VALUES (7, 'Doce Golden Bantam', 'Milho');




-- tabela CulturaInstalada
INSERT INTO CulturaInstalada(idParcela, idCultura, designacaoUnidade, dataInicial, dataFinal, quantidade) VALUES (102,1, 'un', TO_DATE('06/10/2016', 'DD/MM/YYYY'), null, 30.0);
INSERT INTO CulturaInstalada(idParcela, idCultura, designacaoUnidade, dataInicial, dataFinal, quantidade) VALUES (102,2, 'un', TO_DATE('10/10/2016', 'DD/MM/YYYY'), null, 20.0);
INSERT INTO CulturaInstalada(idParcela, idCultura, designacaoUnidade, dataInicial, dataFinal, quantidade) VALUES (104,3, 'un', TO_DATE('07/01/2017', 'DD/MM/YYYY'), null, 90.0);
INSERT INTO CulturaInstalada(idParcela, idCultura, designacaoUnidade, dataInicial, dataFinal, quantidade) VALUES (104,4, 'un', TO_DATE('08/01/2017', 'DD/MM/YYYY'), null, 60.0);
INSERT INTO CulturaInstalada(idParcela, idCultura, designacaoUnidade, dataInicial, dataFinal, quantidade) VALUES (104,5, 'un', TO_DATE('08/01/2017', 'DD/MM/YYYY'), null, 40.0);
INSERT INTO CulturaInstalada(idParcela, idCultura, designacaoUnidade, dataInicial, dataFinal, quantidade) VALUES (104,5, 'un', TO_DATE('10/12/2018', 'DD/MM/YYYY'), null, 30.0);
INSERT INTO CulturaInstalada(idParcela, idCultura, designacaoUnidade, dataInicial, dataFinal, quantidade) VALUES (101,6, 'ha', TO_DATE('10/10/2020', 'DD/MM/YYYY'), TO_DATE('30/03/2021', 'DD/MM/YYYY'), 1.1);
INSERT INTO CulturaInstalada(idParcela, idCultura, designacaoUnidade, dataInicial, dataFinal, quantidade) VALUES (101,7, 'ha', TO_DATE('10/04/2021', 'DD/MM/YYYY'), TO_DATE('12/08/2021', 'DD/MM/YYYY'), 0.9);
INSERT INTO CulturaInstalada(idParcela, idCultura, designacaoUnidade, dataInicial, dataFinal, quantidade) VALUES (101,7, 'ha', TO_DATE('15/04/2021', 'DD/MM/YYYY'), TO_DATE('21/08/2021', 'DD/MM/YYYY'), 0.9);
INSERT INTO CulturaInstalada(idParcela, idCultura, designacaoUnidade, dataInicial, dataFinal, quantidade) VALUES (101,6, 'ha', TO_DATE('03/10/2021', 'DD/MM/YYYY'), TO_DATE('05/04/2022', 'DD/MM/YYYY'), 1.1);


-- tabela Edificio
INSERT INTO Edificio(idEdificio, designacaoTipoEdificio, designacaoUnidade, nomeEdificio, area) VALUES (201, 'Armazém', 'm2', 'Espigueiro', 600);
INSERT INTO Edificio(idEdificio, designacaoTipoEdificio, designacaoUnidade, nomeEdificio, area) VALUES (202, 'Armazém', 'm2', 'Armazém novo', 800);
INSERT INTO Edificio(idEdificio, designacaoTipoEdificio, designacaoUnidade, nomeEdificio, area) VALUES (203, 'Garagem', 'm2', 'Armazém grande', 900);
INSERT INTO Edificio(idEdificio, designacaoTipoEdificio, designacaoUnidade, nomeEdificio, area) VALUES (250, 'Moinho', null, 'Moinho', null);
INSERT INTO Edificio(idEdificio, designacaoTipoEdificio, designacaoUnidade, nomeEdificio, area) VALUES (301, 'Rega', 'm3', 'Tanque do campo grande', 15);


-- tabela EstacaoMeteorologica


-- tabela FatorProducao
INSERT INTO FatorProducao (nomeComercial, idFichaTecnica, idStock, classificacao, estudoMaterial, metodoAplicacao) VALUES ('Calda Bordalesa ASCENZA', 1, 2, 'Fitofármaco', 'Pó molhável', 'Fungicida');
INSERT INTO FatorProducao (nomeComercial, idFichaTecnica, idStock, classificacao, estudoMaterial, metodoAplicacao) VALUES ('Enxofre Bayer 80 WG', 1, 2, 'Fitofármaco', 'Pó molhável', 'Fungicida');
INSERT INTO FatorProducao (nomeComercial, idFichaTecnica, idStock, classificacao, estudoMaterial, metodoAplicacao) VALUES ('Patentkali', 1, 2, 'Adubo', 'Granulado', 'Adubo solo');
INSERT INTO FatorProducao (nomeComercial, idFichaTecnica, idStock, classificacao, estudoMaterial, metodoAplicacao) VALUES ('ESTA Kieserit', 1, 2, 'Adubo', 'Granulado', 'Adubo solo');
INSERT INTO FatorProducao (nomeComercial, idFichaTecnica, idStock, classificacao, estudoMaterial, metodoAplicacao) VALUES ('EPSO Microtop', 1, 2, 'Adubo', 'Granulado', 'Adubo foliar+Fertirrega');
INSERT INTO FatorProducao (nomeComercial, idFichaTecnica, idStock, classificacao, estudoMaterial, metodoAplicacao) VALUES ('EPSO Top', 1, 2, 'Adubo', 'Granulado', 'Adubo foliar');
INSERT INTO FatorProducao (nomeComercial, idFichaTecnica, idStock, classificacao, estudoMaterial, metodoAplicacao) VALUES ('Biocal CaCo3', 1, 2, 'Corretor', 'Granulado', 'Correção solo');
INSERT INTO FatorProducao (nomeComercial, idFichaTecnica, idStock, classificacao, estudoMaterial, metodoAplicacao) VALUES ('Biocal Composto', 1, 2, 'Corretor', 'Pó', 'Correção solo');


-- tabela Fertilizacao
INSERT INTO FatorProducao(nomeComercial, idFichaTecnica, idStock, classificacao, estudoMaterial, metodoAplicacao, fabricante) VALUES ('Calda Bordalesa ASCENZA', 1, 2, 'Fitofármaco', 'Pó molhável', 'Fungicida', 'ASCENZA');
INSERT INTO FatorProducao(nomeComercial, idFichaTecnica, idStock, classificacao, estudoMaterial, metodoAplicacao, fabricante) VALUES ('Enxofre Bayer 80 WG', 2, 2, 'Fitofármaco', 'Pó molhável', 'Fungicida', 'Bayer');
INSERT INTO FatorProducao(nomeComercial, idFichaTecnica, idStock, classificacao, estudoMaterial, metodoAplicacao, fabricante) VALUES ('Patentkali', 3, 2, 'Adubo', 'Granulado', 'Adubo solo', 'K+S');
INSERT INTO FatorProducao(nomeComercial, idFichaTecnica, idStock, classificacao, estudoMaterial, metodoAplicacao, fabricante) VALUES ('ESTA Kieserit', 4, 2, 'Adubo', 'Granulado', 'Adubo solo', 'K+S');
INSERT INTO FatorProducao(nomeComercial, idFichaTecnica, idStock, classificacao, estudoMaterial, metodoAplicacao, fabricante) VALUES ('EPSO Microtop', 5, 2, 'Adubo', 'Granulado', 'Adubo foliar+Fertirrega', 'K+S');
INSERT INTO FatorProducao(nomeComercial, idFichaTecnica, idStock, classificacao, estudoMaterial, metodoAplicacao, fabricante) VALUES ('EPSO Top', 6, 2, 'Adubo', 'Granulado', 'Adubo foliar', 'K+S');
INSERT INTO FatorProducao(nomeComercial, idFichaTecnica, idStock, classificacao, estudoMaterial, metodoAplicacao, fabricante) VALUES ('Biocal CaCo3', 7, 2, 'Corretor', 'Granulado', 'Correção solo', 'Biocal');
INSERT INTO FatorProducao(nomeComercial, idFichaTecnica, idStock, classificacao, estudoMaterial, metodoAplicacao, fabricante) VALUES ('Biocal Composto', 8, 2, 'Corretor', 'Pó', 'Correção solo', 'Biocal');


-- tabela FichaTecnica


-- tabela Formulacao
INSERT INTO Formulacao(estadoMateria) VALUES ('Pó molhável');
INSERT INTO Formulacao(estadoMateria) VALUES ('Pó molhável');
INSERT INTO Formulacao(estadoMateria) VALUES ('Granulado');


-- tabela OperacaoAgricola
INSERT INTO OperacaoAgricola (idOperacaoAgricola, idParcela, idCultura, designacaoOperacaoAgricola, designacaoUnidade, quantidade, data) VALUES (1, 102, 1, 'Plantação', 'un', 30,  TO_DATE('06/10/2016', 'DD/MM/YYYY');
INSERT INTO OperacaoAgricola (idOperacaoAgricola, idParcela, idCultura, designacaoOperacaoAgricola, designacaoUnidade, quantidade, data) VALUES (2, 102, 2, 'Plantação', 'un', 20,  TO_DATE('10/10/2016', 'DD/MM/YYYY');
INSERT INTO OperacaoAgricola (idOperacaoAgricola, idParcela, idCultura, designacaoOperacaoAgricola, designacaoUnidade, quantidade, data) VALUES (3, 104, 3, 'Plantação', 'un', 90,  TO_DATE('07/01/2017', 'DD/MM/YYYY');
INSERT INTO OperacaoAgricola (idOperacaoAgricola, idParcela, idCultura, designacaoOperacaoAgricola, designacaoUnidade, quantidade, data) VALUES (4, 104, 4, 'Plantação', 'un', 60,  TO_DATE('08/01/2017', 'DD/MM/YYYY');
INSERT INTO OperacaoAgricola (idOperacaoAgricola, idParcela, idCultura, designacaoOperacaoAgricola, designacaoUnidade, quantidade, data) VALUES (5, 104, 5, 'Plantação', 'un', 40,  TO_DATE('08/01/2017', 'DD/MM/YYYY');
INSERT INTO OperacaoAgricola (idOperacaoAgricola, idParcela, idCultura, designacaoOperacaoAgricola, designacaoUnidade, quantidade, data) VALUES (6, 104, 5, 'Plantação', 'un', 30,  TO_DATE('10/12/2018', 'DD/MM/YYYY');
INSERT INTO OperacaoAgricola (idOperacaoAgricola, idParcela, idCultura, designacaoOperacaoAgricola, designacaoUnidade, quantidade, data) VALUES (7, 101, 6, 'Sementeira', null, null,  TO_DATE('10/10/2020', 'DD/MM/YYYY');
INSERT INTO OperacaoAgricola (idOperacaoAgricola, idParcela, idCultura, designacaoOperacaoAgricola, designacaoUnidade, quantidade, data) VALUES (8, 104, 5, 'Poda', 'un', 70,  TO_DATE('05/12/2020', 'DD/MM/YYYY');
INSERT INTO OperacaoAgricola (idOperacaoAgricola, idParcela, idCultura, designacaoOperacaoAgricola, designacaoUnidade, quantidade, data) VALUES (9, 104, 3, 'Poda', 'un', 50,  TO_DATE('05/12/2020', 'DD/MM/YYYY');
INSERT INTO OperacaoAgricola (idOperacaoAgricola, idParcela, idCultura, designacaoOperacaoAgricola, designacaoUnidade, quantidade, data) VALUES (10, 104, 3, 'Poda', 'un', 40,  TO_DATE('15/12/2020', 'DD/MM/YYYY');
INSERT INTO OperacaoAgricola (idOperacaoAgricola, idParcela, idCultura, designacaoOperacaoAgricola, designacaoUnidade, quantidade, data) VALUES (11, 104, 4, 'Poda', 'un', 60,  TO_DATE('15/12/2020', 'DD/MM/YYYY');
INSERT INTO OperacaoAgricola (idOperacaoAgricola, idParcela, idCultura, designacaoOperacaoAgricola, designacaoUnidade, quantidade, data) VALUES (12, 101, 6, 'Incorporação no solo', null, null,  TO_DATE('30/03/2021', 'DD/MM/YYYY');
INSERT INTO OperacaoAgricola (idOperacaoAgricola, idParcela, idCultura, designacaoOperacaoAgricola, designacaoUnidade, quantidade, data) VALUES (13, 101, 7, 'Sementeira', null, null,  TO_DATE('15/04/2021', 'DD/MM/YYYY');
#N/D
#N/D
INSERT INTO OperacaoAgricola (idOperacaoAgricola, idParcela, idCultura, designacaoOperacaoAgricola, designacaoUnidade, quantidade, data) VALUES (16, 101, 7, 'Colheita', 'kg', 3300,  TO_DATE('21/08/2021', 'DD/MM/YYYY');
INSERT INTO OperacaoAgricola (idOperacaoAgricola, idParcela, idCultura, designacaoOperacaoAgricola, designacaoUnidade, quantidade, data) VALUES (17, 104, 5, 'Colheita', 'kg', 900,  TO_DATE('24/08/2021', 'DD/MM/YYYY');
INSERT INTO OperacaoAgricola (idOperacaoAgricola, idParcela, idCultura, designacaoOperacaoAgricola, designacaoUnidade, quantidade, data) VALUES (18, 104, 5, 'Colheita', 'kg', 800,  TO_DATE('05/09/2021', 'DD/MM/YYYY');
INSERT INTO OperacaoAgricola (idOperacaoAgricola, idParcela, idCultura, designacaoOperacaoAgricola, designacaoUnidade, quantidade, data) VALUES (19, 104, 3, 'Colheita', 'kg', 800,  TO_DATE('12/09/2021', 'DD/MM/YYYY');
INSERT INTO OperacaoAgricola (idOperacaoAgricola, idParcela, idCultura, designacaoOperacaoAgricola, designacaoUnidade, quantidade, data) VALUES (20, 104, 3, 'Colheita', 'kg', 1200,  TO_DATE('23/09/2021', 'DD/MM/YYYY');
INSERT INTO OperacaoAgricola (idOperacaoAgricola, idParcela, idCultura, designacaoOperacaoAgricola, designacaoUnidade, quantidade, data) VALUES (21, 101, 6, 'Sementeira', null, null,  TO_DATE('03/10/2021', 'DD/MM/YYYY');
INSERT INTO OperacaoAgricola (idOperacaoAgricola, idParcela, idCultura, designacaoOperacaoAgricola, designacaoUnidade, quantidade, data) VALUES (22, 104, 4, 'Colheita', 'kg', 950,  TO_DATE('12/10/2021', 'DD/MM/YYYY');
INSERT INTO OperacaoAgricola (idOperacaoAgricola, idParcela, idCultura, designacaoOperacaoAgricola, designacaoUnidade, quantidade, data) VALUES (23, 104, 4, 'Colheita', 'kg', 750,  TO_DATE('03/11/2021', 'DD/MM/YYYY');
INSERT INTO OperacaoAgricola (idOperacaoAgricola, idParcela, idCultura, designacaoOperacaoAgricola, designacaoUnidade, quantidade, data) VALUES (24, 104, 5, 'Poda', 'un', 70,  TO_DATE('28/11/2021', 'DD/MM/YYYY');
INSERT INTO OperacaoAgricola (idOperacaoAgricola, idParcela, idCultura, designacaoOperacaoAgricola, designacaoUnidade, quantidade, data) VALUES (25, 104, 3, 'Poda', 'un', 90,  TO_DATE('03/12/2021', 'DD/MM/YYYY');
INSERT INTO OperacaoAgricola (idOperacaoAgricola, idParcela, idCultura, designacaoOperacaoAgricola, designacaoUnidade, quantidade, data) VALUES (26, 104, 4, 'Poda', 'un', 60,  TO_DATE('18/12/2021', 'DD/MM/YYYY');
INSERT INTO OperacaoAgricola (idOperacaoAgricola, idParcela, idCultura, designacaoOperacaoAgricola, designacaoUnidade, quantidade, data) VALUES (27, 101, 6, 'Incorporação no solo', null, null,  TO_DATE('05/04/2022', 'DD/MM/YYYY');
INSERT INTO OperacaoAgricola (idOperacaoAgricola, idParcela, idCultura, designacaoOperacaoAgricola, designacaoUnidade, quantidade, data) VALUES (28, 101, 7, 'Sementeira', null, null,  TO_DATE('10/04/2022', 'DD/MM/YYYY');
#N/D
INSERT INTO OperacaoAgricola (idOperacaoAgricola, idParcela, idCultura, designacaoOperacaoAgricola, designacaoUnidade, quantidade, data) VALUES (30, 101, 7, 'Colheita', 'kg', 3500,  TO_DATE('12/08/2022', 'DD/MM/YYYY');
INSERT INTO OperacaoAgricola (idOperacaoAgricola, idParcela, idCultura, designacaoOperacaoAgricola, designacaoUnidade, quantidade, data) VALUES (31, 104, 5, 'Colheita', 'kg', 950,  TO_DATE('20/08/2022', 'DD/MM/YYYY');
INSERT INTO OperacaoAgricola (idOperacaoAgricola, idParcela, idCultura, designacaoOperacaoAgricola, designacaoUnidade, quantidade, data) VALUES (32, 104, 5, 'Colheita', 'kg', 830,  TO_DATE('07/09/2022', 'DD/MM/YYYY');
INSERT INTO OperacaoAgricola (idOperacaoAgricola, idParcela, idCultura, designacaoOperacaoAgricola, designacaoUnidade, quantidade, data) VALUES (33, 104, 3, 'Colheita', 'kg', 750,  TO_DATE('11/09/2022', 'DD/MM/YYYY');
INSERT INTO OperacaoAgricola (idOperacaoAgricola, idParcela, idCultura, designacaoOperacaoAgricola, designacaoUnidade, quantidade, data) VALUES (34, 104, 3, 'Colheita', 'kg', 1150,  TO_DATE('20/09/2022', 'DD/MM/YYYY');
INSERT INTO OperacaoAgricola (idOperacaoAgricola, idParcela, idCultura, designacaoOperacaoAgricola, designacaoUnidade, quantidade, data) VALUES (35, 104, 4, 'Colheita', 'kg', 850,  TO_DATE('17/10/2022', 'DD/MM/YYYY');
INSERT INTO OperacaoAgricola (idOperacaoAgricola, idParcela, idCultura, designacaoOperacaoAgricola, designacaoUnidade, quantidade, data) VALUES (36, 104, 4, 'Colheita', 'kg', 900,  TO_DATE('06/11/2022', 'DD/MM/YYYY');
INSERT INTO OperacaoAgricola (idOperacaoAgricola, idParcela, idCultura, designacaoOperacaoAgricola, designacaoUnidade, quantidade, data) VALUES (37, 104, 5, 'Poda', 'un', 70,  TO_DATE('04/12/2022', 'DD/MM/YYYY');
INSERT INTO OperacaoAgricola (idOperacaoAgricola, idParcela, idCultura, designacaoOperacaoAgricola, designacaoUnidade, quantidade, data) VALUES (38, 104, 3, 'Poda', 'un', 90,  TO_DATE('07/12/2022', 'DD/MM/YYYY');
INSERT INTO OperacaoAgricola (idOperacaoAgricola, idParcela, idCultura, designacaoOperacaoAgricola, designacaoUnidade, quantidade, data) VALUES (39, 104, 4, 'Poda', 'un', 60,  TO_DATE('12/01/2023', 'DD/MM/YYYY');


-- tabela Parcela
INSERT INTO (idParcela, designacaoUnidade, designacaoSensor,  idEdificio, nomeParcela, area) VALUES(101, 'ha', ???? , 301, 'Campo da bouça', 1.2);
INSERT INTO (idParcela, designacaoUnidade, designacaoSensor,  idEdificio, nomeParcela, area) VALUES(102, 'ha', ???? , 301, 'Campo grande', 3.0);
INSERT INTO (idParcela, designacaoUnidade, designacaoSensor,  idEdificio, nomeParcela, area) VALUES(103, 'ha', ???? , 301, 'Campo do poço', 1.5);
INSERT INTO (idParcela, designacaoUnidade, designacaoSensor,  idEdificio, nomeParcela, area) VALUES(104, 'ha', ???? , 301, 'Lameiro da ponte', 0.8);
INSERT INTO (idParcela, designacaoUnidade, designacaoSensor,  idEdificio, nomeParcela, area) VALUES(105, 'ha', ???? , 301, 'Lameiro do moinho', 1.1);
INSERT INTO (idParcela, designacaoUnidade, designacaoSensor,  idEdificio, nomeParcela, area) VALUES(106, 'ha', ???? , 301, 'Horta', 0.1);


-- tabela Planta
INSERT INTO Planta(variedade, nomeComum, idCalendarioOperacao, especie) VALUES ('RAINHA CLAUDIA CARANGUEJEIRA', 'Ameixoeira', 1, 'Prunus domestica');
INSERT INTO Planta(variedade, nomeComum, idCalendarioOperacao, especie) VALUES ('PRESIDENT', 'Ameixoeira', 1, 'Prunus domestica');
INSERT INTO Planta(variedade, nomeComum, idCalendarioOperacao, especie) VALUES ('STANLEY', 'Ameixoeira', 1, 'Prunus domestica');
INSERT INTO Planta(variedade, nomeComum, idCalendarioOperacao, especie) VALUES ('ANGELENO', 'Ameixoeira', 1, 'Prunus domestica');
INSERT INTO Planta(variedade, nomeComum, idCalendarioOperacao, especie) VALUES ('BLACK BEAUTY', 'Ameixoeira', 1, 'Prunus domestica');
INSERT INTO Planta(variedade, nomeComum, idCalendarioOperacao, especie) VALUES ('BLACK STAR', 'Ameixoeira', 1, 'Prunus domestica');
INSERT INTO Planta(variedade, nomeComum, idCalendarioOperacao, especie) VALUES ('BLACK GOLD', 'Ameixoeira', 1, 'Prunus domestica');
INSERT INTO Planta(variedade, nomeComum, idCalendarioOperacao, especie) VALUES ('BLACK DIAMOND', 'Ameixoeira', 1, 'Prunus domestica');
INSERT INTO Planta(variedade, nomeComum, idCalendarioOperacao, especie) VALUES ('BLACK AMBER', 'Ameixoeira', 1, 'Prunus domestica');
INSERT INTO Planta(variedade, nomeComum, idCalendarioOperacao, especie) VALUES ('BLACK SPLENDOR', 'Ameixoeira', 1, 'Prunus domestica');
INSERT INTO Planta(variedade, nomeComum, idCalendarioOperacao, especie) VALUES ('FORTUNA', 'Ameixoeira', 1, 'Prunus domestica');
INSERT INTO Planta(variedade, nomeComum, idCalendarioOperacao, especie) VALUES ('FRIAR', 'Ameixoeira', 1, 'Prunus domestica');
INSERT INTO Planta(variedade, nomeComum, idCalendarioOperacao, especie) VALUES ('EL DORADO', 'Ameixoeira', 1, 'Prunus domestica');
INSERT INTO Planta(variedade, nomeComum, idCalendarioOperacao, especie) VALUES ('ELEPHANT HEART', 'Ameixoeira', 1, 'Prunus domestica');
INSERT INTO Planta(variedade, nomeComum, idCalendarioOperacao, especie) VALUES ('GOLDEN JAPAN', 'Ameixoeira', 1, 'Prunus domestica');
INSERT INTO Planta(variedade, nomeComum, idCalendarioOperacao, especie) VALUES ('HARRY PITCHON', 'Ameixoeira', 1, 'Prunus domestica');
INSERT INTO Planta(variedade, nomeComum, idCalendarioOperacao, especie) VALUES ('LAETITIA', 'Ameixoeira', 1, 'Prunus domestica');
INSERT INTO Planta(variedade, nomeComum, idCalendarioOperacao, especie) VALUES ('METLEY', 'Ameixoeira', 1, 'Prunus domestica');
INSERT INTO Planta(variedade, nomeComum, idCalendarioOperacao, especie) VALUES ('MIRABELLE DE NANCY', 'Ameixoeira', 1, 'Prunus domestica');
INSERT INTO Planta(variedade, nomeComum, idCalendarioOperacao, especie) VALUES ('QUEEN ROSE', 'Ameixoeira', 1, 'Prunus domestica');
INSERT INTO Planta(variedade, nomeComum, idCalendarioOperacao, especie) VALUES ('RED BEAUT', 'Ameixoeira', 1, 'Prunus domestica');
INSERT INTO Planta(variedade, nomeComum, idCalendarioOperacao, especie) VALUES ('SANTA ROSA', 'Ameixoeira', 1, 'Prunus domestica');
INSERT INTO Planta(variedade, nomeComum, idCalendarioOperacao, especie) VALUES ('SHIRO', 'Ameixoeira', 1, 'Prunus domestica');
INSERT INTO Planta(variedade, nomeComum, idCalendarioOperacao, especie) VALUES ('SUNGOLD', 'Ameixoeira', 1, 'Prunus domestica');
INSERT INTO Planta(variedade, nomeComum, idCalendarioOperacao, especie) VALUES ('WILSON PERFECTION', 'Ameixoeira', 1, 'Prunus domestica');
INSERT INTO Planta(variedade, nomeComum, idCalendarioOperacao, especie) VALUES ('AUTUMN GIANT', 'Ameixoeira', 1, 'Prunus domestica');
INSERT INTO Planta(variedade, nomeComum, idCalendarioOperacao, especie) VALUES ('BULIDA', 'Damasqueiro', 1, 'Prunus armeniaca');
INSERT INTO Planta(variedade, nomeComum, idCalendarioOperacao, especie) VALUES ('CANINO', 'Damasqueiro', 1, 'Prunus armeniaca');
INSERT INTO Planta(variedade, nomeComum, idCalendarioOperacao, especie) VALUES ('LIABAUD', 'Damasqueiro', 1, 'Prunus armeniaca');
INSERT INTO Planta(variedade, nomeComum, idCalendarioOperacao, especie) VALUES ('MAILLOT JAUNE', 'Damasqueiro', 1, 'Prunus armeniaca');
INSERT INTO Planta(variedade, nomeComum, idCalendarioOperacao, especie) VALUES ('POLONAIS', 'Damasqueiro', 1, 'Prunus armeniaca');
INSERT INTO Planta(variedade, nomeComum, idCalendarioOperacao, especie) VALUES ('AKANE', 'Macieira', 1, 'Malus domestica');
INSERT INTO Planta(variedade, nomeComum, idCalendarioOperacao, especie) VALUES ('BELGOLDEN', 'Macieira', 1, 'Malus domestica');
INSERT INTO Planta(variedade, nomeComum, idCalendarioOperacao, especie) VALUES ('BRAVO DE ESMOLFE', 'Macieira', 1, 'Malus domestica');
INSERT INTO Planta(variedade, nomeComum, idCalendarioOperacao, especie) VALUES ('CASA NOVA DE ALCOBAÇA', 'Macieira', 1, 'Malus domestica');
INSERT INTO Planta(variedade, nomeComum, idCalendarioOperacao, especie) VALUES ('EROVAN', 'Macieira', 1, 'Malus domestica');
INSERT INTO Planta(variedade, nomeComum, idCalendarioOperacao, especie) VALUES ('FUJI', 'Macieira', 1, 'Malus domestica');
INSERT INTO Planta(variedade, nomeComum, idCalendarioOperacao, especie) VALUES ('GRANNY SMITH', 'Macieira', 1, 'Malus domestica');
INSERT INTO Planta(variedade, nomeComum, idCalendarioOperacao, especie) VALUES ('GOLDEN DELICIOUS', 'Macieira', 1, 'Malus domestica');
INSERT INTO Planta(variedade, nomeComum, idCalendarioOperacao, especie) VALUES ('HI-EARLY', 'Macieira', 1, 'Malus domestica');
INSERT INTO Planta(variedade, nomeComum, idCalendarioOperacao, especie) VALUES ('JONAGORED', 'Macieira', 1, 'Malus domestica');
INSERT INTO Planta(variedade, nomeComum, idCalendarioOperacao, especie) VALUES ('LYSGOLDEN', 'Macieira', 1, 'Malus domestica');
INSERT INTO Planta(variedade, nomeComum, idCalendarioOperacao, especie) VALUES ('MUTSU', 'Macieira', 1, 'Malus domestica');
INSERT INTO Planta(variedade, nomeComum, idCalendarioOperacao, especie) VALUES ('PORTA DA LOJA', 'Macieira', 1, 'Malus domestica');
INSERT INTO Planta(variedade, nomeComum, idCalendarioOperacao, especie) VALUES ('REINETTE OU CANADA', 'Macieira', 1, 'Malus domestica');
INSERT INTO Planta(variedade, nomeComum, idCalendarioOperacao, especie) VALUES ('REINETTE OU GRAND FAY', 'Macieira', 1, 'Malus domestica');
INSERT INTO Planta(variedade, nomeComum, idCalendarioOperacao, especie) VALUES ('RISCADINHA DE PALMELA', 'Macieira', 1, 'Malus domestica');
INSERT INTO Planta(variedade, nomeComum, idCalendarioOperacao, especie) VALUES ('ROYAL GALA', 'Macieira', 1, 'Malus domestica');
INSERT INTO Planta(variedade, nomeComum, idCalendarioOperacao, especie) VALUES ('REDCHIEF', 'Macieira', 1, 'Malus domestica');
INSERT INTO Planta(variedade, nomeComum, idCalendarioOperacao, especie) VALUES ('STARKING', 'Macieira', 1, 'Malus domestica');
INSERT INTO Planta(variedade, nomeComum, idCalendarioOperacao, especie) VALUES ('SUMMER RED', 'Macieira', 1, 'Malus domestica');
INSERT INTO Planta(variedade, nomeComum, idCalendarioOperacao, especie) VALUES ('WELL'SPUR DELICIOUS', 'Macieira', 1, 'Malus domestica');
INSERT INTO Planta(variedade, nomeComum, idCalendarioOperacao, especie) VALUES ('NOIVA', 'Macieira', 1, 'Malus domestica');
INSERT INTO Planta(variedade, nomeComum, idCalendarioOperacao, especie) VALUES ('OLHO ABERTO', 'Macieira', 1, 'Malus domestica');
INSERT INTO Planta(variedade, nomeComum, idCalendarioOperacao, especie) VALUES ('CAMOESA ROSA', 'Macieira', 1, 'Malus domestica');
INSERT INTO Planta(variedade, nomeComum, idCalendarioOperacao, especie) VALUES ('MALÁPIO', 'Macieira', 1, 'Malus domestica');
INSERT INTO Planta(variedade, nomeComum, idCalendarioOperacao, especie) VALUES ('GRONHO DOCE', 'Macieira', 1, 'Malus domestica');
INSERT INTO Planta(variedade, nomeComum, idCalendarioOperacao, especie) VALUES ('PÉ DE BOI ', 'Macieira', 1, 'Malus domestica');
INSERT INTO Planta(variedade, nomeComum, idCalendarioOperacao, especie) VALUES ('PINOVA', 'Macieira', 1, 'Malus domestica');
INSERT INTO Planta(variedade, nomeComum, idCalendarioOperacao, especie) VALUES ('PARDO LINDO', 'Macieira', 1, 'Malus domestica');
INSERT INTO Planta(variedade, nomeComum, idCalendarioOperacao, especie) VALUES ('PIPO DE BASTO', 'Macieira', 1, 'Malus domestica');
INSERT INTO Planta(variedade, nomeComum, idCalendarioOperacao, especie) VALUES ('PRIMA', 'Macieira', 1, 'Malus domestica');
INSERT INTO Planta(variedade, nomeComum, idCalendarioOperacao, especie) VALUES ('QUERINA', 'Macieira', 1, 'Malus domestica');
INSERT INTO Planta(variedade, nomeComum, idCalendarioOperacao, especie) VALUES ('VISTA BELLA', 'Macieira', 1, 'Malus domestica');
INSERT INTO Planta(variedade, nomeComum, idCalendarioOperacao, especie) VALUES ('GOLDEN SMOOTHEE', 'Macieira', 1, 'Malus domestica');
INSERT INTO Planta(variedade, nomeComum, idCalendarioOperacao, especie) VALUES ('GOLDEN SUPREMA', 'Macieira', 1, 'Malus domestica');
INSERT INTO Planta(variedade, nomeComum, idCalendarioOperacao, especie) VALUES ('GLOSTER 69', 'Macieira', 1, 'Malus domestica');
INSERT INTO Planta(variedade, nomeComum, idCalendarioOperacao, especie) VALUES ('FREEDOM', 'Macieira', 1, 'Malus domestica');
INSERT INTO Planta(variedade, nomeComum, idCalendarioOperacao, especie) VALUES ('SNINSEIKI', 'Pera Nashi', 1, 'Pyrus pyrifolia');
INSERT INTO Planta(variedade, nomeComum, idCalendarioOperacao, especie) VALUES ('KUMOI', 'Pera Nashi', 1, 'Pyrus pyrifolia');
INSERT INTO Planta(variedade, nomeComum, idCalendarioOperacao, especie) VALUES ('HOSUI', 'Pera Nashi', 1, 'Pyrus pyrifolia');
INSERT INTO Planta(variedade, nomeComum, idCalendarioOperacao, especie) VALUES ('NIJISSEIKI', 'Pera Nashi', 1, 'Pyrus pyrifolia');
INSERT INTO Planta(variedade, nomeComum, idCalendarioOperacao, especie) VALUES ('Carson Hybrid', 'Cenoura', 1, 'Daucus carota subsp. Sativus');
INSERT INTO Planta(variedade, nomeComum, idCalendarioOperacao, especie) VALUES ('Red Cored Chantenay', 'Cenoura', 1, 'Daucus carota subsp. Sativus');
INSERT INTO Planta(variedade, nomeComum, idCalendarioOperacao, especie) VALUES ('Danvers Half Long', 'Cenoura', 1, 'Daucus carota subsp. Sativus');
INSERT INTO Planta(variedade, nomeComum, idCalendarioOperacao, especie) VALUES ('Imperator 58', 'Cenoura', 1, 'Daucus carota subsp. Sativus');
INSERT INTO Planta(variedade, nomeComum, idCalendarioOperacao, especie) VALUES ('Sugarsnax Hybrid', 'Cenoura', 1, 'Daucus carota subsp. Sativus');
INSERT INTO Planta(variedade, nomeComum, idCalendarioOperacao, especie) VALUES ('Nelson Hybrid', 'Cenoura', 1, 'Daucus carota subsp. Sativus');
INSERT INTO Planta(variedade, nomeComum, idCalendarioOperacao, especie) VALUES ('Scarlet Nantes', 'Cenoura', 1, 'Daucus carota subsp. Sativus');
INSERT INTO Planta(variedade, nomeComum, idCalendarioOperacao, especie) VALUES ('Amarelo', 'Tremoço', 1, 'Lupinus luteus');
INSERT INTO Planta(variedade, nomeComum, idCalendarioOperacao, especie) VALUES ('Branco', 'Tremoço', 1, 'Lupinus albus');
INSERT INTO Planta(variedade, nomeComum, idCalendarioOperacao, especie) VALUES ('MAS 24.C', 'Milho', 1, 'Zea mays');
INSERT INTO Planta(variedade, nomeComum, idCalendarioOperacao, especie) VALUES ('Doce Golden Bantam', 'Milho', 1, 'Zea mays');
INSERT INTO Planta(variedade, nomeComum, idCalendarioOperacao, especie) VALUES ('Senhora Conceição', 'Nabo greleiro', 1, 'Brassica rapa');
INSERT INTO Planta(variedade, nomeComum, idCalendarioOperacao, especie) VALUES ('COBRANÇOSA', 'Oliveira', 1, 'Olea europaea');
INSERT INTO Planta(variedade, nomeComum, idCalendarioOperacao, especie) VALUES ('ARBEQUINA', 'Oliveira', 1, 'Olea europaea');
INSERT INTO Planta(variedade, nomeComum, idCalendarioOperacao, especie) VALUES ('HOJIBLANCA', 'Oliveira', 1, 'Olea europaea');
INSERT INTO Planta(variedade, nomeComum, idCalendarioOperacao, especie) VALUES ('NEGRINHA DO FREIXO', 'Oliveira', 1, 'Olea europaea');
INSERT INTO Planta(variedade, nomeComum, idCalendarioOperacao, especie) VALUES ('PICUAL', 'Oliveira', 1, 'Olea europaea');
INSERT INTO Planta(variedade, nomeComum, idCalendarioOperacao, especie) VALUES ('MAÇANILHA', 'Oliveira', 1, 'Olea europaea');
INSERT INTO Planta(variedade, nomeComum, idCalendarioOperacao, especie) VALUES ('CONSERVA DE ELVAS', 'Oliveira', 1, 'Olea europaea');
INSERT INTO Planta(variedade, nomeComum, idCalendarioOperacao, especie) VALUES ('Galega ', 'Oliveira', 1, 'Olea europaea');


-- tabela Producao


-- tabela Produto


-- tabela Sensor


-- tabela SistemaDeRega
INSERT INTO SistemaDeRega(idEdificio) VALUES (301);


-- tabela Stock


-- tabela TipoAplicacao
INSERT INTO TipoAplicacao(metodoAplicacao) VALUES ('Fungicida');
INSERT INTO TipoAplicacao(metodoAplicacao) VALUES ('Fungicida');
INSERT INTO TipoAplicacao(metodoAplicacao) VALUES ('Adubo solo');
INSERT INTO TipoAplicacao(metodoAplicacao) VALUES ('Adubo solo');
INSERT INTO TipoAplicacao(metodoAplicacao) VALUES ('Adubo foliar+Fertirrega');


-- tabela TipoArmazem
INSERT INTO TipoArmazem(designacaoTipoArmazem) VALUES ('Garagem');


-- tabela TipoCultura
INSERT INTO TipoCultura('Permanente');
INSERT INTO TipoCultura('Temporária');


-- tabela TipoEdificio
INSERT INTO TipoEdificio(designacaoTipoEdificio) VALUES ('Armazém');
INSERT INTO TipoEdificio(designacaoTipoEdificio) VALUES ('Garagem');
INSERT INTO TipoEdificio(designacaoTipoEdificio) VALUES ('Moinho');
INSERT INTO TipoEdificio(designacaoTipoEdificio) VALUES ('Rega');


-- tabela TipoOperacaoAgricola
INSERT INTO TipoOperacaoAgricola(designacaoOperacaoAgricola) VALUES ('Plantação');
INSERT INTO TipoOperacaoAgricola(designacaoOperacaoAgricola) VALUES ('Poda');
INSERT INTO TipoOperacaoAgricola(designacaoOperacaoAgricola) VALUES ('Poda');
INSERT INTO TipoOperacaoAgricola(designacaoOperacaoAgricola) VALUES ('Incorporação no solo');
INSERT INTO TipoOperacaoAgricola(designacaoOperacaoAgricola) VALUES ('Fertilização');
INSERT INTO TipoOperacaoAgricola(designacaoOperacaoAgricola) VALUES ('Rega');
INSERT INTO TipoOperacaoAgricola(designacaoOperacaoAgricola) VALUES ('Colheita');


-- tabela TipoSensor

-- tabela TipoPermanencia
INSERT INTO TipoPermanencia('Permanente');
INSERT INTO TipoPermanencia('Temporária');


-- tabela TipoUnidade
INSERT INTO TipoUnidade(designacaoUnidade) VALUES ('ha');
INSERT INTO TipoUnidade(designacaoUnidade) VALUES ('m2');
INSERT INTO TipoUnidade(designacaoUnidade) VALUES ('m3');
INSERT INTO TipoUnidade(designacaoUnidade) VALUES ('un');
INSERT INTO TipoUnidade(designacaoUnidade) VALUES ('kg');


