--WORKS
INSERT INTO TipoPermanencia(designacaoTipoPermanencia) VALUES ('Permanente');
INSERT INTO TipoPermanencia(designacaoTipoPermanencia) VALUES ('Temporária');

--WORKS
INSERT INTO TipoUnidade(designacaoUnidade) VALUES ('ha');
INSERT INTO TipoUnidade(designacaoUnidade) VALUES ('m2');
INSERT INTO TipoUnidade(designacaoUnidade) VALUES ('m3');
INSERT INTO TipoUnidade(designacaoUnidade) VALUES ('un');
INSERT INTO TipoUnidade(designacaoUnidade) VALUES ('kg');
INSERT INTO TipoUnidade(designacaoUnidade) VALUES ('%');
INSERT INTO TipoUnidade(designacaoUnidade) VALUES (' ');

--WORKS
INSERT INTO TipoEdificio(designacaoTipoEdificio) VALUES ('Armazém');
INSERT INTO TipoEdificio(designacaoTipoEdificio) VALUES ('Garagem');
INSERT INTO TipoEdificio(designacaoTipoEdificio) VALUES ('Rega');
INSERT INTO TipoEdificio(designacaoTipoEdificio) VALUES ('Moinho');

--WORKS
INSERT INTO Edificio(idEdificio, designacaoTipoEdificio, designacaoUnidade, nomeEdificio, dimensao) VALUES (201, 'Armazém', 'm2', 'Espigueiro', 600);
INSERT INTO Edificio(idEdificio, designacaoTipoEdificio, designacaoUnidade, nomeEdificio, dimensao) VALUES (202, 'Armazém', 'm2', 'Armazém novo', 800);
INSERT INTO Edificio(idEdificio, designacaoTipoEdificio, designacaoUnidade, nomeEdificio, dimensao) VALUES (203, 'Garagem', 'm2', 'Armazém grande', 900);
INSERT INTO Edificio(idEdificio, designacaoTipoEdificio, designacaoUnidade, nomeEdificio, dimensao) VALUES (250, 'Moinho', ' ', 'Moinho', 0);
INSERT INTO Edificio(idEdificio, designacaoTipoEdificio, designacaoUnidade, nomeEdificio, dimensao) VALUES (301, 'Rega', 'm3', 'Tanque do campo grande', 18);
INSERT INTO Edificio(idEdificio, designacaoTipoEdificio, designacaoUnidade, nomeEdificio, dimensao) VALUES (302, 'Rega', 'm3', 'Poço da bouça', 35);
--WORKS
INSERT INTO Parcela(idParcela, designacaoUnidade, idEdificio, nomeParcela, area) VALUES(101, 'ha',  250, 'Campo da bouça', 1.2);
INSERT INTO Parcela(idParcela, designacaoUnidade, idEdificio, nomeParcela, area) VALUES(102, 'ha',  250, 'Campo grande', 3.0);
INSERT INTO Parcela(idParcela, designacaoUnidade, idEdificio, nomeParcela, area) VALUES(103, 'ha',  250, 'Campo do poço', 1.5);
INSERT INTO Parcela(idParcela, designacaoUnidade, idEdificio, nomeParcela, area) VALUES(104, 'ha',  250, 'Lameiro da ponte', 0.8);
INSERT INTO Parcela(idParcela, designacaoUnidade, idEdificio, nomeParcela, area) VALUES(105, 'ha',  250, 'Lameiro do moinho', 1.1);
INSERT INTO Parcela(idParcela, designacaoUnidade, idEdificio, nomeParcela, area) VALUES(106, 'ha',  250, 'Horta nova', 0.3);
INSERT INTO Parcela(idParcela, designacaoUnidade, idEdificio, nomeParcela, area) VALUES(107, 'ha',  250, 'Vinha', 2.0);

--WORKS
INSERT INTO CalendarioFenologico(idCalendarioFenologico,sementeira, poda, colheita, floracao) VALUES (1,' - ', 'Novembro a dezembro', 'Julho a agosto', 'Fevereiro a março');
INSERT INTO CalendarioFenologico(idCalendarioFenologico,sementeira, poda, colheita, floracao) VALUES (2,' - ', 'Novembro a dezembro', 'Agosto a setembro', 'Março a abril');
INSERT INTO CalendarioFenologico(idCalendarioFenologico,sementeira, poda, colheita, floracao) VALUES (3,' - ', 'Janeiro', 'Novembro a dezembro', 'Abril a maio');
INSERT INTO CalendarioFenologico(idCalendarioFenologico,sementeira, poda, colheita, floracao) VALUES (4,' - ', ' - ', ' - ', ' - ');
INSERT INTO CalendarioFenologico(idCalendarioFenologico,sementeira, poda, colheita, floracao) VALUES (5,' - ', ' - ', '80 dias', ' - ');
INSERT INTO CalendarioFenologico(idCalendarioFenologico,sementeira, poda, colheita, floracao) VALUES (6,'Abril a junho', ' - ', 'Julho a setembro', ' - ');
INSERT INTO CalendarioFenologico(idCalendarioFenologico,sementeira, poda, colheita, floracao) VALUES (7,'Março a setembro', ' - ', 'Junho a fevereiro', ' - ');
INSERT INTO CalendarioFenologico(idCalendarioFenologico,sementeira, poda, colheita, floracao) VALUES (8,' - ', ' - ', 'Outubro a novembro', ' - ');
INSERT INTO CalendarioFenologico(idCalendarioFenologico,sementeira, poda, colheita, floracao) VALUES (9,'Fevereiro a abril, agosto a outubro', ' - ', '90 dias', ' - ');
INSERT INTO CalendarioFenologico(idCalendarioFenologico,sementeira, poda, colheita, floracao) VALUES (10,' - ', 'Dezembro a janeiro', 'Junho a agosto', 'Maio');

--WORKS
INSERT INTO Planta(variedade, nomeComum, idCalendarioFenologico,designacaoTipoPermanencia, especie) VALUES ('RAINHA CLAUDIA CARANGUEJEIRA', 'Ameixoeira', 1,'Permanente', 'Prunus domestica');
INSERT INTO Planta(variedade, nomeComum, idCalendarioFenologico,designacaoTipoPermanencia, especie) VALUES ('PRESIDENT', 'Ameixoeira', 1,'Permanente', 'Prunus domestica');
INSERT INTO Planta(variedade, nomeComum, idCalendarioFenologico,designacaoTipoPermanencia, especie) VALUES ('STANLEY', 'Ameixoeira', 1,'Permanente', 'Prunus domestica');
INSERT INTO Planta(variedade, nomeComum, idCalendarioFenologico,designacaoTipoPermanencia, especie) VALUES ('ANGELENO', 'Ameixoeira', 1,'Permanente', 'Prunus domestica');
INSERT INTO Planta(variedade, nomeComum, idCalendarioFenologico,designacaoTipoPermanencia, especie) VALUES ('BLACK BEAUTY', 'Ameixoeira', 1,'Permanente', 'Prunus domestica');
INSERT INTO Planta(variedade, nomeComum, idCalendarioFenologico,designacaoTipoPermanencia, especie) VALUES ('BLACK STAR', 'Ameixoeira', 1,'Permanente', 'Prunus domestica');
INSERT INTO Planta(variedade, nomeComum, idCalendarioFenologico,designacaoTipoPermanencia, especie) VALUES ('BLACK GOLD', 'Ameixoeira', 1,'Permanente', 'Prunus domestica');
INSERT INTO Planta(variedade, nomeComum, idCalendarioFenologico,designacaoTipoPermanencia, especie) VALUES ('BLACK DIAMOND', 'Ameixoeira', 1,'Permanente', 'Prunus domestica');
INSERT INTO Planta(variedade, nomeComum, idCalendarioFenologico,designacaoTipoPermanencia, especie) VALUES ('BLACK AMBER', 'Ameixoeira', 1,'Permanente', 'Prunus domestica');
INSERT INTO Planta(variedade, nomeComum, idCalendarioFenologico,designacaoTipoPermanencia, especie) VALUES ('BLACK SPLENDOR', 'Ameixoeira', 1,'Permanente', 'Prunus domestica');
INSERT INTO Planta(variedade, nomeComum, idCalendarioFenologico,designacaoTipoPermanencia, especie) VALUES ('FORTUNA', 'Ameixoeira', 1,'Permanente', 'Prunus domestica');
INSERT INTO Planta(variedade, nomeComum, idCalendarioFenologico,designacaoTipoPermanencia, especie) VALUES ('FRIAR', 'Ameixoeira', 1,'Permanente', 'Prunus domestica');
INSERT INTO Planta(variedade, nomeComum, idCalendarioFenologico,designacaoTipoPermanencia, especie) VALUES ('EL DORADO', 'Ameixoeira', 1,'Permanente', 'Prunus domestica');
INSERT INTO Planta(variedade, nomeComum, idCalendarioFenologico,designacaoTipoPermanencia, especie) VALUES ('ELEPHANT HEART', 'Ameixoeira', 1,'Permanente', 'Prunus domestica');
INSERT INTO Planta(variedade, nomeComum, idCalendarioFenologico,designacaoTipoPermanencia, especie) VALUES ('GOLDEN JAPAN', 'Ameixoeira', 1,'Permanente', 'Prunus domestica');
INSERT INTO Planta(variedade, nomeComum, idCalendarioFenologico,designacaoTipoPermanencia, especie) VALUES ('HARRY PITCHON', 'Ameixoeira', 1,'Permanente', 'Prunus domestica');
INSERT INTO Planta(variedade, nomeComum, idCalendarioFenologico,designacaoTipoPermanencia, especie) VALUES ('LAETITIA', 'Ameixoeira', 1,'Permanente', 'Prunus domestica');
INSERT INTO Planta(variedade, nomeComum, idCalendarioFenologico,designacaoTipoPermanencia, especie) VALUES ('METLEY', 'Ameixoeira', 1,'Permanente', 'Prunus domestica');
INSERT INTO Planta(variedade, nomeComum, idCalendarioFenologico,designacaoTipoPermanencia, especie) VALUES ('MIRABELLE DE NANCY', 'Ameixoeira', 1,'Permanente', 'Prunus domestica');
INSERT INTO Planta(variedade, nomeComum, idCalendarioFenologico,designacaoTipoPermanencia, especie) VALUES ('QUEEN ROSE', 'Ameixoeira', 1,'Permanente', 'Prunus domestica');
INSERT INTO Planta(variedade, nomeComum, idCalendarioFenologico,designacaoTipoPermanencia, especie) VALUES ('RED BEAUT', 'Ameixoeira', 1,'Permanente', 'Prunus domestica');
INSERT INTO Planta(variedade, nomeComum, idCalendarioFenologico,designacaoTipoPermanencia, especie) VALUES ('SANTA ROSA', 'Ameixoeira', 1,'Permanente', 'Prunus domestica');
INSERT INTO Planta(variedade, nomeComum, idCalendarioFenologico,designacaoTipoPermanencia, especie) VALUES ('SHIRO', 'Ameixoeira', 1,'Permanente', 'Prunus domestica');
INSERT INTO Planta(variedade, nomeComum, idCalendarioFenologico,designacaoTipoPermanencia, especie) VALUES ('SUNGOLD', 'Ameixoeira', 1,'Permanente', 'Prunus domestica');
INSERT INTO Planta(variedade, nomeComum, idCalendarioFenologico,designacaoTipoPermanencia, especie) VALUES ('WILSON PERFECTION', 'Ameixoeira', 1,'Permanente', 'Prunus domestica');
INSERT INTO Planta(variedade, nomeComum, idCalendarioFenologico,designacaoTipoPermanencia, especie) VALUES ('AUTUMN GIANT', 'Ameixoeira', 1,'Permanente', 'Prunus domestica');
INSERT INTO Planta(variedade, nomeComum, idCalendarioFenologico,designacaoTipoPermanencia, especie) VALUES ('BULIDA', 'Damasqueiro', 1,'Permanente', 'Prunus armeniaca');
INSERT INTO Planta(variedade, nomeComum, idCalendarioFenologico,designacaoTipoPermanencia, especie) VALUES ('CANINO', 'Damasqueiro', 1,'Permanente', 'Prunus armeniaca');
INSERT INTO Planta(variedade, nomeComum, idCalendarioFenologico,designacaoTipoPermanencia, especie) VALUES ('LIABAUD', 'Damasqueiro', 1,'Permanente', 'Prunus armeniaca');
INSERT INTO Planta(variedade, nomeComum, idCalendarioFenologico,designacaoTipoPermanencia, especie) VALUES ('MAILLOT JAUNE', 'Damasqueiro', 1,'Permanente', 'Prunus armeniaca');
INSERT INTO Planta(variedade, nomeComum, idCalendarioFenologico,designacaoTipoPermanencia, especie) VALUES ('POLONAIS', 'Damasqueiro', 1,'Permanente', 'Prunus armeniaca');
INSERT INTO Planta(variedade, nomeComum, idCalendarioFenologico,designacaoTipoPermanencia, especie) VALUES ('AKANE', 'Macieira', 2,'Permanente', 'Malus domestica');
INSERT INTO Planta(variedade, nomeComum, idCalendarioFenologico,designacaoTipoPermanencia, especie) VALUES ('BELGOLDEN', 'Macieira', 2,'Permanente', 'Malus domestica');
INSERT INTO Planta(variedade, nomeComum, idCalendarioFenologico,designacaoTipoPermanencia, especie) VALUES ('BRAVO DE ESMOLFE', 'Macieira', 2,'Permanente', 'Malus domestica');
INSERT INTO Planta(variedade, nomeComum, idCalendarioFenologico,designacaoTipoPermanencia, especie) VALUES ('CASA NOVA DE ALCOBAÇA', 'Macieira', 2,'Permanente', 'Malus domestica');
INSERT INTO Planta(variedade, nomeComum, idCalendarioFenologico,designacaoTipoPermanencia, especie) VALUES ('EROVAN', 'Macieira', 2,'Permanente', 'Malus domestica');
INSERT INTO Planta(variedade, nomeComum, idCalendarioFenologico,designacaoTipoPermanencia, especie) VALUES ('FUJI', 'Macieira', 2,'Permanente', 'Malus domestica');
INSERT INTO Planta(variedade, nomeComum, idCalendarioFenologico,designacaoTipoPermanencia, especie) VALUES ('GRANNY SMITH', 'Macieira', 2,'Permanente', 'Malus domestica');
INSERT INTO Planta(variedade, nomeComum, idCalendarioFenologico,designacaoTipoPermanencia, especie) VALUES ('GOLDEN DELICIOUS', 'Macieira', 2,'Permanente', 'Malus domestica');
INSERT INTO Planta(variedade, nomeComum, idCalendarioFenologico,designacaoTipoPermanencia, especie) VALUES ('HI-EARLY', 'Macieira', 2,'Permanente', 'Malus domestica');
INSERT INTO Planta(variedade, nomeComum, idCalendarioFenologico,designacaoTipoPermanencia, especie) VALUES ('JONAGORED', 'Macieira', 2,'Permanente', 'Malus domestica');
INSERT INTO Planta(variedade, nomeComum, idCalendarioFenologico,designacaoTipoPermanencia, especie) VALUES ('LYSGOLDEN', 'Macieira', 2,'Permanente', 'Malus domestica');
INSERT INTO Planta(variedade, nomeComum, idCalendarioFenologico,designacaoTipoPermanencia, especie) VALUES ('MUTSU', 'Macieira', 2,'Permanente', 'Malus domestica');
INSERT INTO Planta(variedade, nomeComum, idCalendarioFenologico,designacaoTipoPermanencia, especie) VALUES ('PORTA DA LOJA', 'Macieira', 3,'Permanente', 'Malus domestica');
INSERT INTO Planta(variedade, nomeComum, idCalendarioFenologico,designacaoTipoPermanencia, especie) VALUES ('REINETTE OU CANADA', 'Macieira', 2,'Permanente', 'Malus domestica');
INSERT INTO Planta(variedade, nomeComum, idCalendarioFenologico,designacaoTipoPermanencia, especie) VALUES ('REINETTE OU GRAND FAY', 'Macieira', 2,'Permanente', 'Malus domestica');
INSERT INTO Planta(variedade, nomeComum, idCalendarioFenologico,designacaoTipoPermanencia, especie) VALUES ('RISCADINHA DE PALMELA', 'Macieira', 2,'Permanente', 'Malus domestica');
INSERT INTO Planta(variedade, nomeComum, idCalendarioFenologico,designacaoTipoPermanencia, especie) VALUES ('ROYAL GALA', 'Macieira', 2,'Permanente', 'Malus domestica');
INSERT INTO Planta(variedade, nomeComum, idCalendarioFenologico,designacaoTipoPermanencia, especie) VALUES ('REDCHIEF', 'Macieira', 2,'Permanente', 'Malus domestica');
INSERT INTO Planta(variedade, nomeComum, idCalendarioFenologico,designacaoTipoPermanencia, especie) VALUES ('STARKING', 'Macieira', 2,'Permanente', 'Malus domestica');
INSERT INTO Planta(variedade, nomeComum, idCalendarioFenologico,designacaoTipoPermanencia, especie) VALUES ('SUMMER RED', 'Macieira', 2,'Permanente', 'Malus domestica');
INSERT INTO Planta(variedade, nomeComum, idCalendarioFenologico,designacaoTipoPermanencia, especie) VALUES ('WELLSPUR DELICIOUS', 'Macieira', 2,'Permanente', 'Malus domestica');
INSERT INTO Planta(variedade, nomeComum, idCalendarioFenologico,designacaoTipoPermanencia, especie) VALUES ('NOIVA', 'Macieira', 2,'Permanente', 'Malus domestica');
INSERT INTO Planta(variedade, nomeComum, idCalendarioFenologico,designacaoTipoPermanencia, especie) VALUES ('OLHO ABERTO', 'Macieira', 2,'Permanente', 'Malus domestica');
INSERT INTO Planta(variedade, nomeComum, idCalendarioFenologico,designacaoTipoPermanencia, especie) VALUES ('CAMOESA ROSA', 'Macieira', 2,'Permanente', 'Malus domestica');
INSERT INTO Planta(variedade, nomeComum, idCalendarioFenologico,designacaoTipoPermanencia, especie) VALUES ('MALÁPIO', 'Macieira', 2,'Permanente', 'Malus domestica');
INSERT INTO Planta(variedade, nomeComum, idCalendarioFenologico,designacaoTipoPermanencia, especie) VALUES ('GRONHO DOCE', 'Macieira', 2,'Permanente', 'Malus domestica');
INSERT INTO Planta(variedade, nomeComum, idCalendarioFenologico,designacaoTipoPermanencia, especie) VALUES ('PÉ DE BOI ', 'Macieira', 2,'Permanente', 'Malus domestica');
INSERT INTO Planta(variedade, nomeComum, idCalendarioFenologico,designacaoTipoPermanencia, especie) VALUES ('PINOVA', 'Macieira', 2,'Permanente', 'Malus domestica');
INSERT INTO Planta(variedade, nomeComum, idCalendarioFenologico,designacaoTipoPermanencia, especie) VALUES ('PARDO LINDO', 'Macieira', 2,'Permanente', 'Malus domestica');
INSERT INTO Planta(variedade, nomeComum, idCalendarioFenologico,designacaoTipoPermanencia, especie) VALUES ('PIPO DE BASTO', 'Macieira', 2,'Permanente', 'Malus domestica');
INSERT INTO Planta(variedade, nomeComum, idCalendarioFenologico,designacaoTipoPermanencia, especie) VALUES ('PRIMA', 'Macieira', 2,'Permanente', 'Malus domestica');
INSERT INTO Planta(variedade, nomeComum, idCalendarioFenologico,designacaoTipoPermanencia, especie) VALUES ('QUERINA', 'Macieira', 2,'Permanente', 'Malus domestica');
INSERT INTO Planta(variedade, nomeComum, idCalendarioFenologico,designacaoTipoPermanencia, especie) VALUES ('VISTA BELLA', 'Macieira', 2,'Permanente', 'Malus domestica');
INSERT INTO Planta(variedade, nomeComum, idCalendarioFenologico,designacaoTipoPermanencia, especie) VALUES ('GOLDEN SMOOTHEE', 'Macieira', 2,'Permanente', 'Malus domestica');
INSERT INTO Planta(variedade, nomeComum, idCalendarioFenologico,designacaoTipoPermanencia, especie) VALUES ('GOLDEN SUPREMA', 'Macieira', 2,'Permanente', 'Malus domestica');
INSERT INTO Planta(variedade, nomeComum, idCalendarioFenologico,designacaoTipoPermanencia, especie) VALUES ('GLOSTER 69', 'Macieira', 2,'Permanente', 'Malus domestica');
INSERT INTO Planta(variedade, nomeComum, idCalendarioFenologico,designacaoTipoPermanencia, especie) VALUES ('FREEDOM', 'Macieira', 2,'Permanente', 'Malus domestica');
INSERT INTO Planta(variedade, nomeComum, idCalendarioFenologico,designacaoTipoPermanencia, especie) VALUES ('SNINSEIKI', 'Pera Nashi', 4,'Permanente', 'Pyrus pyrifolia');
INSERT INTO Planta(variedade, nomeComum, idCalendarioFenologico,designacaoTipoPermanencia, especie) VALUES ('KUMOI', 'Pera Nashi', 4,'Permanente', 'Pyrus pyrifolia');
INSERT INTO Planta(variedade, nomeComum, idCalendarioFenologico,designacaoTipoPermanencia, especie) VALUES ('HOSUI', 'Pera Nashi', 4,'Permanente', 'Pyrus pyrifolia');
INSERT INTO Planta(variedade, nomeComum, idCalendarioFenologico,designacaoTipoPermanencia, especie) VALUES ('NIJISSEIKI', 'Pera Nashi', 4,'Permanente', 'Pyrus pyrifolia');
INSERT INTO Planta(variedade, nomeComum, idCalendarioFenologico,designacaoTipoPermanencia, especie) VALUES ('CARSON HYBRID', 'Cenoura', 5,'Temporária', 'Daucus carota subsp. Sativus');
INSERT INTO Planta(variedade, nomeComum, idCalendarioFenologico,designacaoTipoPermanencia, especie) VALUES ('RED CORED CHANTENAY', 'Cenoura', 5,'Temporária', 'Daucus carota subsp. Sativus');
INSERT INTO Planta(variedade, nomeComum, idCalendarioFenologico,designacaoTipoPermanencia, especie) VALUES ('DANVERS HALF LONG', 'Cenoura', 5,'Temporária', 'Daucus carota subsp. Sativus');
INSERT INTO Planta(variedade, nomeComum, idCalendarioFenologico,designacaoTipoPermanencia, especie) VALUES ('IMPERATOR 58', 'Cenoura', 5,'Temporária', 'Daucus carota subsp. Sativus');
INSERT INTO Planta(variedade, nomeComum, idCalendarioFenologico,designacaoTipoPermanencia, especie) VALUES ('SUGARSNAX HYBRID', 'Cenoura', 5,'Temporária', 'Daucus carota subsp. Sativus');
INSERT INTO Planta(variedade, nomeComum, idCalendarioFenologico,designacaoTipoPermanencia, especie) VALUES ('NELSON HYBRID', 'Cenoura', 5,'Temporária', 'Daucus carota subsp. Sativus');
INSERT INTO Planta(variedade, nomeComum, idCalendarioFenologico,designacaoTipoPermanencia, especie) VALUES ('SCARLET NANTES', 'Cenoura', 5,'Temporária', 'Daucus carota subsp. Sativus');
INSERT INTO Planta(variedade, nomeComum, idCalendarioFenologico,designacaoTipoPermanencia, especie) VALUES ('AMARELO', 'Tremoço', 4,'Temporária', 'Lupinus luteus');
INSERT INTO Planta(variedade, nomeComum, idCalendarioFenologico,designacaoTipoPermanencia, especie) VALUES ('BRANCO', 'Tremoço', 4,'Temporária', 'Lupinus albus');
INSERT INTO Planta(variedade, nomeComum, idCalendarioFenologico,designacaoTipoPermanencia, especie) VALUES ('MAS 24.C', 'Milho', 6,'Temporária', 'Zea mays');
INSERT INTO Planta(variedade, nomeComum, idCalendarioFenologico,designacaoTipoPermanencia, especie) VALUES ('DOCE GOLDEN BANTAM', 'Milho', 6,'Temporária', 'Zea mays');
INSERT INTO Planta(variedade, nomeComum, idCalendarioFenologico,designacaoTipoPermanencia, especie) VALUES ('SENHORA CONCEIÇÃO', 'Nabo greleiro', 7,'Temporária', 'Brassica rapa');
INSERT INTO Planta(variedade, nomeComum, idCalendarioFenologico,designacaoTipoPermanencia, especie) VALUES ('COBRANÇOSA', 'Oliveira', 8,'Permanente', 'Olea europaea');
INSERT INTO Planta(variedade, nomeComum, idCalendarioFenologico,designacaoTipoPermanencia, especie) VALUES ('ARBEQUINA', 'Oliveira', 8,'Permanente', 'Olea europaea');
INSERT INTO Planta(variedade, nomeComum, idCalendarioFenologico,designacaoTipoPermanencia, especie) VALUES ('HOJIBLANCA', 'Oliveira', 8,'Permanente', 'Olea europaea');
INSERT INTO Planta(variedade, nomeComum, idCalendarioFenologico,designacaoTipoPermanencia, especie) VALUES ('NEGRINHA DO FREIXO', 'Oliveira', 8,'Permanente', 'Olea europaea');
INSERT INTO Planta(variedade, nomeComum, idCalendarioFenologico,designacaoTipoPermanencia, especie) VALUES ('PICUAL', 'Oliveira', 8,'Permanente', 'Olea europaea');
INSERT INTO Planta(variedade, nomeComum, idCalendarioFenologico,designacaoTipoPermanencia, especie) VALUES ('MAÇANILHA', 'Oliveira', 8,'Permanente', 'Olea europaea');
INSERT INTO Planta(variedade, nomeComum, idCalendarioFenologico,designacaoTipoPermanencia, especie) VALUES ('CONSERVA DE ELVAS', 'Oliveira', 8,'Permanente', 'Olea europaea');
INSERT INTO Planta(variedade, nomeComum, idCalendarioFenologico,designacaoTipoPermanencia, especie) VALUES ('GALEGA', 'Oliveira', 8,'Permanente', 'Olea europaea');
INSERT INTO Planta(variedade, nomeComum, idCalendarioFenologico,designacaoTipoPermanencia, especie) VALUES ('S. COSME', 'Nabo', 9,'Temporária', 'Brassica rapa');
INSERT INTO Planta(variedade, nomeComum, idCalendarioFenologico,designacaoTipoPermanencia, especie) VALUES ('DONA MARIA', 'Videira', 10,'Permanente', 'Vitis vinifera');
INSERT INTO Planta(variedade, nomeComum, idCalendarioFenologico,designacaoTipoPermanencia, especie) VALUES ('CARDINAL', 'Videira', 10,'Permanente', 'Vitis vinifera');

--WORKS
INSERT INTO Formulacao(estadoMateria) VALUES ('Líquido');
INSERT INTO Formulacao(estadoMateria) VALUES ('Granulado');
INSERT INTO Formulacao(estadoMateria) VALUES ('Pó');
INSERT INTO Formulacao(estadoMateria) VALUES ('Emulsão de óleo em água');
INSERT INTO Formulacao(estadoMateria) VALUES ('Pó molhável');

--WORKS
INSERT INTO MetodoAplicacao(metodoAplicacao) VALUES ('Fungicida');
INSERT INTO MetodoAplicacao(metodoAplicacao) VALUES ('Adubo solo');
INSERT INTO MetodoAplicacao(metodoAplicacao) VALUES ('Adubo foliar+Fertirrega');
INSERT INTO MetodoAplicacao(metodoAplicacao) VALUES ('Adubo foliar');
INSERT INTO MetodoAplicacao(metodoAplicacao) VALUES ('Correção solo');
INSERT INTO MetodoAplicacao(metodoAplicacao) VALUES ('Insecticida');

--WORKS
INSERT INTO ComponenteQuimico(formulaQuimica) VALUES ('CU');
INSERT INTO ComponenteQuimico(formulaQuimica) VALUES ('S');
INSERT INTO ComponenteQuimico(formulaQuimica) VALUES ('K');
INSERT INTO ComponenteQuimico(formulaQuimica) VALUES ('Mg');
INSERT INTO ComponenteQuimico(formulaQuimica) VALUES ('B');
INSERT INTO ComponenteQuimico(formulaQuimica) VALUES ('Mn');
INSERT INTO ComponenteQuimico(formulaQuimica) VALUES ('CaCO3');
INSERT INTO ComponenteQuimico(formulaQuimica) VALUES ('MgCO3');
INSERT INTO ComponenteQuimico(formulaQuimica) VALUES ('MgO');
INSERT INTO ComponenteQuimico(formulaQuimica) VALUES ('Bacillus pumilus');
INSERT INTO ComponenteQuimico(formulaQuimica) VALUES ('Ácidos gordos (na forma de sais de potássio)');
INSERT INTO ComponenteQuimico(formulaQuimica) VALUES ('Terpenóides');

--WORKS
INSERT INTO Classificacao(classificacao) VALUES ('Fitofármaco');
INSERT INTO Classificacao(classificacao) VALUES ('Adubo');
INSERT INTO Classificacao(classificacao) VALUES ('Corretor');

--WORKS
INSERT INTO FichaTecnica(idFichaTecnica) VALUES (1);
INSERT INTO FichaTecnica(idFichaTecnica) VALUES (2);
INSERT INTO FichaTecnica(idFichaTecnica) VALUES (3);
INSERT INTO FichaTecnica(idFichaTecnica) VALUES (4);
INSERT INTO FichaTecnica(idFichaTecnica) VALUES (5);
INSERT INTO FichaTecnica(idFichaTecnica) VALUES (6);
INSERT INTO FichaTecnica(idFichaTecnica) VALUES (7);
INSERT INTO FichaTecnica(idFichaTecnica) VALUES (8);
INSERT INTO FichaTecnica(idFichaTecnica) VALUES (9);
INSERT INTO FichaTecnica(idFichaTecnica) VALUES (10);
INSERT INTO FichaTecnica(idFichaTecnica) VALUES (11);

--WORKS
INSERT INTO ConstituicaoQuimica(formulaQuimica, idFichaTecnica, designacaoUnidade, quantidade) VALUES ('CU', 1, '%', 20.0);
INSERT INTO ConstituicaoQuimica(formulaQuimica, idFichaTecnica, designacaoUnidade, quantidade) VALUES ('S', 2, '%', 80.0);
INSERT INTO ConstituicaoQuimica(formulaQuimica, idFichaTecnica, designacaoUnidade, quantidade) VALUES ('K', 3, '%', 24.9);
INSERT INTO ConstituicaoQuimica(formulaQuimica, idFichaTecnica, designacaoUnidade, quantidade) VALUES ('Mg', 3, '%', 6.0);
INSERT INTO ConstituicaoQuimica(formulaQuimica, idFichaTecnica, designacaoUnidade, quantidade) VALUES ('S', 3, '%', 17.6);
INSERT INTO ConstituicaoQuimica(formulaQuimica, idFichaTecnica, designacaoUnidade, quantidade) VALUES ('Mg', 4, '%', 15.1);
INSERT INTO ConstituicaoQuimica(formulaQuimica, idFichaTecnica, designacaoUnidade, quantidade) VALUES ('S', 4, '%', 20.8);
INSERT INTO ConstituicaoQuimica(formulaQuimica, idFichaTecnica, designacaoUnidade, quantidade) VALUES ('Mg', 5, '%', 9.0);
INSERT INTO ConstituicaoQuimica(formulaQuimica, idFichaTecnica, designacaoUnidade, quantidade) VALUES ('S', 5, '%', 12.4);
INSERT INTO ConstituicaoQuimica(formulaQuimica, idFichaTecnica, designacaoUnidade, quantidade) VALUES ('B', 5, '%', 0.9);
INSERT INTO ConstituicaoQuimica(formulaQuimica, idFichaTecnica, designacaoUnidade, quantidade) VALUES ('Mn', 5, '%', 1.0);
INSERT INTO ConstituicaoQuimica(formulaQuimica, idFichaTecnica, designacaoUnidade, quantidade) VALUES ('Mg', 6, '%', 9.6);
INSERT INTO ConstituicaoQuimica(formulaQuimica, idFichaTecnica, designacaoUnidade, quantidade) VALUES ('S', 6, '%', 13.0);
INSERT INTO ConstituicaoQuimica(formulaQuimica, idFichaTecnica, designacaoUnidade, quantidade) VALUES ('CaCO3', 7, '%', 88.2);
INSERT INTO ConstituicaoQuimica(formulaQuimica, idFichaTecnica, designacaoUnidade, quantidade) VALUES ('MgCO3', 7, '%', 1.9);
INSERT INTO ConstituicaoQuimica(formulaQuimica, idFichaTecnica, designacaoUnidade, quantidade) VALUES ('CaCO3', 8, '%', 71.7);
INSERT INTO ConstituicaoQuimica(formulaQuimica, idFichaTecnica, designacaoUnidade, quantidade) VALUES ('MgCO3', 8, '%', 14.8);
INSERT INTO ConstituicaoQuimica(formulaQuimica, idFichaTecnica, designacaoUnidade, quantidade) VALUES ('MgO', 8, '%', 7.9);
INSERT INTO ConstituicaoQuimica(formulaQuimica, idFichaTecnica, designacaoUnidade, quantidade) VALUES ('Bacillus pumilus', 9, '%', 97.7);
INSERT INTO ConstituicaoQuimica(formulaQuimica, idFichaTecnica, designacaoUnidade, quantidade) VALUES ('Ácidos gordos (na forma de sais de potássio)', 10, '%', 47.8);
INSERT INTO ConstituicaoQuimica(formulaQuimica, idFichaTecnica, designacaoUnidade, quantidade) VALUES ('Terpenóides', 11, '%', 14.4);

--WORKS
INSERT INTO Cultura(idCultura, variedade, nomeComum) VALUES (1, 'GALEGA', 'Oliveira');
INSERT INTO Cultura(idCultura, variedade, nomeComum) VALUES (2, 'PICUAL', 'Oliveira');
INSERT INTO Cultura(idCultura, variedade, nomeComum) VALUES (3, 'JONAGORED', 'Macieira');
INSERT INTO Cultura(idCultura, variedade, nomeComum) VALUES (4, 'FUJI', 'Macieira');
INSERT INTO Cultura(idCultura, variedade, nomeComum) VALUES (5, 'ROYAL GALA', 'Macieira');
INSERT INTO Cultura(idCultura, variedade, nomeComum) VALUES (6, 'AMARELO', 'Tremoço');
INSERT INTO Cultura(idCultura, variedade, nomeComum) VALUES (7, 'DOCE GOLDEN BANTAM', 'Milho');
INSERT INTO Cultura(idCultura, variedade, nomeComum) VALUES (8, 'AMARELO', 'Tremoço');
INSERT INTO Cultura(idCultura, variedade, nomeComum) VALUES (9, 'SCARLET NANTES', 'Cenoura');
INSERT INTO Cultura(idCultura, variedade, nomeComum) VALUES (10, 'NELSON HYBRID', 'Cenoura');
INSERT INTO Cultura(idCultura, variedade, nomeComum) VALUES (11, 'S. COSME', 'Nabo');
INSERT INTO Cultura(idCultura, variedade, nomeComum) VALUES (12, 'SUGARSNAX HYBRID', 'Cenoura');
INSERT INTO Cultura(idCultura, variedade, nomeComum) VALUES (13, 'DANVERS HALF LONG', 'Cenoura');
INSERT INTO Cultura(idCultura, variedade, nomeComum) VALUES (14, 'MAS 24.C', 'Milho');
INSERT INTO Cultura(idCultura, variedade, nomeComum) VALUES (15, 'SENHORA CONCEIÇÃO', 'Nabo greleiro');
INSERT INTO Cultura(idCultura, variedade, nomeComum) VALUES (16, 'DONA MARIA', 'Videira');
INSERT INTO Cultura(idCultura, variedade, nomeComum) VALUES (17, 'CARDINAL', 'Videira');

--WORKS
INSERT INTO CulturaInstalada(idParcela, idCultura, dataInicial, designacaoUnidade, dataFinal, quantidade) VALUES (101, 6, TO_DATE('10/10/2020', 'DD/MM/YYYY'),'ha', TO_DATE('30/03/2021', 'DD/MM/YYYY'), 1.10);
INSERT INTO CulturaInstalada(idParcela, idCultura, dataInicial, designacaoUnidade, dataFinal, quantidade) VALUES (101, 7, TO_DATE('10/04/2021', 'DD/MM/YYYY'),'ha', TO_DATE('12/08/2021', 'DD/MM/YYYY'), 0.90);
INSERT INTO CulturaInstalada(idParcela, idCultura, dataInicial, designacaoUnidade, dataFinal, quantidade) VALUES (101, 6, TO_DATE('03/10/2021', 'DD/MM/YYYY'),'ha', TO_DATE('05/04/2022', 'DD/MM/YYYY'), 1.10);
INSERT INTO CulturaInstalada(idParcela, idCultura, dataInicial, designacaoUnidade, dataFinal, quantidade) VALUES (101, 7, TO_DATE('15/04/2022', 'DD/MM/YYYY'),'ha', TO_DATE('21/08/2022', 'DD/MM/YYYY'), 0.90);
INSERT INTO CulturaInstalada(idParcela, idCultura, dataInicial, designacaoUnidade, dataFinal, quantidade) VALUES (103, 14, TO_DATE('05/04/2020', 'DD/MM/YYYY'),'ha', TO_DATE('20/08/2020', 'DD/MM/YYYY'), 1.20);
INSERT INTO CulturaInstalada(idParcela, idCultura, dataInicial, designacaoUnidade, dataFinal, quantidade) VALUES (103, 6, TO_DATE('12/10/2020', 'DD/MM/YYYY'),'ha', TO_DATE('15/03/2021', 'DD/MM/YYYY'), 1.30);
INSERT INTO CulturaInstalada(idParcela, idCultura, dataInicial, designacaoUnidade, dataFinal, quantidade) VALUES (103, 14, TO_DATE('03/04/2021', 'DD/MM/YYYY'),'ha', TO_DATE('25/08/2021', 'DD/MM/YYYY'), 1.20);
INSERT INTO CulturaInstalada(idParcela, idCultura, dataInicial, designacaoUnidade, dataFinal, quantidade) VALUES (103, 6, TO_DATE('06/10/2021', 'DD/MM/YYYY'),'ha', TO_DATE('19/03/2022', 'DD/MM/YYYY'), 1.30);
INSERT INTO CulturaInstalada(idParcela, idCultura, dataInicial, designacaoUnidade, dataFinal, quantidade) VALUES (103, 14, TO_DATE('08/04/2022', 'DD/MM/YYYY'),'ha', TO_DATE('18/08/2022', 'DD/MM/YYYY'), 1.20);
INSERT INTO CulturaInstalada(idParcela, idCultura, dataInicial, designacaoUnidade, dataFinal, quantidade) VALUES (103, 6, TO_DATE('12/10/2022', 'DD/MM/YYYY'),'ha', TO_DATE('20/03/2023', 'DD/MM/YYYY'), 1.30);
INSERT INTO CulturaInstalada(idParcela, idCultura, dataInicial, designacaoUnidade, dataFinal, quantidade) VALUES (102, 1, TO_DATE('06/10/2016', 'DD/MM/YYYY'),'un', null, 30.00);
INSERT INTO CulturaInstalada(idParcela, idCultura, dataInicial, designacaoUnidade, dataFinal, quantidade) VALUES (102, 2, TO_DATE('10/10/2016', 'DD/MM/YYYY'),'un', null, 20.00);
INSERT INTO CulturaInstalada(idParcela, idCultura, dataInicial, designacaoUnidade, dataFinal, quantidade) VALUES (106, 9, TO_DATE('10/03/2020', 'DD/MM/YYYY'),'ha', TO_DATE('15/05/2020', 'DD/MM/YYYY'), 0.15);
INSERT INTO CulturaInstalada(idParcela, idCultura, dataInicial, designacaoUnidade, dataFinal, quantidade) VALUES (106, 10, TO_DATE('02/06/2020', 'DD/MM/YYYY'),'ha', TO_DATE('08/09/2020', 'DD/MM/YYYY'), 0.10);
INSERT INTO CulturaInstalada(idParcela, idCultura, dataInicial, designacaoUnidade, dataFinal, quantidade) VALUES (106, 11, TO_DATE('20/09/2020', 'DD/MM/YYYY'),'ha', TO_DATE('10/01/2021', 'DD/MM/YYYY'), 0.20);
INSERT INTO CulturaInstalada(idParcela, idCultura, dataInicial, designacaoUnidade, dataFinal, quantidade) VALUES (106, 12, TO_DATE('10/03/2021', 'DD/MM/YYYY'),'ha', TO_DATE('15/05/2021', 'DD/MM/YYYY'), 0.15);
INSERT INTO CulturaInstalada(idParcela, idCultura, dataInicial, designacaoUnidade, dataFinal, quantidade) VALUES (106, 13, TO_DATE('02/06/2021', 'DD/MM/YYYY'),'ha', TO_DATE('08/09/2021', 'DD/MM/YYYY'), 0.10);
INSERT INTO CulturaInstalada(idParcela, idCultura, dataInicial, designacaoUnidade, dataFinal, quantidade) VALUES (106, 11, TO_DATE('20/09/2021', 'DD/MM/YYYY'),'ha', TO_DATE('10/01/2022', 'DD/MM/YYYY'), 0.20);
INSERT INTO CulturaInstalada(idParcela, idCultura, dataInicial, designacaoUnidade, dataFinal, quantidade) VALUES (106, 12, TO_DATE('06/03/2022', 'DD/MM/YYYY'),'ha', TO_DATE('16/05/2022', 'DD/MM/YYYY'), 0.15);
INSERT INTO CulturaInstalada(idParcela, idCultura, dataInicial, designacaoUnidade, dataFinal, quantidade) VALUES (106, 10, TO_DATE('30/05/2022', 'DD/MM/YYYY'),'ha', TO_DATE('05/09/2022', 'DD/MM/YYYY'), 0.15);
INSERT INTO CulturaInstalada(idParcela, idCultura, dataInicial, designacaoUnidade, dataFinal, quantidade) VALUES (106, 15, TO_DATE('20/09/2022', 'DD/MM/YYYY'),'ha', TO_DATE('14/01/2023', 'DD/MM/YYYY'), 0.25);
INSERT INTO CulturaInstalada(idParcela, idCultura, dataInicial, designacaoUnidade, dataFinal, quantidade) VALUES (104, 3, TO_DATE('07/01/2017', 'DD/MM/YYYY'),'un', null, 90.00);
INSERT INTO CulturaInstalada(idParcela, idCultura, dataInicial, designacaoUnidade, dataFinal, quantidade) VALUES (104, 4, TO_DATE('08/01/2017', 'DD/MM/YYYY'),'un', null, 60.00);
INSERT INTO CulturaInstalada(idParcela, idCultura, dataInicial, designacaoUnidade, dataFinal, quantidade) VALUES (104, 5, TO_DATE('08/01/2017', 'DD/MM/YYYY'),'un', null, 40.00);
INSERT INTO CulturaInstalada(idParcela, idCultura, dataInicial, designacaoUnidade, dataFinal, quantidade) VALUES (104, 5, TO_DATE('10/12/2018', 'DD/MM/YYYY'),'un', null, 30.00);
INSERT INTO CulturaInstalada(idParcela, idCultura, dataInicial, designacaoUnidade, dataFinal, quantidade) VALUES (107, 16, TO_DATE('10/01/2018', 'DD/MM/YYYY'),'un', null, 500.00);
INSERT INTO CulturaInstalada(idParcela, idCultura, dataInicial, designacaoUnidade, dataFinal, quantidade) VALUES (107, 17, TO_DATE('11/01/2018', 'DD/MM/YYYY'),'un', null, 700.00);


--WORKS
INSERT INTO TipoOperacaoAgricola(designacaoOperacaoAgricola) VALUES ('Plantação');
INSERT INTO TipoOperacaoAgricola(designacaoOperacaoAgricola) VALUES ('Rega');
INSERT INTO TipoOperacaoAgricola(designacaoOperacaoAgricola) VALUES ('Poda');
INSERT INTO TipoOperacaoAgricola(designacaoOperacaoAgricola) VALUES ('Fertilização');
INSERT INTO TipoOperacaoAgricola(designacaoOperacaoAgricola) VALUES ('Aplicação fitofármaco');
INSERT INTO TipoOperacaoAgricola(designacaoOperacaoAgricola) VALUES ('Sementeira');
INSERT INTO TipoOperacaoAgricola(designacaoOperacaoAgricola) VALUES ('Colheita');
INSERT INTO TipoOperacaoAgricola(designacaoOperacaoAgricola) VALUES ('Incorporação no solo');

INSERT INTO Operacao (idOperacao, designacaoOperacaoAgricola, designacaoUnidade, quantidade, dataOperacao) VALUES (1, 'Plantação', 'un',   30.0,  TO_DATE('06/10/2016', 'DD/MM/YYYY'));
INSERT INTO Operacao (idOperacao, designacaoOperacaoAgricola, designacaoUnidade, quantidade, dataOperacao) VALUES (2, 'Plantação', 'un',   20.0,  TO_DATE('10/10/2016', 'DD/MM/YYYY'));
INSERT INTO Operacao (idOperacao, designacaoOperacaoAgricola, designacaoUnidade, quantidade, dataOperacao) VALUES (3, 'Plantação', 'un',   90.0,  TO_DATE('07/01/2017', 'DD/MM/YYYY'));
INSERT INTO Operacao (idOperacao, designacaoOperacaoAgricola, designacaoUnidade, quantidade, dataOperacao) VALUES (4, 'Plantação', 'un',   60.0,  TO_DATE('08/01/2017', 'DD/MM/YYYY'));
INSERT INTO Operacao (idOperacao, designacaoOperacaoAgricola, designacaoUnidade, quantidade, dataOperacao) VALUES (5, 'Plantação', 'un',   40.0,  TO_DATE('08/01/2017', 'DD/MM/YYYY'));
INSERT INTO Operacao (idOperacao, designacaoOperacaoAgricola, designacaoUnidade, quantidade, dataOperacao) VALUES (6, 'Rega', 'm3',   0.4,  TO_DATE('03/07/2017', 'DD/MM/YYYY'));
INSERT INTO Operacao (idOperacao, designacaoOperacaoAgricola, designacaoUnidade, quantidade, dataOperacao) VALUES (7, 'Rega', 'm3',   0.9,  TO_DATE('03/07/2017', 'DD/MM/YYYY'));
INSERT INTO Operacao (idOperacao, designacaoOperacaoAgricola, designacaoUnidade, quantidade, dataOperacao) VALUES (8, 'Rega', 'm3',   3.0,  TO_DATE('10/07/2017', 'DD/MM/YYYY'));
INSERT INTO Operacao (idOperacao, designacaoOperacaoAgricola, designacaoUnidade, quantidade, dataOperacao) VALUES (9, 'Rega', 'm3',   3.0,  TO_DATE('10/07/2017', 'DD/MM/YYYY'));
INSERT INTO Operacao (idOperacao, designacaoOperacaoAgricola, designacaoUnidade, quantidade, dataOperacao) VALUES (10, 'Rega', 'm3',   3.0,  TO_DATE('10/07/2017', 'DD/MM/YYYY'));
INSERT INTO Operacao (idOperacao, designacaoOperacaoAgricola, designacaoUnidade, quantidade, dataOperacao) VALUES (11, 'Rega', 'm3',   0.4,  TO_DATE('10/08/2017', 'DD/MM/YYYY'));
INSERT INTO Operacao (idOperacao, designacaoOperacaoAgricola, designacaoUnidade, quantidade, dataOperacao) VALUES (12, 'Rega', 'm3',   0.9,  TO_DATE('10/08/2017', 'DD/MM/YYYY'));
INSERT INTO Operacao (idOperacao, designacaoOperacaoAgricola, designacaoUnidade, quantidade, dataOperacao) VALUES (13, 'Rega', 'm3',   3.5,  TO_DATE('10/08/2017', 'DD/MM/YYYY'));
INSERT INTO Operacao (idOperacao, designacaoOperacaoAgricola, designacaoUnidade, quantidade, dataOperacao) VALUES (14, 'Rega', 'm3',   3.5,  TO_DATE('10/08/2017', 'DD/MM/YYYY'));
INSERT INTO Operacao (idOperacao, designacaoOperacaoAgricola, designacaoUnidade, quantidade, dataOperacao) VALUES (15, 'Rega', 'm3',   3.5,  TO_DATE('10/08/2017', 'DD/MM/YYYY'));
INSERT INTO Operacao (idOperacao, designacaoOperacaoAgricola, designacaoUnidade, quantidade, dataOperacao) VALUES (16, 'Rega', 'm3',   3.0,  TO_DATE('10/09/2017', 'DD/MM/YYYY'));
INSERT INTO Operacao (idOperacao, designacaoOperacaoAgricola, designacaoUnidade, quantidade, dataOperacao) VALUES (17, 'Rega', 'm3',   3.0,  TO_DATE('10/09/2017', 'DD/MM/YYYY'));
INSERT INTO Operacao (idOperacao, designacaoOperacaoAgricola, designacaoUnidade, quantidade, dataOperacao) VALUES (18, 'Rega', 'm3',   3.0,  TO_DATE('10/09/2017', 'DD/MM/YYYY'));
INSERT INTO Operacao (idOperacao, designacaoOperacaoAgricola, designacaoUnidade, quantidade, dataOperacao) VALUES (19, 'Poda', 'un',   30.0,  TO_DATE('04/11/2017', 'DD/MM/YYYY'));
INSERT INTO Operacao (idOperacao, designacaoOperacaoAgricola, designacaoUnidade, quantidade, dataOperacao) VALUES (20, 'Poda', 'un',   20.0,  TO_DATE('04/11/2017', 'DD/MM/YYYY'));
INSERT INTO Operacao (idOperacao, designacaoOperacaoAgricola, designacaoUnidade, quantidade, dataOperacao) VALUES (21, 'Fertilização', 'kg',   15.0,  TO_DATE('10/12/2017', 'DD/MM/YYYY'));
INSERT INTO Operacao (idOperacao, designacaoOperacaoAgricola, designacaoUnidade, quantidade, dataOperacao) VALUES (22, 'Fertilização', 'kg',   10.0,  TO_DATE('10/12/2017', 'DD/MM/YYYY'));
INSERT INTO Operacao (idOperacao, designacaoOperacaoAgricola, designacaoUnidade, quantidade, dataOperacao) VALUES (23, 'Poda', 'un',   90.0,  TO_DATE('07/01/2018', 'DD/MM/YYYY'));
INSERT INTO Operacao (idOperacao, designacaoOperacaoAgricola, designacaoUnidade, quantidade, dataOperacao) VALUES (24, 'Poda', 'un',   60.0,  TO_DATE('08/01/2018', 'DD/MM/YYYY'));
INSERT INTO Operacao (idOperacao, designacaoOperacaoAgricola, designacaoUnidade, quantidade, dataOperacao) VALUES (25, 'Poda', 'un',   40.0,  TO_DATE('08/01/2018', 'DD/MM/YYYY'));
INSERT INTO Operacao (idOperacao, designacaoOperacaoAgricola, designacaoUnidade, quantidade, dataOperacao) VALUES (26, 'Plantação', 'un',   500.0,  TO_DATE('10/01/2018', 'DD/MM/YYYY'));
INSERT INTO Operacao (idOperacao, designacaoOperacaoAgricola, designacaoUnidade, quantidade, dataOperacao) VALUES (27, 'Plantação', 'un',   700.0,  TO_DATE('11/01/2018', 'DD/MM/YYYY'));
INSERT INTO Operacao (idOperacao, designacaoOperacaoAgricola, designacaoUnidade, quantidade, dataOperacao) VALUES (28, 'Fertilização', 'kg',   10.0,  TO_DATE('06/02/2018', 'DD/MM/YYYY'));
INSERT INTO Operacao (idOperacao, designacaoOperacaoAgricola, designacaoUnidade, quantidade, dataOperacao) VALUES (29, 'Fertilização', 'kg',   6.0,  TO_DATE('06/02/2018', 'DD/MM/YYYY'));
INSERT INTO Operacao (idOperacao, designacaoOperacaoAgricola, designacaoUnidade, quantidade, dataOperacao) VALUES (30, 'Fertilização', 'kg',   5.0,  TO_DATE('06/02/2018', 'DD/MM/YYYY'));
INSERT INTO Operacao (idOperacao, designacaoOperacaoAgricola, designacaoUnidade, quantidade, dataOperacao) VALUES (31, 'Rega', 'm3',   1.0,  TO_DATE('03/07/2018', 'DD/MM/YYYY'));
INSERT INTO Operacao (idOperacao, designacaoOperacaoAgricola, designacaoUnidade, quantidade, dataOperacao) VALUES (32, 'Rega', 'm3',   1.5,  TO_DATE('03/07/2018', 'DD/MM/YYYY'));
INSERT INTO Operacao (idOperacao, designacaoOperacaoAgricola, designacaoUnidade, quantidade, dataOperacao) VALUES (33, 'Rega', 'm3',   3.5,  TO_DATE('10/07/2018', 'DD/MM/YYYY'));
INSERT INTO Operacao (idOperacao, designacaoOperacaoAgricola, designacaoUnidade, quantidade, dataOperacao) VALUES (34, 'Rega', 'm3',   3.5,  TO_DATE('10/07/2018', 'DD/MM/YYYY'));
INSERT INTO Operacao (idOperacao, designacaoOperacaoAgricola, designacaoUnidade, quantidade, dataOperacao) VALUES (35, 'Rega', 'm3',   3.5,  TO_DATE('10/07/2018', 'DD/MM/YYYY'));
INSERT INTO Operacao (idOperacao, designacaoOperacaoAgricola, designacaoUnidade, quantidade, dataOperacao) VALUES (36, 'Rega', 'm3',   6.0,  TO_DATE('10/07/2018', 'DD/MM/YYYY'));
INSERT INTO Operacao (idOperacao, designacaoOperacaoAgricola, designacaoUnidade, quantidade, dataOperacao) VALUES (37, 'Rega', 'm3',   6.0,  TO_DATE('10/07/2018', 'DD/MM/YYYY'));
INSERT INTO Operacao (idOperacao, designacaoOperacaoAgricola, designacaoUnidade, quantidade, dataOperacao) VALUES (38, 'Rega', 'm3',   1.0,  TO_DATE('10/08/2018', 'DD/MM/YYYY'));
INSERT INTO Operacao (idOperacao, designacaoOperacaoAgricola, designacaoUnidade, quantidade, dataOperacao) VALUES (39, 'Rega', 'm3',   1.5,  TO_DATE('10/08/2018', 'DD/MM/YYYY'));
INSERT INTO Operacao (idOperacao, designacaoOperacaoAgricola, designacaoUnidade, quantidade, dataOperacao) VALUES (40, 'Rega', 'm3',   4.0,  TO_DATE('10/08/2018', 'DD/MM/YYYY'));
INSERT INTO Operacao (idOperacao, designacaoOperacaoAgricola, designacaoUnidade, quantidade, dataOperacao) VALUES (41, 'Rega', 'm3',   4.0,  TO_DATE('10/08/2018', 'DD/MM/YYYY'));
INSERT INTO Operacao (idOperacao, designacaoOperacaoAgricola, designacaoUnidade, quantidade, dataOperacao) VALUES (42, 'Rega', 'm3',   4.0,  TO_DATE('10/08/2018', 'DD/MM/YYYY'));
INSERT INTO Operacao (idOperacao, designacaoOperacaoAgricola, designacaoUnidade, quantidade, dataOperacao) VALUES (43, 'Rega', 'm3',   7.0,  TO_DATE('11/08/2018', 'DD/MM/YYYY'));
INSERT INTO Operacao (idOperacao, designacaoOperacaoAgricola, designacaoUnidade, quantidade, dataOperacao) VALUES (44, 'Rega', 'm3',   7.0,  TO_DATE('11/08/2018', 'DD/MM/YYYY'));
INSERT INTO Operacao (idOperacao, designacaoOperacaoAgricola, designacaoUnidade, quantidade, dataOperacao) VALUES (45, 'Rega', 'm3',   4.0,  TO_DATE('02/09/2018', 'DD/MM/YYYY'));
INSERT INTO Operacao (idOperacao, designacaoOperacaoAgricola, designacaoUnidade, quantidade, dataOperacao) VALUES (46, 'Rega', 'm3',   4.0,  TO_DATE('02/09/2018', 'DD/MM/YYYY'));
INSERT INTO Operacao (idOperacao, designacaoOperacaoAgricola, designacaoUnidade, quantidade, dataOperacao) VALUES (47, 'Rega', 'm3',   4.0,  TO_DATE('02/09/2018', 'DD/MM/YYYY'));
INSERT INTO Operacao (idOperacao, designacaoOperacaoAgricola, designacaoUnidade, quantidade, dataOperacao) VALUES (48, 'Rega', 'm3',   4.0,  TO_DATE('10/09/2018', 'DD/MM/YYYY'));
INSERT INTO Operacao (idOperacao, designacaoOperacaoAgricola, designacaoUnidade, quantidade, dataOperacao) VALUES (49, 'Rega', 'm3',   4.0,  TO_DATE('10/09/2018', 'DD/MM/YYYY'));
INSERT INTO Operacao (idOperacao, designacaoOperacaoAgricola, designacaoUnidade, quantidade, dataOperacao) VALUES (50, 'Rega', 'm3',   4.0,  TO_DATE('10/09/2018', 'DD/MM/YYYY'));
INSERT INTO Operacao (idOperacao, designacaoOperacaoAgricola, designacaoUnidade, quantidade, dataOperacao) VALUES (51, 'Poda', 'un',   30.0,  TO_DATE('17/11/2018', 'DD/MM/YYYY'));
INSERT INTO Operacao (idOperacao, designacaoOperacaoAgricola, designacaoUnidade, quantidade, dataOperacao) VALUES (52, 'Poda', 'un',   20.0,  TO_DATE('17/11/2018', 'DD/MM/YYYY'));
INSERT INTO Operacao (idOperacao, designacaoOperacaoAgricola, designacaoUnidade, quantidade, dataOperacao) VALUES (53, 'Plantação', 'un',   30.0,  TO_DATE('10/12/2018', 'DD/MM/YYYY'));
INSERT INTO Operacao (idOperacao, designacaoOperacaoAgricola, designacaoUnidade, quantidade, dataOperacao) VALUES (54, 'Poda', 'un',   500.0,  TO_DATE('16/12/2018', 'DD/MM/YYYY'));
INSERT INTO Operacao (idOperacao, designacaoOperacaoAgricola, designacaoUnidade, quantidade, dataOperacao) VALUES (55, 'Poda', 'un',   700.0,  TO_DATE('18/12/2018', 'DD/MM/YYYY'));
INSERT INTO Operacao (idOperacao, designacaoOperacaoAgricola, designacaoUnidade, quantidade, dataOperacao) VALUES (56, 'Poda', 'un',   90.0,  TO_DATE('07/01/2019', 'DD/MM/YYYY'));
INSERT INTO Operacao (idOperacao, designacaoOperacaoAgricola, designacaoUnidade, quantidade, dataOperacao) VALUES (57, 'Poda', 'un',   60.0,  TO_DATE('08/01/2019', 'DD/MM/YYYY'));
INSERT INTO Operacao (idOperacao, designacaoOperacaoAgricola, designacaoUnidade, quantidade, dataOperacao) VALUES (58, 'Poda', 'un',   40.0,  TO_DATE('08/01/2019', 'DD/MM/YYYY'));
INSERT INTO Operacao (idOperacao, designacaoOperacaoAgricola, designacaoUnidade, quantidade, dataOperacao) VALUES (59, 'Poda', 'un',   40.0,  TO_DATE('08/01/2019', 'DD/MM/YYYY'));
INSERT INTO Operacao (idOperacao, designacaoOperacaoAgricola, designacaoUnidade, quantidade, dataOperacao) VALUES (60, 'Aplicação fitofármaco', 'kg',   2.0,  TO_DATE('20/01/2019', 'DD/MM/YYYY'));
INSERT INTO Operacao (idOperacao, designacaoOperacaoAgricola, designacaoUnidade, quantidade, dataOperacao) VALUES (61, 'Aplicação fitofármaco', 'kg',   2.5,  TO_DATE('20/01/2019', 'DD/MM/YYYY'));
INSERT INTO Operacao (idOperacao, designacaoOperacaoAgricola, designacaoUnidade, quantidade, dataOperacao) VALUES (62, 'Fertilização', 'kg',   10.0,  TO_DATE('06/02/2019', 'DD/MM/YYYY'));
INSERT INTO Operacao (idOperacao, designacaoOperacaoAgricola, designacaoUnidade, quantidade, dataOperacao) VALUES (63, 'Fertilização', 'kg',   5.0,  TO_DATE('06/02/2019', 'DD/MM/YYYY'));
INSERT INTO Operacao (idOperacao, designacaoOperacaoAgricola, designacaoUnidade, quantidade, dataOperacao) VALUES (64, 'Fertilização', 'kg',   7.0,  TO_DATE('06/02/2019', 'DD/MM/YYYY'));
INSERT INTO Operacao (idOperacao, designacaoOperacaoAgricola, designacaoUnidade, quantidade, dataOperacao) VALUES (65, 'Fertilização', 'kg',   7.0,  TO_DATE('06/02/2019', 'DD/MM/YYYY'));
INSERT INTO Operacao (idOperacao, designacaoOperacaoAgricola, designacaoUnidade, quantidade, dataOperacao) VALUES (66, 'Rega', 'm3',   1.0,  TO_DATE('03/07/2019', 'DD/MM/YYYY'));
INSERT INTO Operacao (idOperacao, designacaoOperacaoAgricola, designacaoUnidade, quantidade, dataOperacao) VALUES (67, 'Rega', 'm3',   1.5,  TO_DATE('03/07/2019', 'DD/MM/YYYY'));
INSERT INTO Operacao (idOperacao, designacaoOperacaoAgricola, designacaoUnidade, quantidade, dataOperacao) VALUES (68, 'Rega', 'm3',   4.0,  TO_DATE('03/07/2019', 'DD/MM/YYYY'));
INSERT INTO Operacao (idOperacao, designacaoOperacaoAgricola, designacaoUnidade, quantidade, dataOperacao) VALUES (69, 'Rega', 'm3',   4.0,  TO_DATE('03/07/2019', 'DD/MM/YYYY'));
INSERT INTO Operacao (idOperacao, designacaoOperacaoAgricola, designacaoUnidade, quantidade, dataOperacao) VALUES (70, 'Rega', 'm3',   4.0,  TO_DATE('03/07/2019', 'DD/MM/YYYY'));
INSERT INTO Operacao (idOperacao, designacaoOperacaoAgricola, designacaoUnidade, quantidade, dataOperacao) VALUES (71, 'Rega', 'm3',   4.0,  TO_DATE('03/07/2019', 'DD/MM/YYYY'));
INSERT INTO Operacao (idOperacao, designacaoOperacaoAgricola, designacaoUnidade, quantidade, dataOperacao) VALUES (72, 'Rega', 'm3',   6.0,  TO_DATE('10/07/2019', 'DD/MM/YYYY'));
INSERT INTO Operacao (idOperacao, designacaoOperacaoAgricola, designacaoUnidade, quantidade, dataOperacao) VALUES (73, 'Rega', 'm3',   6.0,  TO_DATE('10/07/2019', 'DD/MM/YYYY'));
INSERT INTO Operacao (idOperacao, designacaoOperacaoAgricola, designacaoUnidade, quantidade, dataOperacao) VALUES (74, 'Rega', 'm3',   1.0,  TO_DATE('10/08/2019', 'DD/MM/YYYY'));
INSERT INTO Operacao (idOperacao, designacaoOperacaoAgricola, designacaoUnidade, quantidade, dataOperacao) VALUES (75, 'Rega', 'm3',   1.5,  TO_DATE('10/08/2019', 'DD/MM/YYYY'));
INSERT INTO Operacao (idOperacao, designacaoOperacaoAgricola, designacaoUnidade, quantidade, dataOperacao) VALUES (76, 'Rega', 'm3',   4.0,  TO_DATE('10/08/2019', 'DD/MM/YYYY'));
INSERT INTO Operacao (idOperacao, designacaoOperacaoAgricola, designacaoUnidade, quantidade, dataOperacao) VALUES (77, 'Rega', 'm3',   4.0,  TO_DATE('10/08/2019', 'DD/MM/YYYY'));
INSERT INTO Operacao (idOperacao, designacaoOperacaoAgricola, designacaoUnidade, quantidade, dataOperacao) VALUES (78, 'Rega', 'm3',   4.0,  TO_DATE('10/08/2019', 'DD/MM/YYYY'));
INSERT INTO Operacao (idOperacao, designacaoOperacaoAgricola, designacaoUnidade, quantidade, dataOperacao) VALUES (79, 'Rega', 'm3',   4.0,  TO_DATE('10/08/2019', 'DD/MM/YYYY'));
INSERT INTO Operacao (idOperacao, designacaoOperacaoAgricola, designacaoUnidade, quantidade, dataOperacao) VALUES (80, 'Rega', 'm3',   7.0,  TO_DATE('11/08/2019', 'DD/MM/YYYY'));
INSERT INTO Operacao (idOperacao, designacaoOperacaoAgricola, designacaoUnidade, quantidade, dataOperacao) VALUES (81, 'Rega', 'm3',   7.0,  TO_DATE('11/08/2019', 'DD/MM/YYYY'));
INSERT INTO Operacao (idOperacao, designacaoOperacaoAgricola, designacaoUnidade, quantidade, dataOperacao) VALUES (82, 'Poda', 'un',   30.0,  TO_DATE('15/11/2019', 'DD/MM/YYYY'));
INSERT INTO Operacao (idOperacao, designacaoOperacaoAgricola, designacaoUnidade, quantidade, dataOperacao) VALUES (83, 'Poda', 'un',   20.0,  TO_DATE('15/11/2019', 'DD/MM/YYYY'));
INSERT INTO Operacao (idOperacao, designacaoOperacaoAgricola, designacaoUnidade, quantidade, dataOperacao) VALUES (84, 'Poda', 'un',   500.0,  TO_DATE('16/12/2019', 'DD/MM/YYYY'));
INSERT INTO Operacao (idOperacao, designacaoOperacaoAgricola, designacaoUnidade, quantidade, dataOperacao) VALUES (85, 'Poda', 'un',   700.0,  TO_DATE('18/12/2019', 'DD/MM/YYYY'));
INSERT INTO Operacao (idOperacao, designacaoOperacaoAgricola, designacaoUnidade, quantidade, dataOperacao) VALUES (86, 'Aplicação fitofármaco', 'kg',   2.0,  TO_DATE('20/01/2020', 'DD/MM/YYYY'));
INSERT INTO Operacao (idOperacao, designacaoOperacaoAgricola, designacaoUnidade, quantidade, dataOperacao) VALUES (87, 'Aplicação fitofármaco', 'kg',   2.5,  TO_DATE('20/01/2020', 'DD/MM/YYYY'));
INSERT INTO Operacao (idOperacao, designacaoOperacaoAgricola, designacaoUnidade, quantidade, dataOperacao) VALUES (88, 'Sementeira', 'kg',   0.9,  TO_DATE('12/03/2020', 'DD/MM/YYYY'));
INSERT INTO Operacao (idOperacao, designacaoOperacaoAgricola, designacaoUnidade, quantidade, dataOperacao) VALUES (89, 'Fertilização', 'kg',   600.0,  TO_DATE('30/03/2020', 'DD/MM/YYYY'));
INSERT INTO Operacao (idOperacao, designacaoOperacaoAgricola, designacaoUnidade, quantidade, dataOperacao) VALUES (90, 'Sementeira', 'ha',   1.2,  TO_DATE('05/04/2020', 'DD/MM/YYYY'));
INSERT INTO Operacao (idOperacao, designacaoOperacaoAgricola, designacaoUnidade, quantidade, dataOperacao) VALUES (91, 'Colheita', 'kg',   2200.0,  TO_DATE('05/05/2020', 'DD/MM/YYYY'));
INSERT INTO Operacao (idOperacao, designacaoOperacaoAgricola, designacaoUnidade, quantidade, dataOperacao) VALUES (92, 'Colheita', 'kg',   1400.0,  TO_DATE('15/05/2020', 'DD/MM/YYYY'));
INSERT INTO Operacao (idOperacao, designacaoOperacaoAgricola, designacaoUnidade, quantidade, dataOperacao) VALUES (93, 'Sementeira', 'kg',   0.6,  TO_DATE('02/06/2020', 'DD/MM/YYYY'));
INSERT INTO Operacao (idOperacao, designacaoOperacaoAgricola, designacaoUnidade, quantidade, dataOperacao) VALUES (94, 'Rega', 'm3',   1.0,  TO_DATE('03/07/2020', 'DD/MM/YYYY'));
INSERT INTO Operacao (idOperacao, designacaoOperacaoAgricola, designacaoUnidade, quantidade, dataOperacao) VALUES (95, 'Rega', 'm3',   1.5,  TO_DATE('03/07/2020', 'DD/MM/YYYY'));
INSERT INTO Operacao (idOperacao, designacaoOperacaoAgricola, designacaoUnidade, quantidade, dataOperacao) VALUES (96, 'Rega', 'm3',   6.0,  TO_DATE('10/07/2020', 'DD/MM/YYYY'));
INSERT INTO Operacao (idOperacao, designacaoOperacaoAgricola, designacaoUnidade, quantidade, dataOperacao) VALUES (97, 'Rega', 'm3',   6.0,  TO_DATE('10/07/2020', 'DD/MM/YYYY'));
INSERT INTO Operacao (idOperacao, designacaoOperacaoAgricola, designacaoUnidade, quantidade, dataOperacao) VALUES (98, 'Rega', 'm3',   15.0,  TO_DATE('12/07/2020', 'DD/MM/YYYY'));
INSERT INTO Operacao (idOperacao, designacaoOperacaoAgricola, designacaoUnidade, quantidade, dataOperacao) VALUES (99, 'Rega', 'm3',   2.5,  TO_DATE('15/07/2020', 'DD/MM/YYYY'));
INSERT INTO Operacao (idOperacao, designacaoOperacaoAgricola, designacaoUnidade, quantidade, dataOperacao) VALUES (100, 'Rega', 'm3',   15.0,  TO_DATE('28/07/2020', 'DD/MM/YYYY'));
INSERT INTO Operacao (idOperacao, designacaoOperacaoAgricola, designacaoUnidade, quantidade, dataOperacao) VALUES (101, 'Rega', 'm3',   1.0,  TO_DATE('10/08/2020', 'DD/MM/YYYY'));
INSERT INTO Operacao (idOperacao, designacaoOperacaoAgricola, designacaoUnidade, quantidade, dataOperacao) VALUES (102, 'Rega', 'm3',   1.5,  TO_DATE('10/08/2020', 'DD/MM/YYYY'));
INSERT INTO Operacao (idOperacao, designacaoOperacaoAgricola, designacaoUnidade, quantidade, dataOperacao) VALUES (103, 'Rega', 'm3',   15.0,  TO_DATE('10/08/2020', 'DD/MM/YYYY'));
INSERT INTO Operacao (idOperacao, designacaoOperacaoAgricola, designacaoUnidade, quantidade, dataOperacao) VALUES (104, 'Rega', 'm3',   7.0,  TO_DATE('11/08/2020', 'DD/MM/YYYY'));
INSERT INTO Operacao (idOperacao, designacaoOperacaoAgricola, designacaoUnidade, quantidade, dataOperacao) VALUES (105, 'Rega', 'm3',   7.0,  TO_DATE('11/08/2020', 'DD/MM/YYYY'));
INSERT INTO Operacao (idOperacao, designacaoOperacaoAgricola, designacaoUnidade, quantidade, dataOperacao) VALUES (106, 'Rega', 'm3',   3.5,  TO_DATE('12/08/2020', 'DD/MM/YYYY'));
INSERT INTO Operacao (idOperacao, designacaoOperacaoAgricola, designacaoUnidade, quantidade, dataOperacao) VALUES (107, 'Colheita', 'kg',   3300.0,  TO_DATE('20/08/2020', 'DD/MM/YYYY'));
INSERT INTO Operacao (idOperacao, designacaoOperacaoAgricola, designacaoUnidade, quantidade, dataOperacao) VALUES (108, 'Colheita', 'kg',   600.0,  TO_DATE('28/08/2020', 'DD/MM/YYYY'));
INSERT INTO Operacao (idOperacao, designacaoOperacaoAgricola, designacaoUnidade, quantidade, dataOperacao) VALUES (109, 'Colheita', 'kg',   1800.0,  TO_DATE('07/09/2020', 'DD/MM/YYYY'));
INSERT INTO Operacao (idOperacao, designacaoOperacaoAgricola, designacaoUnidade, quantidade, dataOperacao) VALUES (110, 'Sementeira', 'kg',   0.6,  TO_DATE('20/09/2020', 'DD/MM/YYYY'));
INSERT INTO Operacao (idOperacao, designacaoOperacaoAgricola, designacaoUnidade, quantidade, dataOperacao) VALUES (111, 'Sementeira', 'kg',   36.0,  TO_DATE('10/10/2020', 'DD/MM/YYYY'));
INSERT INTO Operacao (idOperacao, designacaoOperacaoAgricola, designacaoUnidade, quantidade, dataOperacao) VALUES (112, 'Sementeira', 'ha',   1.3,  TO_DATE('12/10/2020', 'DD/MM/YYYY'));
INSERT INTO Operacao (idOperacao, designacaoOperacaoAgricola, designacaoUnidade, quantidade, dataOperacao) VALUES (113, 'Poda', 'un',   30.0,  TO_DATE('10/11/2020', 'DD/MM/YYYY'));
INSERT INTO Operacao (idOperacao, designacaoOperacaoAgricola, designacaoUnidade, quantidade, dataOperacao) VALUES (114, 'Poda', 'un',   20.0,  TO_DATE('10/11/2020', 'DD/MM/YYYY'));
INSERT INTO Operacao (idOperacao, designacaoOperacaoAgricola, designacaoUnidade, quantidade, dataOperacao) VALUES (115, 'Colheita', 'kg',   600.0,  TO_DATE('15/11/2020', 'DD/MM/YYYY'));
INSERT INTO Operacao (idOperacao, designacaoOperacaoAgricola, designacaoUnidade, quantidade, dataOperacao) VALUES (116, 'Poda', 'un',   70.0,  TO_DATE('05/12/2020', 'DD/MM/YYYY'));
INSERT INTO Operacao (idOperacao, designacaoOperacaoAgricola, designacaoUnidade, quantidade, dataOperacao) VALUES (117, 'Poda', 'un',   70.0,  TO_DATE('05/12/2020', 'DD/MM/YYYY'));
INSERT INTO Operacao (idOperacao, designacaoOperacaoAgricola, designacaoUnidade, quantidade, dataOperacao) VALUES (118, 'Poda', 'un',   50.0,  TO_DATE('05/12/2020', 'DD/MM/YYYY'));
INSERT INTO Operacao (idOperacao, designacaoOperacaoAgricola, designacaoUnidade, quantidade, dataOperacao) VALUES (119, 'Fertilização', 'kg',   10.0,  TO_DATE('10/12/2020', 'DD/MM/YYYY'));
INSERT INTO Operacao (idOperacao, designacaoOperacaoAgricola, designacaoUnidade, quantidade, dataOperacao) VALUES (120, 'Fertilização', 'kg',   7.0,  TO_DATE('10/12/2020', 'DD/MM/YYYY'));
INSERT INTO Operacao (idOperacao, designacaoOperacaoAgricola, designacaoUnidade, quantidade, dataOperacao) VALUES (121, 'Poda', 'un',   40.0,  TO_DATE('15/12/2020', 'DD/MM/YYYY'));
INSERT INTO Operacao (idOperacao, designacaoOperacaoAgricola, designacaoUnidade, quantidade, dataOperacao) VALUES (122, 'Poda', 'un',   60.0,  TO_DATE('15/12/2020', 'DD/MM/YYYY'));
INSERT INTO Operacao (idOperacao, designacaoOperacaoAgricola, designacaoUnidade, quantidade, dataOperacao) VALUES (123, 'Poda', 'un',   500.0,  TO_DATE('16/12/2020', 'DD/MM/YYYY'));
INSERT INTO Operacao (idOperacao, designacaoOperacaoAgricola, designacaoUnidade, quantidade, dataOperacao) VALUES (124, 'Colheita', 'kg',   2500.0,  TO_DATE('18/12/2020', 'DD/MM/YYYY'));
INSERT INTO Operacao (idOperacao, designacaoOperacaoAgricola, designacaoUnidade, quantidade, dataOperacao) VALUES (125, 'Poda', 'un',   700.0,  TO_DATE('18/12/2020', 'DD/MM/YYYY'));
INSERT INTO Operacao (idOperacao, designacaoOperacaoAgricola, designacaoUnidade, quantidade, dataOperacao) VALUES (126, 'Colheita', 'kg',   2900.0,  TO_DATE('04/01/2021', 'DD/MM/YYYY'));
INSERT INTO Operacao (idOperacao, designacaoOperacaoAgricola, designacaoUnidade, quantidade, dataOperacao) VALUES (127, 'Aplicação fitofármaco', 'kg',   2.0,  TO_DATE('20/01/2021', 'DD/MM/YYYY'));
INSERT INTO Operacao (idOperacao, designacaoOperacaoAgricola, designacaoUnidade, quantidade, dataOperacao) VALUES (128, 'Aplicação fitofármaco', 'kg',   2.5,  TO_DATE('20/01/2021', 'DD/MM/YYYY'));
INSERT INTO Operacao (idOperacao, designacaoOperacaoAgricola, designacaoUnidade, quantidade, dataOperacao) VALUES (129, 'Sementeira', 'kg',   0.9,  TO_DATE('10/03/2021', 'DD/MM/YYYY'));
INSERT INTO Operacao (idOperacao, designacaoOperacaoAgricola, designacaoUnidade, quantidade, dataOperacao) VALUES (130, 'Incorporação no solo', 'ha',   1.3,  TO_DATE('14/03/2021', 'DD/MM/YYYY'));
INSERT INTO Operacao (idOperacao, designacaoOperacaoAgricola, designacaoUnidade, quantidade, dataOperacao) VALUES (131, 'Incorporação no solo', 'ha',   1.3,  TO_DATE('30/03/2021', 'DD/MM/YYYY'));
INSERT INTO Operacao (idOperacao, designacaoOperacaoAgricola, designacaoUnidade, quantidade, dataOperacao) VALUES (132, 'Sementeira', 'ha',   1.2,  TO_DATE('03/04/2021', 'DD/MM/YYYY'));
INSERT INTO Operacao (idOperacao, designacaoOperacaoAgricola, designacaoUnidade, quantidade, dataOperacao) VALUES (133, 'Sementeira', 'kg',   30.0,  TO_DATE('10/04/2021', 'DD/MM/YYYY'));
INSERT INTO Operacao (idOperacao, designacaoOperacaoAgricola, designacaoUnidade, quantidade, dataOperacao) VALUES (134, 'Fertilização', 'kg',   10.0,  TO_DATE('02/05/2021', 'DD/MM/YYYY'));
INSERT INTO Operacao (idOperacao, designacaoOperacaoAgricola, designacaoUnidade, quantidade, dataOperacao) VALUES (135, 'Fertilização', 'kg',   10.0,  TO_DATE('02/05/2021', 'DD/MM/YYYY'));
INSERT INTO Operacao (idOperacao, designacaoOperacaoAgricola, designacaoUnidade, quantidade, dataOperacao) VALUES (136, 'Fertilização', 'kg',   10.0,  TO_DATE('02/05/2021', 'DD/MM/YYYY'));
INSERT INTO Operacao (idOperacao, designacaoOperacaoAgricola, designacaoUnidade, quantidade, dataOperacao) VALUES (137, 'Fertilização', 'kg',   10.0,  TO_DATE('02/05/2021', 'DD/MM/YYYY'));
INSERT INTO Operacao (idOperacao, designacaoOperacaoAgricola, designacaoUnidade, quantidade, dataOperacao) VALUES (138, 'Colheita', 'kg',   2200.0,  TO_DATE('05/05/2021', 'DD/MM/YYYY'));
INSERT INTO Operacao (idOperacao, designacaoOperacaoAgricola, designacaoUnidade, quantidade, dataOperacao) VALUES (139, 'Colheita', 'kg',   1400.0,  TO_DATE('15/05/2021', 'DD/MM/YYYY'));
INSERT INTO Operacao (idOperacao, designacaoOperacaoAgricola, designacaoUnidade, quantidade, dataOperacao) VALUES (140, 'Sementeira', 'kg',   0.6,  TO_DATE('02/06/2021', 'DD/MM/YYYY'));
INSERT INTO Operacao (idOperacao, designacaoOperacaoAgricola, designacaoUnidade, quantidade, dataOperacao) VALUES (141, 'Rega', 'm3',   3.0,  TO_DATE('20/06/2021', 'DD/MM/YYYY'));
INSERT INTO Operacao (idOperacao, designacaoOperacaoAgricola, designacaoUnidade, quantidade, dataOperacao) VALUES (142, 'Rega', 'm3',   0.8,  TO_DATE('03/07/2021', 'DD/MM/YYYY'));
INSERT INTO Operacao (idOperacao, designacaoOperacaoAgricola, designacaoUnidade, quantidade, dataOperacao) VALUES (143, 'Rega', 'm3',   1.5,  TO_DATE('03/07/2021', 'DD/MM/YYYY'));
INSERT INTO Operacao (idOperacao, designacaoOperacaoAgricola, designacaoUnidade, quantidade, dataOperacao) VALUES (144, 'Rega', 'm3',   5.0,  TO_DATE('05/07/2021', 'DD/MM/YYYY'));
INSERT INTO Operacao (idOperacao, designacaoOperacaoAgricola, designacaoUnidade, quantidade, dataOperacao) VALUES (145, 'Rega', 'm3',   5.0,  TO_DATE('05/07/2021', 'DD/MM/YYYY'));
INSERT INTO Operacao (idOperacao, designacaoOperacaoAgricola, designacaoUnidade, quantidade, dataOperacao) VALUES (146, 'Rega', 'm3',   5.0,  TO_DATE('05/07/2021', 'DD/MM/YYYY'));
INSERT INTO Operacao (idOperacao, designacaoOperacaoAgricola, designacaoUnidade, quantidade, dataOperacao) VALUES (147, 'Rega', 'm3',   5.0,  TO_DATE('05/07/2021', 'DD/MM/YYYY'));
INSERT INTO Operacao (idOperacao, designacaoOperacaoAgricola, designacaoUnidade, quantidade, dataOperacao) VALUES (148, 'Rega', 'm3',   3.0,  TO_DATE('07/07/2021', 'DD/MM/YYYY'));
INSERT INTO Operacao (idOperacao, designacaoOperacaoAgricola, designacaoUnidade, quantidade, dataOperacao) VALUES (149, 'Rega', 'm3',   7.0,  TO_DATE('10/07/2021', 'DD/MM/YYYY'));
INSERT INTO Operacao (idOperacao, designacaoOperacaoAgricola, designacaoUnidade, quantidade, dataOperacao) VALUES (150, 'Rega', 'm3',   7.0,  TO_DATE('10/07/2021', 'DD/MM/YYYY'));
INSERT INTO Operacao (idOperacao, designacaoOperacaoAgricola, designacaoUnidade, quantidade, dataOperacao) VALUES (151, 'Rega', 'm3',   15.0,  TO_DATE('12/07/2021', 'DD/MM/YYYY'));
INSERT INTO Operacao (idOperacao, designacaoOperacaoAgricola, designacaoUnidade, quantidade, dataOperacao) VALUES (152, 'Colheita', 'kg',   300.0,  TO_DATE('15/07/2021', 'DD/MM/YYYY'));
INSERT INTO Operacao (idOperacao, designacaoOperacaoAgricola, designacaoUnidade, quantidade, dataOperacao) VALUES (153, 'Colheita', 'kg',   400.0,  TO_DATE('20/07/2021', 'DD/MM/YYYY'));
INSERT INTO Operacao (idOperacao, designacaoOperacaoAgricola, designacaoUnidade, quantidade, dataOperacao) VALUES (154, 'Rega', 'm3',   15.0,  TO_DATE('24/07/2021', 'DD/MM/YYYY'));
INSERT INTO Operacao (idOperacao, designacaoOperacaoAgricola, designacaoUnidade, quantidade, dataOperacao) VALUES (155, 'Rega', 'm3',   5.5,  TO_DATE('30/07/2021', 'DD/MM/YYYY'));
INSERT INTO Operacao (idOperacao, designacaoOperacaoAgricola, designacaoUnidade, quantidade, dataOperacao) VALUES (156, 'Rega', 'm3',   5.5,  TO_DATE('30/07/2021', 'DD/MM/YYYY'));
INSERT INTO Operacao (idOperacao, designacaoOperacaoAgricola, designacaoUnidade, quantidade, dataOperacao) VALUES (157, 'Rega', 'm3',   5.5,  TO_DATE('30/07/2021', 'DD/MM/YYYY'));
INSERT INTO Operacao (idOperacao, designacaoOperacaoAgricola, designacaoUnidade, quantidade, dataOperacao) VALUES (158, 'Rega', 'm3',   5.5,  TO_DATE('30/07/2021', 'DD/MM/YYYY'));
INSERT INTO Operacao (idOperacao, designacaoOperacaoAgricola, designacaoUnidade, quantidade, dataOperacao) VALUES (159, 'Rega', 'm3',   3.5,  TO_DATE('30/07/2021', 'DD/MM/YYYY'));
INSERT INTO Operacao (idOperacao, designacaoOperacaoAgricola, designacaoUnidade, quantidade, dataOperacao) VALUES (160, 'Rega', 'm3',   15.0,  TO_DATE('07/08/2021', 'DD/MM/YYYY'));
INSERT INTO Operacao (idOperacao, designacaoOperacaoAgricola, designacaoUnidade, quantidade, dataOperacao) VALUES (161, 'Rega', 'm3',   0.8,  TO_DATE('10/08/2021', 'DD/MM/YYYY'));
INSERT INTO Operacao (idOperacao, designacaoOperacaoAgricola, designacaoUnidade, quantidade, dataOperacao) VALUES (162, 'Rega', 'm3',   1.5,  TO_DATE('10/08/2021', 'DD/MM/YYYY'));
INSERT INTO Operacao (idOperacao, designacaoOperacaoAgricola, designacaoUnidade, quantidade, dataOperacao) VALUES (163, 'Colheita', 'kg',   3300.0,  TO_DATE('12/08/2021', 'DD/MM/YYYY'));
INSERT INTO Operacao (idOperacao, designacaoOperacaoAgricola, designacaoUnidade, quantidade, dataOperacao) VALUES (164, 'Rega', 'm3',   3.0,  TO_DATE('17/08/2021', 'DD/MM/YYYY'));
INSERT INTO Operacao (idOperacao, designacaoOperacaoAgricola, designacaoUnidade, quantidade, dataOperacao) VALUES (165, 'Colheita', 'kg',   899.0,  TO_DATE('23/08/2021', 'DD/MM/YYYY'));
INSERT INTO Operacao (idOperacao, designacaoOperacaoAgricola, designacaoUnidade, quantidade, dataOperacao) VALUES (166, 'Colheita', 'kg',   900.0,  TO_DATE('23/08/2021', 'DD/MM/YYYY'));
INSERT INTO Operacao (idOperacao, designacaoOperacaoAgricola, designacaoUnidade, quantidade, dataOperacao) VALUES (167, 'Colheita', 'kg',   3300.0,  TO_DATE('25/08/2021', 'DD/MM/YYYY'));
INSERT INTO Operacao (idOperacao, designacaoOperacaoAgricola, designacaoUnidade, quantidade, dataOperacao) VALUES (168, 'Colheita', 'kg',   600.0,  TO_DATE('28/08/2021', 'DD/MM/YYYY'));
INSERT INTO Operacao (idOperacao, designacaoOperacaoAgricola, designacaoUnidade, quantidade, dataOperacao) VALUES (169, 'Colheita', 'kg',   800.0,  TO_DATE('05/09/2021', 'DD/MM/YYYY'));
INSERT INTO Operacao (idOperacao, designacaoOperacaoAgricola, designacaoUnidade, quantidade, dataOperacao) VALUES (170, 'Colheita', 'kg',   800.0,  TO_DATE('05/09/2021', 'DD/MM/YYYY'));
INSERT INTO Operacao (idOperacao, designacaoOperacaoAgricola, designacaoUnidade, quantidade, dataOperacao) VALUES (171, 'Colheita', 'kg',   1800.0,  TO_DATE('07/09/2021', 'DD/MM/YYYY'));
INSERT INTO Operacao (idOperacao, designacaoOperacaoAgricola, designacaoUnidade, quantidade, dataOperacao) VALUES (172, 'Colheita', 'kg',   800.0,  TO_DATE('12/09/2021', 'DD/MM/YYYY'));
INSERT INTO Operacao (idOperacao, designacaoOperacaoAgricola, designacaoUnidade, quantidade, dataOperacao) VALUES (173, 'Sementeira', 'kg',   0.6,  TO_DATE('20/09/2021', 'DD/MM/YYYY'));
INSERT INTO Operacao (idOperacao, designacaoOperacaoAgricola, designacaoUnidade, quantidade, dataOperacao) VALUES (174, 'Colheita', 'kg',   1200.0,  TO_DATE('23/09/2021', 'DD/MM/YYYY'));
INSERT INTO Operacao (idOperacao, designacaoOperacaoAgricola, designacaoUnidade, quantidade, dataOperacao) VALUES (175, 'Sementeira', ' ',   36.0,  TO_DATE('03/10/2021', 'DD/MM/YYYY'));
INSERT INTO Operacao (idOperacao, designacaoOperacaoAgricola, designacaoUnidade, quantidade, dataOperacao) VALUES (176, 'Sementeira', 'ha',   1.3,  TO_DATE('06/10/2021', 'DD/MM/YYYY'));
INSERT INTO Operacao (idOperacao, designacaoOperacaoAgricola, designacaoUnidade, quantidade, dataOperacao) VALUES (177, 'Colheita', 'kg',   950.0,  TO_DATE('12/10/2021', 'DD/MM/YYYY'));
INSERT INTO Operacao (idOperacao, designacaoOperacaoAgricola, designacaoUnidade, quantidade, dataOperacao) VALUES (178, 'Colheita', 'kg',   750.0,  TO_DATE('03/11/2021', 'DD/MM/YYYY'));
INSERT INTO Operacao (idOperacao, designacaoOperacaoAgricola, designacaoUnidade, quantidade, dataOperacao) VALUES (179, 'Colheita', 'kg',   210.0,  TO_DATE('10/11/2021', 'DD/MM/YYYY'));
INSERT INTO Operacao (idOperacao, designacaoOperacaoAgricola, designacaoUnidade, quantidade, dataOperacao) VALUES (180, 'Colheita', 'kg',   120.0,  TO_DATE('10/11/2021', 'DD/MM/YYYY'));
INSERT INTO Operacao (idOperacao, designacaoOperacaoAgricola, designacaoUnidade, quantidade, dataOperacao) VALUES (181, 'Colheita', 'kg',   600.0,  TO_DATE('15/11/2021', 'DD/MM/YYYY'));
INSERT INTO Operacao (idOperacao, designacaoOperacaoAgricola, designacaoUnidade, quantidade, dataOperacao) VALUES (182, 'Poda', 'un',   30.0,  TO_DATE('17/11/2021', 'DD/MM/YYYY'));
INSERT INTO Operacao (idOperacao, designacaoOperacaoAgricola, designacaoUnidade, quantidade, dataOperacao) VALUES (183, 'Poda', 'un',   20.0,  TO_DATE('17/11/2021', 'DD/MM/YYYY'));
INSERT INTO Operacao (idOperacao, designacaoOperacaoAgricola, designacaoUnidade, quantidade, dataOperacao) VALUES (184, 'Poda', 'un',   70.0,  TO_DATE('28/11/2021', 'DD/MM/YYYY'));
INSERT INTO Operacao (idOperacao, designacaoOperacaoAgricola, designacaoUnidade, quantidade, dataOperacao) VALUES (185, 'Poda', 'un',   70.0,  TO_DATE('28/11/2021', 'DD/MM/YYYY'));
INSERT INTO Operacao (idOperacao, designacaoOperacaoAgricola, designacaoUnidade, quantidade, dataOperacao) VALUES (186, 'Poda', 'un',   90.0,  TO_DATE('03/12/2021', 'DD/MM/YYYY'));
INSERT INTO Operacao (idOperacao, designacaoOperacaoAgricola, designacaoUnidade, quantidade, dataOperacao) VALUES (187, 'Poda', 'un',   500.0,  TO_DATE('16/12/2021', 'DD/MM/YYYY'));
INSERT INTO Operacao (idOperacao, designacaoOperacaoAgricola, designacaoUnidade, quantidade, dataOperacao) VALUES (188, 'Poda', 'un',   60.0,  TO_DATE('18/12/2021', 'DD/MM/YYYY'));
INSERT INTO Operacao (idOperacao, designacaoOperacaoAgricola, designacaoUnidade, quantidade, dataOperacao) VALUES (189, 'Colheita', 'kg',   2500.0,  TO_DATE('18/12/2021', 'DD/MM/YYYY'));
INSERT INTO Operacao (idOperacao, designacaoOperacaoAgricola, designacaoUnidade, quantidade, dataOperacao) VALUES (190, 'Poda', 'un',   700.0,  TO_DATE('18/12/2021', 'DD/MM/YYYY'));
INSERT INTO Operacao (idOperacao, designacaoOperacaoAgricola, designacaoUnidade, quantidade, dataOperacao) VALUES (191, 'Colheita', 'kg',   2900.0,  TO_DATE('04/01/2022', 'DD/MM/YYYY'));
INSERT INTO Operacao (idOperacao, designacaoOperacaoAgricola, designacaoUnidade, quantidade, dataOperacao) VALUES (192, 'Aplicação fitofármaco', 'kg',   3.0,  TO_DATE('20/01/2022', 'DD/MM/YYYY'));
INSERT INTO Operacao (idOperacao, designacaoOperacaoAgricola, designacaoUnidade, quantidade, dataOperacao) VALUES (193, 'Aplicação fitofármaco', 'kg',   3.5,  TO_DATE('20/01/2022', 'DD/MM/YYYY'));
INSERT INTO Operacao (idOperacao, designacaoOperacaoAgricola, designacaoUnidade, quantidade, dataOperacao) VALUES (194, 'Sementeira', 'kg',   0.9,  TO_DATE('06/03/2022', 'DD/MM/YYYY'));
INSERT INTO Operacao (idOperacao, designacaoOperacaoAgricola, designacaoUnidade, quantidade, dataOperacao) VALUES (195, 'Incorporação no solo', 'ha',   1.3,  TO_DATE('19/03/2022', 'DD/MM/YYYY'));
INSERT INTO Operacao (idOperacao, designacaoOperacaoAgricola, designacaoUnidade, quantidade, dataOperacao) VALUES (196, 'Incorporação no solo', 'ha',   1.3,  TO_DATE('05/04/2022', 'DD/MM/YYYY'));
INSERT INTO Operacao (idOperacao, designacaoOperacaoAgricola, designacaoUnidade, quantidade, dataOperacao) VALUES (197, 'Sementeira', 'ha',   1.2,  TO_DATE('08/04/2022', 'DD/MM/YYYY'));
INSERT INTO Operacao (idOperacao, designacaoOperacaoAgricola, designacaoUnidade, quantidade, dataOperacao) VALUES (198, 'Sementeira', 'kg',   30.0,  TO_DATE('15/04/2022', 'DD/MM/YYYY'));
INSERT INTO Operacao (idOperacao, designacaoOperacaoAgricola, designacaoUnidade, quantidade, dataOperacao) VALUES (199, 'Colheita', 'kg',   2250.0,  TO_DATE('05/05/2022', 'DD/MM/YYYY'));
INSERT INTO Operacao (idOperacao, designacaoOperacaoAgricola, designacaoUnidade, quantidade, dataOperacao) VALUES (200, 'Fertilização', 'kg',   10.0,  TO_DATE('13/05/2022', 'DD/MM/YYYY'));
INSERT INTO Operacao (idOperacao, designacaoOperacaoAgricola, designacaoUnidade, quantidade, dataOperacao) VALUES (201, 'Fertilização', 'kg',   10.0,  TO_DATE('13/05/2022', 'DD/MM/YYYY'));
INSERT INTO Operacao (idOperacao, designacaoOperacaoAgricola, designacaoUnidade, quantidade, dataOperacao) VALUES (202, 'Fertilização', 'kg',   10.0,  TO_DATE('13/05/2022', 'DD/MM/YYYY'));
INSERT INTO Operacao (idOperacao, designacaoOperacaoAgricola, designacaoUnidade, quantidade, dataOperacao) VALUES (203, 'Fertilização', 'kg',   10.0,  TO_DATE('13/05/2022', 'DD/MM/YYYY'));
INSERT INTO Operacao (idOperacao, designacaoOperacaoAgricola, designacaoUnidade, quantidade, dataOperacao) VALUES (204, 'Colheita', 'kg',   1300.0,  TO_DATE('15/05/2022', 'DD/MM/YYYY'));
INSERT INTO Operacao (idOperacao, designacaoOperacaoAgricola, designacaoUnidade, quantidade, dataOperacao) VALUES (205, 'Sementeira', 'kg',   0.6,  TO_DATE('30/05/2022', 'DD/MM/YYYY'));
INSERT INTO Operacao (idOperacao, designacaoOperacaoAgricola, designacaoUnidade, quantidade, dataOperacao) VALUES (206, 'Rega', 'm3',   3.0,  TO_DATE('05/06/2022', 'DD/MM/YYYY'));
INSERT INTO Operacao (idOperacao, designacaoOperacaoAgricola, designacaoUnidade, quantidade, dataOperacao) VALUES (207, 'Rega', 'm3',   3.0,  TO_DATE('05/06/2022', 'DD/MM/YYYY'));
INSERT INTO Operacao (idOperacao, designacaoOperacaoAgricola, designacaoUnidade, quantidade, dataOperacao) VALUES (208, 'Rega', 'm3',   3.0,  TO_DATE('05/06/2022', 'DD/MM/YYYY'));
INSERT INTO Operacao (idOperacao, designacaoOperacaoAgricola, designacaoUnidade, quantidade, dataOperacao) VALUES (209, 'Rega', 'm3',   3.0,  TO_DATE('05/06/2022', 'DD/MM/YYYY'));
INSERT INTO Operacao (idOperacao, designacaoOperacaoAgricola, designacaoUnidade, quantidade, dataOperacao) VALUES (210, 'Rega', 'm3',   3.0,  TO_DATE('30/06/2022', 'DD/MM/YYYY'));
INSERT INTO Operacao (idOperacao, designacaoOperacaoAgricola, designacaoUnidade, quantidade, dataOperacao) VALUES (211, 'Rega', 'm3',   5.5,  TO_DATE('02/07/2022', 'DD/MM/YYYY'));
INSERT INTO Operacao (idOperacao, designacaoOperacaoAgricola, designacaoUnidade, quantidade, dataOperacao) VALUES (212, 'Rega', 'm3',   5.5,  TO_DATE('02/07/2022', 'DD/MM/YYYY'));
INSERT INTO Operacao (idOperacao, designacaoOperacaoAgricola, designacaoUnidade, quantidade, dataOperacao) VALUES (213, 'Rega', 'm3',   5.5,  TO_DATE('02/07/2022', 'DD/MM/YYYY'));
INSERT INTO Operacao (idOperacao, designacaoOperacaoAgricola, designacaoUnidade, quantidade, dataOperacao) VALUES (214, 'Rega', 'm3',   5.5,  TO_DATE('02/07/2022', 'DD/MM/YYYY'));
INSERT INTO Operacao (idOperacao, designacaoOperacaoAgricola, designacaoUnidade, quantidade, dataOperacao) VALUES (215, 'Rega', 'm3',   0.8,  TO_DATE('03/07/2022', 'DD/MM/YYYY'));
INSERT INTO Operacao (idOperacao, designacaoOperacaoAgricola, designacaoUnidade, quantidade, dataOperacao) VALUES (216, 'Rega', 'm3',   1.5,  TO_DATE('03/07/2022', 'DD/MM/YYYY'));
INSERT INTO Operacao (idOperacao, designacaoOperacaoAgricola, designacaoUnidade, quantidade, dataOperacao) VALUES (217, 'Rega', 'm3',   5.0,  TO_DATE('10/07/2022', 'DD/MM/YYYY'));
INSERT INTO Operacao (idOperacao, designacaoOperacaoAgricola, designacaoUnidade, quantidade, dataOperacao) VALUES (218, 'Rega', 'm3',   15.0,  TO_DATE('12/07/2022', 'DD/MM/YYYY'));
INSERT INTO Operacao (idOperacao, designacaoOperacaoAgricola, designacaoUnidade, quantidade, dataOperacao) VALUES (219, 'Rega', 'm3',   3.0,  TO_DATE('15/07/2022', 'DD/MM/YYYY'));
INSERT INTO Operacao (idOperacao, designacaoOperacaoAgricola, designacaoUnidade, quantidade, dataOperacao) VALUES (220, 'Colheita', 'kg',   600.0,  TO_DATE('15/07/2022', 'DD/MM/YYYY'));
INSERT INTO Operacao (idOperacao, designacaoOperacaoAgricola, designacaoUnidade, quantidade, dataOperacao) VALUES (221, 'Colheita', 'kg',   500.0,  TO_DATE('20/07/2022', 'DD/MM/YYYY'));
INSERT INTO Operacao (idOperacao, designacaoOperacaoAgricola, designacaoUnidade, quantidade, dataOperacao) VALUES (222, 'Rega', 'm3',   15.0,  TO_DATE('24/07/2022', 'DD/MM/YYYY'));
INSERT INTO Operacao (idOperacao, designacaoOperacaoAgricola, designacaoUnidade, quantidade, dataOperacao) VALUES (223, 'Rega', 'm3',   5.0,  TO_DATE('30/07/2022', 'DD/MM/YYYY'));
INSERT INTO Operacao (idOperacao, designacaoOperacaoAgricola, designacaoUnidade, quantidade, dataOperacao) VALUES (224, 'Rega', 'm3',   5.0,  TO_DATE('30/07/2022', 'DD/MM/YYYY'));
INSERT INTO Operacao (idOperacao, designacaoOperacaoAgricola, designacaoUnidade, quantidade, dataOperacao) VALUES (225, 'Rega', 'm3',   5.0,  TO_DATE('30/07/2022', 'DD/MM/YYYY'));
INSERT INTO Operacao (idOperacao, designacaoOperacaoAgricola, designacaoUnidade, quantidade, dataOperacao) VALUES (226, 'Rega', 'm3',   5.0,  TO_DATE('30/07/2022', 'DD/MM/YYYY'));
INSERT INTO Operacao (idOperacao, designacaoOperacaoAgricola, designacaoUnidade, quantidade, dataOperacao) VALUES (227, 'Rega', 'm3',   2.5,  TO_DATE('30/07/2022', 'DD/MM/YYYY'));
INSERT INTO Operacao (idOperacao, designacaoOperacaoAgricola, designacaoUnidade, quantidade, dataOperacao) VALUES (228, 'Rega', 'm3',   15.0,  TO_DATE('07/08/2022', 'DD/MM/YYYY'));
INSERT INTO Operacao (idOperacao, designacaoOperacaoAgricola, designacaoUnidade, quantidade, dataOperacao) VALUES (229, 'Rega', 'm3',   0.8,  TO_DATE('10/08/2022', 'DD/MM/YYYY'));
INSERT INTO Operacao (idOperacao, designacaoOperacaoAgricola, designacaoUnidade, quantidade, dataOperacao) VALUES (230, 'Rega', 'm3',   1.5,  TO_DATE('10/08/2022', 'DD/MM/YYYY'));
INSERT INTO Operacao (idOperacao, designacaoOperacaoAgricola, designacaoUnidade, quantidade, dataOperacao) VALUES (231, 'Colheita', 'kg',   1200.0,  TO_DATE('12/08/2022', 'DD/MM/YYYY'));
INSERT INTO Operacao (idOperacao, designacaoOperacaoAgricola, designacaoUnidade, quantidade, dataOperacao) VALUES (232, 'Colheita', 'kg',   600.0,  TO_DATE('12/08/2022', 'DD/MM/YYYY'));
INSERT INTO Operacao (idOperacao, designacaoOperacaoAgricola, designacaoUnidade, quantidade, dataOperacao) VALUES (233, 'Colheita', 'kg',   3500.0,  TO_DATE('17/08/2022', 'DD/MM/YYYY'));
INSERT INTO Operacao (idOperacao, designacaoOperacaoAgricola, designacaoUnidade, quantidade, dataOperacao) VALUES (234, 'Rega', 'm3',   3.0,  TO_DATE('17/08/2022', 'DD/MM/YYYY'));
INSERT INTO Operacao (idOperacao, designacaoOperacaoAgricola, designacaoUnidade, quantidade, dataOperacao) VALUES (235, 'Colheita', 'kg',   3300.0,  TO_DATE('18/08/2022', 'DD/MM/YYYY'));
INSERT INTO Operacao (idOperacao, designacaoOperacaoAgricola, designacaoUnidade, quantidade, dataOperacao) VALUES (236, 'Colheita', 'kg',   950.0,  TO_DATE('20/08/2022', 'DD/MM/YYYY'));
INSERT INTO Operacao (idOperacao, designacaoOperacaoAgricola, designacaoUnidade, quantidade, dataOperacao) VALUES (237, 'Colheita', 'kg',   950.0,  TO_DATE('20/08/2022', 'DD/MM/YYYY'));
INSERT INTO Operacao (idOperacao, designacaoOperacaoAgricola, designacaoUnidade, quantidade, dataOperacao) VALUES (238, 'Colheita', 'kg',   650.0,  TO_DATE('24/08/2022', 'DD/MM/YYYY'));
INSERT INTO Operacao (idOperacao, designacaoOperacaoAgricola, designacaoUnidade, quantidade, dataOperacao) VALUES (239, 'Colheita', 'kg',   1900.0,  TO_DATE('05/09/2022', 'DD/MM/YYYY'));
INSERT INTO Operacao (idOperacao, designacaoOperacaoAgricola, designacaoUnidade, quantidade, dataOperacao) VALUES (240, 'Colheita', 'kg',   830.0,  TO_DATE('07/09/2022', 'DD/MM/YYYY'));
INSERT INTO Operacao (idOperacao, designacaoOperacaoAgricola, designacaoUnidade, quantidade, dataOperacao) VALUES (241, 'Colheita', 'kg',   830.0,  TO_DATE('07/09/2022', 'DD/MM/YYYY'));
INSERT INTO Operacao (idOperacao, designacaoOperacaoAgricola, designacaoUnidade, quantidade, dataOperacao) VALUES (242, 'Colheita', 'kg',   750.0,  TO_DATE('11/09/2022', 'DD/MM/YYYY'));
INSERT INTO Operacao (idOperacao, designacaoOperacaoAgricola, designacaoUnidade, quantidade, dataOperacao) VALUES (243, 'Colheita', 'kg',   1150.0,  TO_DATE('20/09/2022', 'DD/MM/YYYY'));
INSERT INTO Operacao (idOperacao, designacaoOperacaoAgricola, designacaoUnidade, quantidade, dataOperacao) VALUES (244, 'Sementeira', 'kg',   0.6,  TO_DATE('20/09/2022', 'DD/MM/YYYY'));
INSERT INTO Operacao (idOperacao, designacaoOperacaoAgricola, designacaoUnidade, quantidade, dataOperacao) VALUES (245, 'Sementeira', 'ha',   1.3,  TO_DATE('12/10/2022', 'DD/MM/YYYY'));
INSERT INTO Operacao (idOperacao, designacaoOperacaoAgricola, designacaoUnidade, quantidade, dataOperacao) VALUES (246, 'Colheita', 'kg',   850.0,  TO_DATE('17/10/2022', 'DD/MM/YYYY'));
INSERT INTO Operacao (idOperacao, designacaoOperacaoAgricola, designacaoUnidade, quantidade, dataOperacao) VALUES (247, 'Colheita', 'kg',   900.0,  TO_DATE('06/11/2022', 'DD/MM/YYYY'));
INSERT INTO Operacao (idOperacao, designacaoOperacaoAgricola, designacaoUnidade, quantidade, dataOperacao) VALUES (248, 'Poda', 'un',   30.0,  TO_DATE('10/11/2022', 'DD/MM/YYYY'));
INSERT INTO Operacao (idOperacao, designacaoOperacaoAgricola, designacaoUnidade, quantidade, dataOperacao) VALUES (249, 'Poda', 'un',   20.0,  TO_DATE('10/11/2022', 'DD/MM/YYYY'));
INSERT INTO Operacao (idOperacao, designacaoOperacaoAgricola, designacaoUnidade, quantidade, dataOperacao) VALUES (250, 'Colheita', 'kg',   300.0,  TO_DATE('12/11/2022', 'DD/MM/YYYY'));
INSERT INTO Operacao (idOperacao, designacaoOperacaoAgricola, designacaoUnidade, quantidade, dataOperacao) VALUES (251, 'Colheita', 'kg',   200.0,  TO_DATE('12/11/2022', 'DD/MM/YYYY'));
INSERT INTO Operacao (idOperacao, designacaoOperacaoAgricola, designacaoUnidade, quantidade, dataOperacao) VALUES (252, 'Colheita', 'kg',   50.0,  TO_DATE('15/11/2022', 'DD/MM/YYYY'));
INSERT INTO Operacao (idOperacao, designacaoOperacaoAgricola, designacaoUnidade, quantidade, dataOperacao) VALUES (253, 'Poda', 'un',   70.0,  TO_DATE('04/12/2022', 'DD/MM/YYYY'));
INSERT INTO Operacao (idOperacao, designacaoOperacaoAgricola, designacaoUnidade, quantidade, dataOperacao) VALUES (254, 'Poda', 'un',   70.0,  TO_DATE('04/12/2022', 'DD/MM/YYYY'));
INSERT INTO Operacao (idOperacao, designacaoOperacaoAgricola, designacaoUnidade, quantidade, dataOperacao) VALUES (255, 'Poda', 'un',   90.0,  TO_DATE('07/12/2022', 'DD/MM/YYYY'));
INSERT INTO Operacao (idOperacao, designacaoOperacaoAgricola, designacaoUnidade, quantidade, dataOperacao) VALUES (256, 'Fertilização', 'kg',   15.0,  TO_DATE('11/12/2022', 'DD/MM/YYYY'));
INSERT INTO Operacao (idOperacao, designacaoOperacaoAgricola, designacaoUnidade, quantidade, dataOperacao) VALUES (257, 'Fertilização', 'kg',   10.0,  TO_DATE('11/12/2022', 'DD/MM/YYYY'));
INSERT INTO Operacao (idOperacao, designacaoOperacaoAgricola, designacaoUnidade, quantidade, dataOperacao) VALUES (258, 'Poda', 'un',   500.0,  TO_DATE('16/12/2022', 'DD/MM/YYYY'));
INSERT INTO Operacao (idOperacao, designacaoOperacaoAgricola, designacaoUnidade, quantidade, dataOperacao) VALUES (259, 'Colheita', 'kg',   200.0,  TO_DATE('18/12/2022', 'DD/MM/YYYY'));
INSERT INTO Operacao (idOperacao, designacaoOperacaoAgricola, designacaoUnidade, quantidade, dataOperacao) VALUES (260, 'Poda', 'un',   700.0,  TO_DATE('18/12/2022', 'DD/MM/YYYY'));
INSERT INTO Operacao (idOperacao, designacaoOperacaoAgricola, designacaoUnidade, quantidade, dataOperacao) VALUES (261, 'Poda', 'un',   60.0,  TO_DATE('12/01/2023', 'DD/MM/YYYY'));
INSERT INTO Operacao (idOperacao, designacaoOperacaoAgricola, designacaoUnidade, quantidade, dataOperacao) VALUES (262, 'Colheita', 'kg',   250.0,  TO_DATE('14/01/2023', 'DD/MM/YYYY'));
INSERT INTO Operacao (idOperacao, designacaoOperacaoAgricola, designacaoUnidade, quantidade, dataOperacao) VALUES (263, 'Aplicação fitofármaco', 'kg',   4.0,  TO_DATE('20/01/2023', 'DD/MM/YYYY'));
INSERT INTO Operacao (idOperacao, designacaoOperacaoAgricola, designacaoUnidade, quantidade, dataOperacao) VALUES (264, 'Aplicação fitofármaco', 'kg',   5.0,  TO_DATE('20/01/2023', 'DD/MM/YYYY'));
INSERT INTO Operacao (idOperacao, designacaoOperacaoAgricola, designacaoUnidade, quantidade, dataOperacao) VALUES (265, 'Incorporação no solo', 'ha',   1.3,  TO_DATE('20/03/2023', 'DD/MM/YYYY'));




INSERT INTO OperacaoCultura (idOperacao, idParcela, idCultura, dataInicial) VALUES (1, 102, 1, TO_DATE('06/10/2016', 'DD/MM/YYYY'));
INSERT INTO OperacaoCultura (idOperacao, idParcela, idCultura, dataInicial) VALUES (2, 102, 2, TO_DATE('10/10/2016', 'DD/MM/YYYY'));
INSERT INTO OperacaoCultura (idOperacao, idParcela, idCultura, dataInicial) VALUES (3, 104, 3, TO_DATE('07/01/2017', 'DD/MM/YYYY'));
INSERT INTO OperacaoCultura (idOperacao, idParcela, idCultura, dataInicial) VALUES (4, 104, 4, TO_DATE('08/01/2017', 'DD/MM/YYYY'));
INSERT INTO OperacaoCultura (idOperacao, idParcela, idCultura, dataInicial) VALUES (5, 104, 5, TO_DATE('08/01/2017', 'DD/MM/YYYY'));
INSERT INTO OperacaoCultura (idOperacao, idParcela, idCultura, dataInicial) VALUES (6, 102, 2, TO_DATE('10/10/2016', 'DD/MM/YYYY'));
INSERT INTO OperacaoCultura (idOperacao, idParcela, idCultura, dataInicial) VALUES (7, 102, 1, TO_DATE('06/10/2016', 'DD/MM/YYYY'));
INSERT INTO OperacaoCultura (idOperacao, idParcela, idCultura, dataInicial) VALUES (8, 104, 3, TO_DATE('07/01/2017', 'DD/MM/YYYY'));
INSERT INTO OperacaoCultura (idOperacao, idParcela, idCultura, dataInicial) VALUES (9, 104, 4, TO_DATE('08/01/2017', 'DD/MM/YYYY'));
INSERT INTO OperacaoCultura (idOperacao, idParcela, idCultura, dataInicial) VALUES (10, 104, 5, TO_DATE('08/01/2017', 'DD/MM/YYYY'));
INSERT INTO OperacaoCultura (idOperacao, idParcela, idCultura, dataInicial) VALUES (11, 102, 2, TO_DATE('10/10/2016', 'DD/MM/YYYY'));
INSERT INTO OperacaoCultura (idOperacao, idParcela, idCultura, dataInicial) VALUES (12, 102, 1, TO_DATE('06/10/2016', 'DD/MM/YYYY'));
INSERT INTO OperacaoCultura (idOperacao, idParcela, idCultura, dataInicial) VALUES (13, 104, 3, TO_DATE('07/01/2017', 'DD/MM/YYYY'));
INSERT INTO OperacaoCultura (idOperacao, idParcela, idCultura, dataInicial) VALUES (14, 104, 4, TO_DATE('08/01/2017', 'DD/MM/YYYY'));
INSERT INTO OperacaoCultura (idOperacao, idParcela, idCultura, dataInicial) VALUES (15, 104, 5, TO_DATE('08/01/2017', 'DD/MM/YYYY'));
INSERT INTO OperacaoCultura (idOperacao, idParcela, idCultura, dataInicial) VALUES (16, 104, 3, TO_DATE('07/01/2017', 'DD/MM/YYYY'));
INSERT INTO OperacaoCultura (idOperacao, idParcela, idCultura, dataInicial) VALUES (17, 104, 4, TO_DATE('08/01/2017', 'DD/MM/YYYY'));
INSERT INTO OperacaoCultura (idOperacao, idParcela, idCultura, dataInicial) VALUES (18, 104, 5, TO_DATE('08/01/2017', 'DD/MM/YYYY'));
INSERT INTO OperacaoCultura (idOperacao, idParcela, idCultura, dataInicial) VALUES (19, 102, 1, TO_DATE('06/10/2016', 'DD/MM/YYYY'));
INSERT INTO OperacaoCultura (idOperacao, idParcela, idCultura, dataInicial) VALUES (20, 102, 2, TO_DATE('10/10/2016', 'DD/MM/YYYY'));
INSERT INTO OperacaoCultura (idOperacao, idParcela, idCultura, dataInicial) VALUES (21, 102, 1, TO_DATE('06/10/2016', 'DD/MM/YYYY'));
INSERT INTO OperacaoCultura (idOperacao, idParcela, idCultura, dataInicial) VALUES (22, 102, 2, TO_DATE('10/10/2016', 'DD/MM/YYYY'));
INSERT INTO OperacaoCultura (idOperacao, idParcela, idCultura, dataInicial) VALUES (23, 104, 3, TO_DATE('07/01/2017', 'DD/MM/YYYY'));
INSERT INTO OperacaoCultura (idOperacao, idParcela, idCultura, dataInicial) VALUES (24, 104, 4, TO_DATE('08/01/2017', 'DD/MM/YYYY'));
INSERT INTO OperacaoCultura (idOperacao, idParcela, idCultura, dataInicial) VALUES (25, 104, 5, TO_DATE('08/01/2017', 'DD/MM/YYYY'));
INSERT INTO OperacaoCultura (idOperacao, idParcela, idCultura, dataInicial) VALUES (26, 107, 16, TO_DATE('10/01/2018', 'DD/MM/YYYY'));
INSERT INTO OperacaoCultura (idOperacao, idParcela, idCultura, dataInicial) VALUES (27, 107, 17, TO_DATE('11/01/2018', 'DD/MM/YYYY'));
INSERT INTO OperacaoCultura (idOperacao, idParcela, idCultura, dataInicial) VALUES (28, 104, 3, TO_DATE('07/01/2017', 'DD/MM/YYYY'));
INSERT INTO OperacaoCultura (idOperacao, idParcela, idCultura, dataInicial) VALUES (29, 104, 4, TO_DATE('08/01/2017', 'DD/MM/YYYY'));
INSERT INTO OperacaoCultura (idOperacao, idParcela, idCultura, dataInicial) VALUES (30, 104, 5, TO_DATE('08/01/2017', 'DD/MM/YYYY'));
INSERT INTO OperacaoCultura (idOperacao, idParcela, idCultura, dataInicial) VALUES (31, 102, 2, TO_DATE('10/10/2016', 'DD/MM/YYYY'));
INSERT INTO OperacaoCultura (idOperacao, idParcela, idCultura, dataInicial) VALUES (32, 102, 1, TO_DATE('06/10/2016', 'DD/MM/YYYY'));
INSERT INTO OperacaoCultura (idOperacao, idParcela, idCultura, dataInicial) VALUES (33, 104, 3, TO_DATE('07/01/2017', 'DD/MM/YYYY'));
INSERT INTO OperacaoCultura (idOperacao, idParcela, idCultura, dataInicial) VALUES (34, 104, 4, TO_DATE('08/01/2017', 'DD/MM/YYYY'));
INSERT INTO OperacaoCultura (idOperacao, idParcela, idCultura, dataInicial) VALUES (35, 104, 5, TO_DATE('08/01/2017', 'DD/MM/YYYY'));
INSERT INTO OperacaoCultura (idOperacao, idParcela, idCultura, dataInicial) VALUES (36, 107, 16, TO_DATE('10/01/2018', 'DD/MM/YYYY'));
INSERT INTO OperacaoCultura (idOperacao, idParcela, idCultura, dataInicial) VALUES (37, 107, 17, TO_DATE('11/01/2018', 'DD/MM/YYYY'));
INSERT INTO OperacaoCultura (idOperacao, idParcela, idCultura, dataInicial) VALUES (38, 102, 2, TO_DATE('10/10/2016', 'DD/MM/YYYY'));
INSERT INTO OperacaoCultura (idOperacao, idParcela, idCultura, dataInicial) VALUES (39, 102, 1, TO_DATE('06/10/2016', 'DD/MM/YYYY'));
INSERT INTO OperacaoCultura (idOperacao, idParcela, idCultura, dataInicial) VALUES (40, 104, 3, TO_DATE('07/01/2017', 'DD/MM/YYYY'));
INSERT INTO OperacaoCultura (idOperacao, idParcela, idCultura, dataInicial) VALUES (41, 104, 4, TO_DATE('08/01/2017', 'DD/MM/YYYY'));
INSERT INTO OperacaoCultura (idOperacao, idParcela, idCultura, dataInicial) VALUES (42, 104, 5, TO_DATE('08/01/2017', 'DD/MM/YYYY'));
INSERT INTO OperacaoCultura (idOperacao, idParcela, idCultura, dataInicial) VALUES (43, 107, 16, TO_DATE('10/01/2018', 'DD/MM/YYYY'));
INSERT INTO OperacaoCultura (idOperacao, idParcela, idCultura, dataInicial) VALUES (44, 107, 17, TO_DATE('11/01/2018', 'DD/MM/YYYY'));
INSERT INTO OperacaoCultura (idOperacao, idParcela, idCultura, dataInicial) VALUES (45, 104, 3, TO_DATE('07/01/2017', 'DD/MM/YYYY'));
INSERT INTO OperacaoCultura (idOperacao, idParcela, idCultura, dataInicial) VALUES (46, 104, 4, TO_DATE('08/01/2017', 'DD/MM/YYYY'));
INSERT INTO OperacaoCultura (idOperacao, idParcela, idCultura, dataInicial) VALUES (47, 104, 5, TO_DATE('08/01/2017', 'DD/MM/YYYY'));
INSERT INTO OperacaoCultura (idOperacao, idParcela, idCultura, dataInicial) VALUES (48, 104, 3, TO_DATE('07/01/2017', 'DD/MM/YYYY'));
INSERT INTO OperacaoCultura (idOperacao, idParcela, idCultura, dataInicial) VALUES (49, 104, 4, TO_DATE('08/01/2017', 'DD/MM/YYYY'));
INSERT INTO OperacaoCultura (idOperacao, idParcela, idCultura, dataInicial) VALUES (50, 104, 5, TO_DATE('08/01/2017', 'DD/MM/YYYY'));
INSERT INTO OperacaoCultura (idOperacao, idParcela, idCultura, dataInicial) VALUES (51, 102, 1, TO_DATE('06/10/2016', 'DD/MM/YYYY'));
INSERT INTO OperacaoCultura (idOperacao, idParcela, idCultura, dataInicial) VALUES (52, 102, 2, TO_DATE('10/10/2016', 'DD/MM/YYYY'));
INSERT INTO OperacaoCultura (idOperacao, idParcela, idCultura, dataInicial) VALUES (53, 104, 5, TO_DATE('10/12/2018', 'DD/MM/YYYY'));
INSERT INTO OperacaoCultura (idOperacao, idParcela, idCultura, dataInicial) VALUES (54, 107, 16, TO_DATE('10/01/2018', 'DD/MM/YYYY'));
INSERT INTO OperacaoCultura (idOperacao, idParcela, idCultura, dataInicial) VALUES (55, 107, 17, TO_DATE('11/01/2018', 'DD/MM/YYYY'));
INSERT INTO OperacaoCultura (idOperacao, idParcela, idCultura, dataInicial) VALUES (56, 104, 3, TO_DATE('07/01/2017', 'DD/MM/YYYY'));
INSERT INTO OperacaoCultura (idOperacao, idParcela, idCultura, dataInicial) VALUES (57, 104, 4, TO_DATE('08/01/2017', 'DD/MM/YYYY'));
INSERT INTO OperacaoCultura (idOperacao, idParcela, idCultura, dataInicial) VALUES (58, 104, 5, TO_DATE('08/01/2017', 'DD/MM/YYYY'));
INSERT INTO OperacaoCultura (idOperacao, idParcela, idCultura, dataInicial) VALUES (59, 104, 5, TO_DATE('10/12/2018', 'DD/MM/YYYY'));
INSERT INTO OperacaoCultura (idOperacao, idParcela, idCultura, dataInicial) VALUES (60, 107, 16, TO_DATE('10/01/2018', 'DD/MM/YYYY'));
INSERT INTO OperacaoCultura (idOperacao, idParcela, idCultura, dataInicial) VALUES (61, 107, 17, TO_DATE('11/01/2018', 'DD/MM/YYYY'));
INSERT INTO OperacaoCultura (idOperacao, idParcela, idCultura, dataInicial) VALUES (62, 104, 3, TO_DATE('07/01/2017', 'DD/MM/YYYY'));
INSERT INTO OperacaoCultura (idOperacao, idParcela, idCultura, dataInicial) VALUES (63, 104, 4, TO_DATE('08/01/2017', 'DD/MM/YYYY'));
INSERT INTO OperacaoCultura (idOperacao, idParcela, idCultura, dataInicial) VALUES (64, 104, 5, TO_DATE('08/01/2017', 'DD/MM/YYYY'));
INSERT INTO OperacaoCultura (idOperacao, idParcela, idCultura, dataInicial) VALUES (65, 104, 5, TO_DATE('10/12/2018', 'DD/MM/YYYY'));
INSERT INTO OperacaoCultura (idOperacao, idParcela, idCultura, dataInicial) VALUES (66, 102, 2, TO_DATE('10/10/2016', 'DD/MM/YYYY'));
INSERT INTO OperacaoCultura (idOperacao, idParcela, idCultura, dataInicial) VALUES (67, 102, 1, TO_DATE('06/10/2016', 'DD/MM/YYYY'));
INSERT INTO OperacaoCultura (idOperacao, idParcela, idCultura, dataInicial) VALUES (68, 104, 3, TO_DATE('07/01/2017', 'DD/MM/YYYY'));
INSERT INTO OperacaoCultura (idOperacao, idParcela, idCultura, dataInicial) VALUES (69, 104, 4, TO_DATE('08/01/2017', 'DD/MM/YYYY'));
INSERT INTO OperacaoCultura (idOperacao, idParcela, idCultura, dataInicial) VALUES (70, 104, 5, TO_DATE('08/01/2017', 'DD/MM/YYYY'));
INSERT INTO OperacaoCultura (idOperacao, idParcela, idCultura, dataInicial) VALUES (71, 104, 5, TO_DATE('10/12/2018', 'DD/MM/YYYY'));
INSERT INTO OperacaoCultura (idOperacao, idParcela, idCultura, dataInicial) VALUES (72, 107, 16, TO_DATE('10/01/2018', 'DD/MM/YYYY'));
INSERT INTO OperacaoCultura (idOperacao, idParcela, idCultura, dataInicial) VALUES (73, 107, 17, TO_DATE('11/01/2018', 'DD/MM/YYYY'));
INSERT INTO OperacaoCultura (idOperacao, idParcela, idCultura, dataInicial) VALUES (74, 102, 2, TO_DATE('10/10/2016', 'DD/MM/YYYY'));
INSERT INTO OperacaoCultura (idOperacao, idParcela, idCultura, dataInicial) VALUES (75, 102, 1, TO_DATE('06/10/2016', 'DD/MM/YYYY'));
INSERT INTO OperacaoCultura (idOperacao, idParcela, idCultura, dataInicial) VALUES (76, 104, 3, TO_DATE('07/01/2017', 'DD/MM/YYYY'));
INSERT INTO OperacaoCultura (idOperacao, idParcela, idCultura, dataInicial) VALUES (77, 104, 4, TO_DATE('08/01/2017', 'DD/MM/YYYY'));
INSERT INTO OperacaoCultura (idOperacao, idParcela, idCultura, dataInicial) VALUES (78, 104, 5, TO_DATE('08/01/2017', 'DD/MM/YYYY'));
INSERT INTO OperacaoCultura (idOperacao, idParcela, idCultura, dataInicial) VALUES (79, 104, 5, TO_DATE('10/12/2018', 'DD/MM/YYYY'));
INSERT INTO OperacaoCultura (idOperacao, idParcela, idCultura, dataInicial) VALUES (80, 107, 16, TO_DATE('10/01/2018', 'DD/MM/YYYY'));
INSERT INTO OperacaoCultura (idOperacao, idParcela, idCultura, dataInicial) VALUES (81, 107, 17, TO_DATE('11/01/2018', 'DD/MM/YYYY'));
INSERT INTO OperacaoCultura (idOperacao, idParcela, idCultura, dataInicial) VALUES (82, 102, 1, TO_DATE('06/10/2016', 'DD/MM/YYYY'));
INSERT INTO OperacaoCultura (idOperacao, idParcela, idCultura, dataInicial) VALUES (83, 102, 2, TO_DATE('10/10/2016', 'DD/MM/YYYY'));
INSERT INTO OperacaoCultura (idOperacao, idParcela, idCultura, dataInicial) VALUES (84, 107, 16, TO_DATE('10/01/2018', 'DD/MM/YYYY'));
INSERT INTO OperacaoCultura (idOperacao, idParcela, idCultura, dataInicial) VALUES (85, 107, 17, TO_DATE('11/01/2018', 'DD/MM/YYYY'));
INSERT INTO OperacaoCultura (idOperacao, idParcela, idCultura, dataInicial) VALUES (86, 107, 16, TO_DATE('10/01/2018', 'DD/MM/YYYY'));
INSERT INTO OperacaoCultura (idOperacao, idParcela, idCultura, dataInicial) VALUES (87, 107, 17, TO_DATE('11/01/2018', 'DD/MM/YYYY'));
INSERT INTO OperacaoCultura (idOperacao, idParcela, idCultura, dataInicial) VALUES (88, 106, 9, TO_DATE('10/03/2020', 'DD/MM/YYYY'));
INSERT INTO OperacaoCultura (idOperacao, idParcela, idCultura, dataInicial) VALUES (90, 103, 14, TO_DATE('05/04/2020', 'DD/MM/YYYY'));
INSERT INTO OperacaoCultura (idOperacao, idParcela, idCultura, dataInicial) VALUES (91, 106, 9, TO_DATE('10/03/2020', 'DD/MM/YYYY'));
INSERT INTO OperacaoCultura (idOperacao, idParcela, idCultura, dataInicial) VALUES (92, 106, 9, TO_DATE('10/03/2020', 'DD/MM/YYYY'));
INSERT INTO OperacaoCultura (idOperacao, idParcela, idCultura, dataInicial) VALUES (93, 106, 10, TO_DATE('02/06/2020', 'DD/MM/YYYY'));
INSERT INTO OperacaoCultura (idOperacao, idParcela, idCultura, dataInicial) VALUES (94, 102, 2, TO_DATE('10/10/2016', 'DD/MM/YYYY'));
INSERT INTO OperacaoCultura (idOperacao, idParcela, idCultura, dataInicial) VALUES (95, 102, 1, TO_DATE('06/10/2016', 'DD/MM/YYYY'));
INSERT INTO OperacaoCultura (idOperacao, idParcela, idCultura, dataInicial) VALUES (96, 107, 16, TO_DATE('10/01/2018', 'DD/MM/YYYY'));
INSERT INTO OperacaoCultura (idOperacao, idParcela, idCultura, dataInicial) VALUES (97, 107, 17, TO_DATE('11/01/2018', 'DD/MM/YYYY'));
INSERT INTO OperacaoCultura (idOperacao, idParcela, idCultura, dataInicial) VALUES (98, 103, 14, TO_DATE('05/04/2020', 'DD/MM/YYYY'));
INSERT INTO OperacaoCultura (idOperacao, idParcela, idCultura, dataInicial) VALUES (99, 106, 10, TO_DATE('02/06/2020', 'DD/MM/YYYY'));
INSERT INTO OperacaoCultura (idOperacao, idParcela, idCultura, dataInicial) VALUES (100, 103, 14, TO_DATE('05/04/2020', 'DD/MM/YYYY'));
INSERT INTO OperacaoCultura (idOperacao, idParcela, idCultura, dataInicial) VALUES (101, 102, 2, TO_DATE('10/10/2016', 'DD/MM/YYYY'));
INSERT INTO OperacaoCultura (idOperacao, idParcela, idCultura, dataInicial) VALUES (102, 102, 1, TO_DATE('06/10/2016', 'DD/MM/YYYY'));
INSERT INTO OperacaoCultura (idOperacao, idParcela, idCultura, dataInicial) VALUES (103, 103, 14, TO_DATE('05/04/2020', 'DD/MM/YYYY'));
INSERT INTO OperacaoCultura (idOperacao, idParcela, idCultura, dataInicial) VALUES (104, 107, 16, TO_DATE('10/01/2018', 'DD/MM/YYYY'));
INSERT INTO OperacaoCultura (idOperacao, idParcela, idCultura, dataInicial) VALUES (105, 107, 17, TO_DATE('11/01/2018', 'DD/MM/YYYY'));
INSERT INTO OperacaoCultura (idOperacao, idParcela, idCultura, dataInicial) VALUES (106, 106, 10, TO_DATE('02/06/2020', 'DD/MM/YYYY'));
INSERT INTO OperacaoCultura (idOperacao, idParcela, idCultura, dataInicial) VALUES (107, 103, 14, TO_DATE('05/04/2020', 'DD/MM/YYYY'));
INSERT INTO OperacaoCultura (idOperacao, idParcela, idCultura, dataInicial) VALUES (108, 106, 10, TO_DATE('02/06/2020', 'DD/MM/YYYY'));
INSERT INTO OperacaoCultura (idOperacao, idParcela, idCultura, dataInicial) VALUES (109, 106, 10, TO_DATE('02/06/2020', 'DD/MM/YYYY'));
INSERT INTO OperacaoCultura (idOperacao, idParcela, idCultura, dataInicial) VALUES (110, 106, 11, TO_DATE('20/09/2020', 'DD/MM/YYYY'));
INSERT INTO OperacaoCultura (idOperacao, idParcela, idCultura, dataInicial) VALUES (111, 101, 6, TO_DATE('10/10/2020', 'DD/MM/YYYY'));
INSERT INTO OperacaoCultura (idOperacao, idParcela, idCultura, dataInicial) VALUES (112, 103, 6, TO_DATE('12/10/2020', 'DD/MM/YYYY'));
INSERT INTO OperacaoCultura (idOperacao, idParcela, idCultura, dataInicial) VALUES (113, 102, 1, TO_DATE('06/10/2016', 'DD/MM/YYYY'));
INSERT INTO OperacaoCultura (idOperacao, idParcela, idCultura, dataInicial) VALUES (114, 102, 2, TO_DATE('10/10/2016', 'DD/MM/YYYY'));
INSERT INTO OperacaoCultura (idOperacao, idParcela, idCultura, dataInicial) VALUES (115, 106, 11, TO_DATE('20/09/2020', 'DD/MM/YYYY'));
INSERT INTO OperacaoCultura (idOperacao, idParcela, idCultura, dataInicial) VALUES (116, 104, 5, TO_DATE('08/01/2017', 'DD/MM/YYYY'));
INSERT INTO OperacaoCultura (idOperacao, idParcela, idCultura, dataInicial) VALUES (117, 104, 5, TO_DATE('10/12/2018', 'DD/MM/YYYY'));
INSERT INTO OperacaoCultura (idOperacao, idParcela, idCultura, dataInicial) VALUES (118, 104, 3, TO_DATE('07/01/2017', 'DD/MM/YYYY'));
INSERT INTO OperacaoCultura (idOperacao, idParcela, idCultura, dataInicial) VALUES (119, 102, 1, TO_DATE('06/10/2016', 'DD/MM/YYYY'));
INSERT INTO OperacaoCultura (idOperacao, idParcela, idCultura, dataInicial) VALUES (120, 102, 2, TO_DATE('10/10/2016', 'DD/MM/YYYY'));
INSERT INTO OperacaoCultura (idOperacao, idParcela, idCultura, dataInicial) VALUES (121, 104, 3, TO_DATE('07/01/2017', 'DD/MM/YYYY'));
INSERT INTO OperacaoCultura (idOperacao, idParcela, idCultura, dataInicial) VALUES (122, 104, 4, TO_DATE('08/01/2017', 'DD/MM/YYYY'));
INSERT INTO OperacaoCultura (idOperacao, idParcela, idCultura, dataInicial) VALUES (123, 107, 16, TO_DATE('10/01/2018', 'DD/MM/YYYY'));
INSERT INTO OperacaoCultura (idOperacao, idParcela, idCultura, dataInicial) VALUES (124, 106, 11, TO_DATE('20/09/2020', 'DD/MM/YYYY'));
INSERT INTO OperacaoCultura (idOperacao, idParcela, idCultura, dataInicial) VALUES (125, 107, 17, TO_DATE('11/01/2018', 'DD/MM/YYYY'));
INSERT INTO OperacaoCultura (idOperacao, idParcela, idCultura, dataInicial) VALUES (126, 106, 11, TO_DATE('20/09/2020', 'DD/MM/YYYY'));
INSERT INTO OperacaoCultura (idOperacao, idParcela, idCultura, dataInicial) VALUES (127, 107, 16, TO_DATE('10/01/2018', 'DD/MM/YYYY'));
INSERT INTO OperacaoCultura (idOperacao, idParcela, idCultura, dataInicial) VALUES (128, 107, 17, TO_DATE('11/01/2018', 'DD/MM/YYYY'));
INSERT INTO OperacaoCultura (idOperacao, idParcela, idCultura, dataInicial) VALUES (129, 106, 12, TO_DATE('10/03/2021', 'DD/MM/YYYY'));
INSERT INTO OperacaoCultura (idOperacao, idParcela, idCultura, dataInicial) VALUES (130, 103, 6, TO_DATE('12/10/2020', 'DD/MM/YYYY'));
INSERT INTO OperacaoCultura (idOperacao, idParcela, idCultura, dataInicial) VALUES (131, 101, 6, TO_DATE('10/10/2020', 'DD/MM/YYYY'));
INSERT INTO OperacaoCultura (idOperacao, idParcela, idCultura, dataInicial) VALUES (132, 103, 14, TO_DATE('03/04/2021', 'DD/MM/YYYY'));
INSERT INTO OperacaoCultura (idOperacao, idParcela, idCultura, dataInicial) VALUES (133, 101, 7, TO_DATE('10/04/2021', 'DD/MM/YYYY'));
INSERT INTO OperacaoCultura (idOperacao, idParcela, idCultura, dataInicial) VALUES (134, 104, 3, TO_DATE('07/01/2017', 'DD/MM/YYYY'));
INSERT INTO OperacaoCultura (idOperacao, idParcela, idCultura, dataInicial) VALUES (135, 104, 4, TO_DATE('08/01/2017', 'DD/MM/YYYY'));
INSERT INTO OperacaoCultura (idOperacao, idParcela, idCultura, dataInicial) VALUES (136, 104, 5, TO_DATE('08/01/2017', 'DD/MM/YYYY'));
INSERT INTO OperacaoCultura (idOperacao, idParcela, idCultura, dataInicial) VALUES (137, 104, 5, TO_DATE('10/12/2018', 'DD/MM/YYYY'));
INSERT INTO OperacaoCultura (idOperacao, idParcela, idCultura, dataInicial) VALUES (138, 106, 12, TO_DATE('10/03/2021', 'DD/MM/YYYY'));
INSERT INTO OperacaoCultura (idOperacao, idParcela, idCultura, dataInicial) VALUES (139, 106, 12, TO_DATE('10/03/2021', 'DD/MM/YYYY'));
INSERT INTO OperacaoCultura (idOperacao, idParcela, idCultura, dataInicial) VALUES (140, 106, 13, TO_DATE('02/06/2021', 'DD/MM/YYYY'));
INSERT INTO OperacaoCultura (idOperacao, idParcela, idCultura, dataInicial) VALUES (141, 106, 13, TO_DATE('02/06/2021', 'DD/MM/YYYY'));
INSERT INTO OperacaoCultura (idOperacao, idParcela, idCultura, dataInicial) VALUES (142, 102, 2, TO_DATE('10/10/2016', 'DD/MM/YYYY'));
INSERT INTO OperacaoCultura (idOperacao, idParcela, idCultura, dataInicial) VALUES (143, 102, 1, TO_DATE('06/10/2016', 'DD/MM/YYYY'));
INSERT INTO OperacaoCultura (idOperacao, idParcela, idCultura, dataInicial) VALUES (144, 104, 3, TO_DATE('07/01/2017', 'DD/MM/YYYY'));
INSERT INTO OperacaoCultura (idOperacao, idParcela, idCultura, dataInicial) VALUES (145, 104, 4, TO_DATE('08/01/2017', 'DD/MM/YYYY'));
INSERT INTO OperacaoCultura (idOperacao, idParcela, idCultura, dataInicial) VALUES (146, 104, 5, TO_DATE('08/01/2017', 'DD/MM/YYYY'));
INSERT INTO OperacaoCultura (idOperacao, idParcela, idCultura, dataInicial) VALUES (147, 104, 5, TO_DATE('10/12/2018', 'DD/MM/YYYY'));
INSERT INTO OperacaoCultura (idOperacao, idParcela, idCultura, dataInicial) VALUES (148, 106, 13, TO_DATE('02/06/2021', 'DD/MM/YYYY'));
INSERT INTO OperacaoCultura (idOperacao, idParcela, idCultura, dataInicial) VALUES (149, 107, 16, TO_DATE('10/01/2018', 'DD/MM/YYYY'));
INSERT INTO OperacaoCultura (idOperacao, idParcela, idCultura, dataInicial) VALUES (150, 107, 17, TO_DATE('11/01/2018', 'DD/MM/YYYY'));
INSERT INTO OperacaoCultura (idOperacao, idParcela, idCultura, dataInicial) VALUES (151, 103, 14, TO_DATE('03/04/2021', 'DD/MM/YYYY'));
INSERT INTO OperacaoCultura (idOperacao, idParcela, idCultura, dataInicial) VALUES (152, 107, 16, TO_DATE('10/01/2018', 'DD/MM/YYYY'));
INSERT INTO OperacaoCultura (idOperacao, idParcela, idCultura, dataInicial) VALUES (153, 107, 16, TO_DATE('10/01/2018', 'DD/MM/YYYY'));
INSERT INTO OperacaoCultura (idOperacao, idParcela, idCultura, dataInicial) VALUES (154, 103, 14, TO_DATE('03/04/2021', 'DD/MM/YYYY'));
INSERT INTO OperacaoCultura (idOperacao, idParcela, idCultura, dataInicial) VALUES (155, 104, 3, TO_DATE('07/01/2017', 'DD/MM/YYYY'));
INSERT INTO OperacaoCultura (idOperacao, idParcela, idCultura, dataInicial) VALUES (156, 104, 4, TO_DATE('08/01/2017', 'DD/MM/YYYY'));
INSERT INTO OperacaoCultura (idOperacao, idParcela, idCultura, dataInicial) VALUES (157, 104, 5, TO_DATE('08/01/2017', 'DD/MM/YYYY'));
INSERT INTO OperacaoCultura (idOperacao, idParcela, idCultura, dataInicial) VALUES (158, 104, 5, TO_DATE('10/12/2018', 'DD/MM/YYYY'));
INSERT INTO OperacaoCultura (idOperacao, idParcela, idCultura, dataInicial) VALUES (159, 106, 13, TO_DATE('02/06/2021', 'DD/MM/YYYY'));
INSERT INTO OperacaoCultura (idOperacao, idParcela, idCultura, dataInicial) VALUES (160, 103, 14, TO_DATE('03/04/2021', 'DD/MM/YYYY'));
INSERT INTO OperacaoCultura (idOperacao, idParcela, idCultura, dataInicial) VALUES (161, 102, 2, TO_DATE('10/10/2016', 'DD/MM/YYYY'));
INSERT INTO OperacaoCultura (idOperacao, idParcela, idCultura, dataInicial) VALUES (162, 102, 1, TO_DATE('06/10/2016', 'DD/MM/YYYY'));
INSERT INTO OperacaoCultura (idOperacao, idParcela, idCultura, dataInicial) VALUES (163, 101, 7, TO_DATE('10/04/2021', 'DD/MM/YYYY'));
INSERT INTO OperacaoCultura (idOperacao, idParcela, idCultura, dataInicial) VALUES (164, 106, 13, TO_DATE('02/06/2021', 'DD/MM/YYYY'));
INSERT INTO OperacaoCultura (idOperacao, idParcela, idCultura, dataInicial) VALUES (165, 104, 5, TO_DATE('08/01/2017', 'DD/MM/YYYY'));
INSERT INTO OperacaoCultura (idOperacao, idParcela, idCultura, dataInicial) VALUES (166, 104, 5, TO_DATE('10/12/2018', 'DD/MM/YYYY'));
INSERT INTO OperacaoCultura (idOperacao, idParcela, idCultura, dataInicial) VALUES (167, 103, 14, TO_DATE('03/04/2021', 'DD/MM/YYYY'));
INSERT INTO OperacaoCultura (idOperacao, idParcela, idCultura, dataInicial) VALUES (168, 106, 13, TO_DATE('02/06/2021', 'DD/MM/YYYY'));
INSERT INTO OperacaoCultura (idOperacao, idParcela, idCultura, dataInicial) VALUES (169, 104, 5, TO_DATE('08/01/2017', 'DD/MM/YYYY'));
INSERT INTO OperacaoCultura (idOperacao, idParcela, idCultura, dataInicial) VALUES (170, 104, 5, TO_DATE('10/12/2018', 'DD/MM/YYYY'));
INSERT INTO OperacaoCultura (idOperacao, idParcela, idCultura, dataInicial) VALUES (171, 106, 13, TO_DATE('02/06/2021', 'DD/MM/YYYY'));
INSERT INTO OperacaoCultura (idOperacao, idParcela, idCultura, dataInicial) VALUES (172, 104, 3, TO_DATE('07/01/2017', 'DD/MM/YYYY'));
INSERT INTO OperacaoCultura (idOperacao, idParcela, idCultura, dataInicial) VALUES (173, 106, 11, TO_DATE('20/09/2021', 'DD/MM/YYYY'));
INSERT INTO OperacaoCultura (idOperacao, idParcela, idCultura, dataInicial) VALUES (174, 104, 3, TO_DATE('07/01/2017', 'DD/MM/YYYY'));
INSERT INTO OperacaoCultura (idOperacao, idParcela, idCultura, dataInicial) VALUES (175, 101, 6, TO_DATE('03/10/2021', 'DD/MM/YYYY'));
INSERT INTO OperacaoCultura (idOperacao, idParcela, idCultura, dataInicial) VALUES (176, 103, 6, TO_DATE('06/10/2021', 'DD/MM/YYYY'));
INSERT INTO OperacaoCultura (idOperacao, idParcela, idCultura, dataInicial) VALUES (177, 104, 4, TO_DATE('08/01/2017', 'DD/MM/YYYY'));
INSERT INTO OperacaoCultura (idOperacao, idParcela, idCultura, dataInicial) VALUES (178, 104, 4, TO_DATE('08/01/2017', 'DD/MM/YYYY'));
INSERT INTO OperacaoCultura (idOperacao, idParcela, idCultura, dataInicial) VALUES (179, 102, 1, TO_DATE('06/10/2016', 'DD/MM/YYYY'));
INSERT INTO OperacaoCultura (idOperacao, idParcela, idCultura, dataInicial) VALUES (180, 102, 2, TO_DATE('10/10/2016', 'DD/MM/YYYY'));
INSERT INTO OperacaoCultura (idOperacao, idParcela, idCultura, dataInicial) VALUES (181, 106, 11, TO_DATE('20/09/2021', 'DD/MM/YYYY'));
INSERT INTO OperacaoCultura (idOperacao, idParcela, idCultura, dataInicial) VALUES (182, 102, 1, TO_DATE('06/10/2016', 'DD/MM/YYYY'));
INSERT INTO OperacaoCultura (idOperacao, idParcela, idCultura, dataInicial) VALUES (183, 102, 2, TO_DATE('10/10/2016', 'DD/MM/YYYY'));
INSERT INTO OperacaoCultura (idOperacao, idParcela, idCultura, dataInicial) VALUES (184, 104, 5, TO_DATE('08/01/2017', 'DD/MM/YYYY'));
INSERT INTO OperacaoCultura (idOperacao, idParcela, idCultura, dataInicial) VALUES (185, 104, 5, TO_DATE('10/12/2018', 'DD/MM/YYYY'));
INSERT INTO OperacaoCultura (idOperacao, idParcela, idCultura, dataInicial) VALUES (186, 104, 3, TO_DATE('07/01/2017', 'DD/MM/YYYY'));
INSERT INTO OperacaoCultura (idOperacao, idParcela, idCultura, dataInicial) VALUES (187, 107, 16, TO_DATE('10/01/2018', 'DD/MM/YYYY'));
INSERT INTO OperacaoCultura (idOperacao, idParcela, idCultura, dataInicial) VALUES (188, 104, 4, TO_DATE('08/01/2017', 'DD/MM/YYYY'));
INSERT INTO OperacaoCultura (idOperacao, idParcela, idCultura, dataInicial) VALUES (189, 106, 11, TO_DATE('20/09/2021', 'DD/MM/YYYY'));
INSERT INTO OperacaoCultura (idOperacao, idParcela, idCultura, dataInicial) VALUES (190, 107, 17, TO_DATE('11/01/2018', 'DD/MM/YYYY'));
INSERT INTO OperacaoCultura (idOperacao, idParcela, idCultura, dataInicial) VALUES (191, 106, 11, TO_DATE('20/09/2021', 'DD/MM/YYYY'));
INSERT INTO OperacaoCultura (idOperacao, idParcela, idCultura, dataInicial) VALUES (192, 107, 16, TO_DATE('10/01/2018', 'DD/MM/YYYY'));
INSERT INTO OperacaoCultura (idOperacao, idParcela, idCultura, dataInicial) VALUES (193, 107, 17, TO_DATE('11/01/2018', 'DD/MM/YYYY'));
INSERT INTO OperacaoCultura (idOperacao, idParcela, idCultura, dataInicial) VALUES (194, 106, 12, TO_DATE('06/03/2022', 'DD/MM/YYYY'));
INSERT INTO OperacaoCultura (idOperacao, idParcela, idCultura, dataInicial) VALUES (195, 103, 6, TO_DATE('06/10/2021', 'DD/MM/YYYY'));
INSERT INTO OperacaoCultura (idOperacao, idParcela, idCultura, dataInicial) VALUES (196, 101, 6, TO_DATE('03/10/2021', 'DD/MM/YYYY'));
INSERT INTO OperacaoCultura (idOperacao, idParcela, idCultura, dataInicial) VALUES (197, 103, 14, TO_DATE('08/04/2022', 'DD/MM/YYYY'));
INSERT INTO OperacaoCultura (idOperacao, idParcela, idCultura, dataInicial) VALUES (198, 101, 7, TO_DATE('15/04/2022', 'DD/MM/YYYY'));
INSERT INTO OperacaoCultura (idOperacao, idParcela, idCultura, dataInicial) VALUES (199, 106, 12, TO_DATE('06/03/2022', 'DD/MM/YYYY'));
INSERT INTO OperacaoCultura (idOperacao, idParcela, idCultura, dataInicial) VALUES (200, 104, 3, TO_DATE('07/01/2017', 'DD/MM/YYYY'));
INSERT INTO OperacaoCultura (idOperacao, idParcela, idCultura, dataInicial) VALUES (201, 104, 4, TO_DATE('08/01/2017', 'DD/MM/YYYY'));
INSERT INTO OperacaoCultura (idOperacao, idParcela, idCultura, dataInicial) VALUES (202, 104, 5, TO_DATE('08/01/2017', 'DD/MM/YYYY'));
INSERT INTO OperacaoCultura (idOperacao, idParcela, idCultura, dataInicial) VALUES (203, 104, 5, TO_DATE('10/12/2018', 'DD/MM/YYYY'));
INSERT INTO OperacaoCultura (idOperacao, idParcela, idCultura, dataInicial) VALUES (204, 106, 12, TO_DATE('06/03/2022', 'DD/MM/YYYY'));
INSERT INTO OperacaoCultura (idOperacao, idParcela, idCultura, dataInicial) VALUES (205, 106, 10, TO_DATE('30/05/2022', 'DD/MM/YYYY'));
INSERT INTO OperacaoCultura (idOperacao, idParcela, idCultura, dataInicial) VALUES (206, 104, 3, TO_DATE('07/01/2017', 'DD/MM/YYYY'));
INSERT INTO OperacaoCultura (idOperacao, idParcela, idCultura, dataInicial) VALUES (207, 104, 4, TO_DATE('08/01/2017', 'DD/MM/YYYY'));
INSERT INTO OperacaoCultura (idOperacao, idParcela, idCultura, dataInicial) VALUES (208, 104, 5, TO_DATE('08/01/2017', 'DD/MM/YYYY'));
INSERT INTO OperacaoCultura (idOperacao, idParcela, idCultura, dataInicial) VALUES (209, 104, 5, TO_DATE('10/12/2018', 'DD/MM/YYYY'));
INSERT INTO OperacaoCultura (idOperacao, idParcela, idCultura, dataInicial) VALUES (210, 106, 10, TO_DATE('30/05/2022', 'DD/MM/YYYY'));
INSERT INTO OperacaoCultura (idOperacao, idParcela, idCultura, dataInicial) VALUES (211, 104, 3, TO_DATE('07/01/2017', 'DD/MM/YYYY'));
INSERT INTO OperacaoCultura (idOperacao, idParcela, idCultura, dataInicial) VALUES (212, 104, 4, TO_DATE('08/01/2017', 'DD/MM/YYYY'));
INSERT INTO OperacaoCultura (idOperacao, idParcela, idCultura, dataInicial) VALUES (213, 104, 5, TO_DATE('08/01/2017', 'DD/MM/YYYY'));
INSERT INTO OperacaoCultura (idOperacao, idParcela, idCultura, dataInicial) VALUES (214, 104, 5, TO_DATE('10/12/2018', 'DD/MM/YYYY'));
INSERT INTO OperacaoCultura (idOperacao, idParcela, idCultura, dataInicial) VALUES (215, 102, 2, TO_DATE('10/10/2016', 'DD/MM/YYYY'));
INSERT INTO OperacaoCultura (idOperacao, idParcela, idCultura, dataInicial) VALUES (216, 102, 1, TO_DATE('06/10/2016', 'DD/MM/YYYY'));
INSERT INTO OperacaoCultura (idOperacao, idParcela, idCultura, dataInicial) VALUES (217, 107, 17, TO_DATE('11/01/2018', 'DD/MM/YYYY'));
INSERT INTO OperacaoCultura (idOperacao, idParcela, idCultura, dataInicial) VALUES (218, 103, 14, TO_DATE('08/04/2022', 'DD/MM/YYYY'));
INSERT INTO OperacaoCultura (idOperacao, idParcela, idCultura, dataInicial) VALUES (219, 106, 10, TO_DATE('30/05/2022', 'DD/MM/YYYY'));
INSERT INTO OperacaoCultura (idOperacao, idParcela, idCultura, dataInicial) VALUES (220, 107, 16, TO_DATE('10/01/2018', 'DD/MM/YYYY'));
INSERT INTO OperacaoCultura (idOperacao, idParcela, idCultura, dataInicial) VALUES (221, 107, 16, TO_DATE('10/01/2018', 'DD/MM/YYYY'));
INSERT INTO OperacaoCultura (idOperacao, idParcela, idCultura, dataInicial) VALUES (222, 103, 14, TO_DATE('08/04/2022', 'DD/MM/YYYY'));
INSERT INTO OperacaoCultura (idOperacao, idParcela, idCultura, dataInicial) VALUES (223, 104, 3, TO_DATE('07/01/2017', 'DD/MM/YYYY'));
INSERT INTO OperacaoCultura (idOperacao, idParcela, idCultura, dataInicial) VALUES (224, 104, 4, TO_DATE('08/01/2017', 'DD/MM/YYYY'));
INSERT INTO OperacaoCultura (idOperacao, idParcela, idCultura, dataInicial) VALUES (225, 104, 5, TO_DATE('08/01/2017', 'DD/MM/YYYY'));
INSERT INTO OperacaoCultura (idOperacao, idParcela, idCultura, dataInicial) VALUES (226, 104, 5, TO_DATE('10/12/2018', 'DD/MM/YYYY'));
INSERT INTO OperacaoCultura (idOperacao, idParcela, idCultura, dataInicial) VALUES (227, 106, 10, TO_DATE('30/05/2022', 'DD/MM/YYYY'));
INSERT INTO OperacaoCultura (idOperacao, idParcela, idCultura, dataInicial) VALUES (228, 103, 14, TO_DATE('08/04/2022', 'DD/MM/YYYY'));
INSERT INTO OperacaoCultura (idOperacao, idParcela, idCultura, dataInicial) VALUES (229, 102, 2, TO_DATE('10/10/2016', 'DD/MM/YYYY'));
INSERT INTO OperacaoCultura (idOperacao, idParcela, idCultura, dataInicial) VALUES (230, 102, 1, TO_DATE('06/10/2016', 'DD/MM/YYYY'));
INSERT INTO OperacaoCultura (idOperacao, idParcela, idCultura, dataInicial) VALUES (231, 107, 17, TO_DATE('11/01/2018', 'DD/MM/YYYY'));
INSERT INTO OperacaoCultura (idOperacao, idParcela, idCultura, dataInicial) VALUES (232, 107, 17, TO_DATE('11/01/2018', 'DD/MM/YYYY'));
INSERT INTO OperacaoCultura (idOperacao, idParcela, idCultura, dataInicial) VALUES (233, 101, 7, TO_DATE('15/04/2022', 'DD/MM/YYYY'));
INSERT INTO OperacaoCultura (idOperacao, idParcela, idCultura, dataInicial) VALUES (234, 106, 10, TO_DATE('30/05/2022', 'DD/MM/YYYY'));
INSERT INTO OperacaoCultura (idOperacao, idParcela, idCultura, dataInicial) VALUES (235, 103, 14, TO_DATE('08/04/2022', 'DD/MM/YYYY'));
INSERT INTO OperacaoCultura (idOperacao, idParcela, idCultura, dataInicial) VALUES (236, 104, 5, TO_DATE('08/01/2017', 'DD/MM/YYYY'));
INSERT INTO OperacaoCultura (idOperacao, idParcela, idCultura, dataInicial) VALUES (237, 104, 5, TO_DATE('10/12/2018', 'DD/MM/YYYY'));
INSERT INTO OperacaoCultura (idOperacao, idParcela, idCultura, dataInicial) VALUES (238, 106, 10, TO_DATE('30/05/2022', 'DD/MM/YYYY'));
INSERT INTO OperacaoCultura (idOperacao, idParcela, idCultura, dataInicial) VALUES (239, 106, 10, TO_DATE('30/05/2022', 'DD/MM/YYYY'));
INSERT INTO OperacaoCultura (idOperacao, idParcela, idCultura, dataInicial) VALUES (240, 104, 5, TO_DATE('08/01/2017', 'DD/MM/YYYY'));
INSERT INTO OperacaoCultura (idOperacao, idParcela, idCultura, dataInicial) VALUES (241, 104, 5, TO_DATE('10/12/2018', 'DD/MM/YYYY'));
INSERT INTO OperacaoCultura (idOperacao, idParcela, idCultura, dataInicial) VALUES (242, 104, 3, TO_DATE('07/01/2017', 'DD/MM/YYYY'));
INSERT INTO OperacaoCultura (idOperacao, idParcela, idCultura, dataInicial) VALUES (243, 104, 3, TO_DATE('07/01/2017', 'DD/MM/YYYY'));
INSERT INTO OperacaoCultura (idOperacao, idParcela, idCultura, dataInicial) VALUES (244, 106, 15, TO_DATE('20/09/2022', 'DD/MM/YYYY'));
INSERT INTO OperacaoCultura (idOperacao, idParcela, idCultura, dataInicial) VALUES (245, 103, 6, TO_DATE('12/10/2022', 'DD/MM/YYYY'));
INSERT INTO OperacaoCultura (idOperacao, idParcela, idCultura, dataInicial) VALUES (246, 104, 4, TO_DATE('08/01/2017', 'DD/MM/YYYY'));
INSERT INTO OperacaoCultura (idOperacao, idParcela, idCultura, dataInicial) VALUES (247, 104, 4, TO_DATE('08/01/2017', 'DD/MM/YYYY'));
INSERT INTO OperacaoCultura (idOperacao, idParcela, idCultura, dataInicial) VALUES (248, 102, 1, TO_DATE('06/10/2016', 'DD/MM/YYYY'));
INSERT INTO OperacaoCultura (idOperacao, idParcela, idCultura, dataInicial) VALUES (249, 102, 2, TO_DATE('10/10/2016', 'DD/MM/YYYY'));
INSERT INTO OperacaoCultura (idOperacao, idParcela, idCultura, dataInicial) VALUES (250, 102, 1, TO_DATE('06/10/2016', 'DD/MM/YYYY'));
INSERT INTO OperacaoCultura (idOperacao, idParcela, idCultura, dataInicial) VALUES (251, 102, 2, TO_DATE('10/10/2016', 'DD/MM/YYYY'));
INSERT INTO OperacaoCultura (idOperacao, idParcela, idCultura, dataInicial) VALUES (252, 106, 15, TO_DATE('20/09/2022', 'DD/MM/YYYY'));
INSERT INTO OperacaoCultura (idOperacao, idParcela, idCultura, dataInicial) VALUES (253, 104, 5, TO_DATE('08/01/2017', 'DD/MM/YYYY'));
INSERT INTO OperacaoCultura (idOperacao, idParcela, idCultura, dataInicial) VALUES (254, 104, 5, TO_DATE('10/12/2018', 'DD/MM/YYYY'));
INSERT INTO OperacaoCultura (idOperacao, idParcela, idCultura, dataInicial) VALUES (255, 104, 3, TO_DATE('07/01/2017', 'DD/MM/YYYY'));
INSERT INTO OperacaoCultura (idOperacao, idParcela, idCultura, dataInicial) VALUES (256, 102, 1, TO_DATE('06/10/2016', 'DD/MM/YYYY'));
INSERT INTO OperacaoCultura (idOperacao, idParcela, idCultura, dataInicial) VALUES (257, 102, 2, TO_DATE('10/10/2016', 'DD/MM/YYYY'));
INSERT INTO OperacaoCultura (idOperacao, idParcela, idCultura, dataInicial) VALUES (258, 107, 16, TO_DATE('10/01/2018', 'DD/MM/YYYY'));
INSERT INTO OperacaoCultura (idOperacao, idParcela, idCultura, dataInicial) VALUES (259, 106, 15, TO_DATE('20/09/2022', 'DD/MM/YYYY'));
INSERT INTO OperacaoCultura (idOperacao, idParcela, idCultura, dataInicial) VALUES (260, 107, 17, TO_DATE('11/01/2018', 'DD/MM/YYYY'));
INSERT INTO OperacaoCultura (idOperacao, idParcela, idCultura, dataInicial) VALUES (261, 104, 4, TO_DATE('08/01/2017', 'DD/MM/YYYY'));
INSERT INTO OperacaoCultura (idOperacao, idParcela, idCultura, dataInicial) VALUES (262, 106, 15, TO_DATE('20/09/2022', 'DD/MM/YYYY'));
INSERT INTO OperacaoCultura (idOperacao, idParcela, idCultura, dataInicial) VALUES (263, 107, 16, TO_DATE('10/01/2018', 'DD/MM/YYYY'));
INSERT INTO OperacaoCultura (idOperacao, idParcela, idCultura, dataInicial) VALUES (264, 107, 17, TO_DATE('11/01/2018', 'DD/MM/YYYY'));
INSERT INTO OperacaoCultura (idOperacao, idParcela, idCultura, dataInicial) VALUES (265, 103, 6, TO_DATE('12/10/2022', 'DD/MM/YYYY'));

INSERT INTO OperacaoParcela (idOperacao, idParcela) VALUES (89, 103);

INSERT INTO Stock(idStock,idEdificio,designacaoUnidade,quantidade) VALUES (1, 202, 'kg',830);
INSERT INTO Stock(idStock,idEdificio,designacaoUnidade,quantidade) VALUES (2, 202, 'kg',14309);
INSERT INTO Stock(idStock,idEdificio,designacaoUnidade,quantidade) VALUES (3, 202, 'kg',0);
INSERT INTO Stock(idStock,idEdificio,designacaoUnidade,quantidade) VALUES (4, 202, 'kg',16700);
INSERT INTO Stock(idStock,idEdificio,designacaoUnidade,quantidade) VALUES (5, 202, 'kg',18100);
INSERT INTO Stock(idStock,idEdificio,designacaoUnidade,quantidade) VALUES (6, 202, 'kg',12500);
INSERT INTO Stock(idStock,idEdificio,designacaoUnidade,quantidade) VALUES (7, 202, 'kg',3600);
INSERT INTO Stock(idStock,idEdificio,designacaoUnidade,quantidade) VALUES (8, 202, 'kg',0);


INSERT INTO Produto(nomeProduto, idStock) VALUES ('Azeitona', 1);
INSERT INTO Produto(nomeProduto, idStock) VALUES ('Maçã', 1);
INSERT INTO Produto(nomeProduto, idStock) VALUES ('Milho', 1);
INSERT INTO Produto(nomeProduto, idStock) VALUES ('Cenoura', 1);
INSERT INTO Produto(nomeProduto, idStock) VALUES ('Nabo', 1);
INSERT INTO Produto(nomeProduto, idStock) VALUES ('Uvas', 1);

INSERT INTO Producao(idCultura,nomeProduto) VALUES (1, 'Azeitona');
INSERT INTO Producao(idCultura,nomeProduto) VALUES (2, 'Azeitona');
INSERT INTO Producao(idCultura,nomeProduto) VALUES (3, 'Maçã');
INSERT INTO Producao(idCultura,nomeProduto) VALUES (4, 'Maçã');
INSERT INTO Producao(idCultura,nomeProduto) VALUES (5, 'Maçã');
INSERT INTO Producao(idCultura,nomeProduto) VALUES (6, 'Milho');
INSERT INTO Producao(idCultura,nomeProduto) VALUES (7, 'Cenoura');
INSERT INTO Producao(idCultura,nomeProduto) VALUES (8, 'Nabo');
INSERT INTO Producao(idCultura,nomeProduto) VALUES (9, 'Cenoura');
INSERT INTO Producao(idCultura,nomeProduto) VALUES (10, 'Cenoura');
INSERT INTO Producao(idCultura,nomeProduto) VALUES (11, 'Maçã');
INSERT INTO Producao(idCultura,nomeProduto) VALUES (12, 'Cenoura');

INSERT INTO FatorProducao(nomeComercial, idFichaTecnica, idStock, classificacao, estadoMateria, metodoAplicacao, fabricante) VALUES ('Calda Bordalesa ASCENZA', 1, 8, 'Fitofármaco', 'Pó molhável', 'Fungicida', 'ASCENZA');
INSERT INTO FatorProducao(nomeComercial, idFichaTecnica, idStock, classificacao, estadoMateria, metodoAplicacao, fabricante) VALUES ('Enxofre Bayer 80 WG', 2, 8, 'Fitofármaco', 'Pó molhável', 'Fungicida', 'Bayer');
INSERT INTO FatorProducao(nomeComercial, idFichaTecnica, idStock, classificacao, estadoMateria, metodoAplicacao, fabricante) VALUES ('Patentkali', 3, 8, 'Adubo', 'Granulado', 'Adubo solo', 'K+S');
INSERT INTO FatorProducao(nomeComercial, idFichaTecnica, idStock, classificacao, estadoMateria, metodoAplicacao, fabricante) VALUES ('ESTA Kieserit', 4, 8, 'Adubo', 'Granulado', 'Adubo solo', 'K+S');
INSERT INTO FatorProducao(nomeComercial, idFichaTecnica, idStock, classificacao, estadoMateria, metodoAplicacao, fabricante) VALUES ('EPSO Microtop', 5, 8, 'Adubo', 'Granulado', 'Adubo foliar+Fertirrega', 'K+S');
INSERT INTO FatorProducao(nomeComercial, idFichaTecnica, idStock, classificacao, estadoMateria, metodoAplicacao, fabricante) VALUES ('EPSO Top', 6, 8, 'Adubo', 'Granulado', 'Adubo foliar', 'K+S');
INSERT INTO FatorProducao(nomeComercial, idFichaTecnica, idStock, classificacao, estadoMateria, metodoAplicacao, fabricante) VALUES ('Biocal CaCo3', 7, 8, 'Corretor', 'Granulado', 'Correção solo', 'Biocal');
INSERT INTO FatorProducao(nomeComercial, idFichaTecnica, idStock, classificacao, estadoMateria, metodoAplicacao, fabricante) VALUES ('Biocal Composto', 8, 8, 'Corretor', 'Pó', 'Correção solo', 'Biocal');
INSERT INTO FatorProducao(nomeComercial, idFichaTecnica, idStock, classificacao, estadoMateria, metodoAplicacao, fabricante) VALUES ('Sonata', 9, 8, 'Fitofármaco', 'Líquido', 'Fungicida', 'Bayer');
INSERT INTO FatorProducao(nomeComercial, idFichaTecnica, idStock, classificacao, estadoMateria, metodoAplicacao, fabricante) VALUES ('FLiPPER ', 10, 8, 'Fitofármaco', 'Emulsão de óleo em água', 'Insecticida', 'Bayer');
INSERT INTO FatorProducao(nomeComercial, idFichaTecnica, idStock, classificacao, estadoMateria, metodoAplicacao, fabricante) VALUES ('Requiem Prime', 11, 8, 'Fitofármaco', 'Líquido', 'Insecticida', 'Bayer');


INSERT INTO AplicacaoFatorProducao(nomeComercial, idOperacao) VALUES ('Patentkali' ,21);
INSERT INTO AplicacaoFatorProducao(nomeComercial, idOperacao) VALUES ('Patentkali' ,22);
INSERT INTO AplicacaoFatorProducao(nomeComercial, idOperacao) VALUES ('ESTA Kieserit' ,28);
INSERT INTO AplicacaoFatorProducao(nomeComercial, idOperacao) VALUES ('ESTA Kieserit' ,29);
INSERT INTO AplicacaoFatorProducao(nomeComercial, idOperacao) VALUES ('ESTA Kieserit' ,30);
INSERT INTO AplicacaoFatorProducao(nomeComercial, idOperacao) VALUES ('Calda Bordalesa ASCENZA' ,60);
INSERT INTO AplicacaoFatorProducao(nomeComercial, idOperacao) VALUES ('Calda Bordalesa ASCENZA' ,61);
INSERT INTO AplicacaoFatorProducao(nomeComercial, idOperacao) VALUES ('ESTA Kieserit' ,62);
INSERT INTO AplicacaoFatorProducao(nomeComercial, idOperacao) VALUES ('ESTA Kieserit' ,63);
INSERT INTO AplicacaoFatorProducao(nomeComercial, idOperacao) VALUES ('ESTA Kieserit' ,64);
INSERT INTO AplicacaoFatorProducao(nomeComercial, idOperacao) VALUES ('ESTA Kieserit' ,65);
INSERT INTO AplicacaoFatorProducao(nomeComercial, idOperacao) VALUES ('Calda Bordalesa ASCENZA' ,86);
INSERT INTO AplicacaoFatorProducao(nomeComercial, idOperacao) VALUES ('Calda Bordalesa ASCENZA' ,87);
INSERT INTO AplicacaoFatorProducao(nomeComercial, idOperacao) VALUES ('Biocal Composto' ,89);
INSERT INTO AplicacaoFatorProducao(nomeComercial, idOperacao) VALUES ('Patentkali' ,119);
INSERT INTO AplicacaoFatorProducao(nomeComercial, idOperacao) VALUES ('Patentkali' ,120);
INSERT INTO AplicacaoFatorProducao(nomeComercial, idOperacao) VALUES ('Calda Bordalesa ASCENZA' ,127);
INSERT INTO AplicacaoFatorProducao(nomeComercial, idOperacao) VALUES ('Calda Bordalesa ASCENZA' ,128);
INSERT INTO AplicacaoFatorProducao(nomeComercial, idOperacao) VALUES ('EPSO Microtop' ,134);
INSERT INTO AplicacaoFatorProducao(nomeComercial, idOperacao) VALUES ('EPSO Microtop' ,135);
INSERT INTO AplicacaoFatorProducao(nomeComercial, idOperacao) VALUES ('EPSO Microtop' ,136);
INSERT INTO AplicacaoFatorProducao(nomeComercial, idOperacao) VALUES ('EPSO Microtop' ,137);
INSERT INTO AplicacaoFatorProducao(nomeComercial, idOperacao) VALUES ('Calda Bordalesa ASCENZA' ,192);
INSERT INTO AplicacaoFatorProducao(nomeComercial, idOperacao) VALUES ('Calda Bordalesa ASCENZA' ,193);
INSERT INTO AplicacaoFatorProducao(nomeComercial, idOperacao) VALUES ('EPSO Microtop' ,200);
INSERT INTO AplicacaoFatorProducao(nomeComercial, idOperacao) VALUES ('EPSO Microtop' ,201);
INSERT INTO AplicacaoFatorProducao(nomeComercial, idOperacao) VALUES ('EPSO Microtop' ,202);
INSERT INTO AplicacaoFatorProducao(nomeComercial, idOperacao) VALUES ('EPSO Microtop' ,203);
INSERT INTO AplicacaoFatorProducao(nomeComercial, idOperacao) VALUES ('Patentkali' ,256);
INSERT INTO AplicacaoFatorProducao(nomeComercial, idOperacao) VALUES ('Patentkali' ,257);
INSERT INTO AplicacaoFatorProducao(nomeComercial, idOperacao) VALUES ('Calda Bordalesa ASCENZA' ,263);
INSERT INTO AplicacaoFatorProducao(nomeComercial, idOperacao) VALUES ('Calda Bordalesa ASCENZA' ,264);
